  0
SECTION
  2
HEADER
  9
$ACADVER
  1
AC1009
  9
$DWGCODEPAGE
  3
ansi_936
  9
$INSBASE
 10
0.0
 20
0.0
 30
0.0
  9
$EXTMIN
 10
-24.21514671029342
 20
-5.507035707050378
 30
0.0
  9
$EXTMAX
 10
150.8480994161989
 20
179.3690760981522
 30
0.0
  9
$LIMMIN
 10
0.0
 20
0.0
  9
$LIMMAX
 10
12.0
 20
9.0
  9
$ORTHOMODE
 70
     0
  9
$REGENMODE
 70
     1
  9
$FILLMODE
 70
     1
  9
$QTEXTMODE
 70
     0
  9
$MIRRTEXT
 70
     0
  9
$DRAGMODE
 70
     2
  9
$LTSCALE
 40
1.0
  9
$OSMODE
 70
  4133
  9
$ATTMODE
 70
     1
  9
$TEXTSIZE
 40
0.2
  9
$TRACEWID
 40
0.05
  9
$TEXTSTYLE
  7
STANDARD
  9
$CLAYER
  8
0
  9
$CELTYPE
  6
BYLAYER
  9
$CECOLOR
 62
   256
  9
$DIMSCALE
 40
1.0
  9
$DIMASZ
 40
0.18
  9
$DIMEXO
 40
0.0625
  9
$DIMDLI
 40
0.38
  9
$DIMRND
 40
0.0
  9
$DIMDLE
 40
0.0
  9
$DIMEXE
 40
0.18
  9
$DIMTP
 40
0.0
  9
$DIMTM
 40
0.0
  9
$DIMTXT
 40
0.18
  9
$DIMCEN
 40
0.09
  9
$DIMTSZ
 40
0.0
  9
$DIMTOL
 70
     0
  9
$DIMLIM
 70
     0
  9
$DIMTIH
 70
     1
  9
$DIMTOH
 70
     1
  9
$DIMSE1
 70
     0
  9
$DIMSE2
 70
     0
  9
$DIMTAD
 70
     0
  9
$DIMZIN
 70
     0
  9
$DIMTOFFSET
 70
     1
  9
$DIMBLK
  1

  9
$DIMASO
 70
     1
  9
$DIMSHO
 70
     1
  9
$DIMPOST
  1

  9
$DIMAPOST
  1

  9
$DIMALT
 70
     0
  9
$DIMALTD
 70
     2
  9
$DIMALTF
 40
25.4
  9
$DIMLFAC
 40
1.0
  9
$DIMTOFL
 70
     0
  9
$DIMTVP
 40
0.0
  9
$DIMTIX
 70
     0
  9
$DIMSOXD
 70
     0
  9
$DIMSAH
 70
     0
  9
$DIMBLK1
  1

  9
$DIMBLK2
  1

  9
$DIMSTYLE
  2
STANDARD
  9
$DIMCLRD
 70
     0
  9
$DIMCLRE
 70
     0
  9
$DIMCLRT
 70
     0
  9
$DIMTFAC
 40
1.0
  9
$DIMGAP
 40
0.09
  9
$LUNITS
 70
     2
  9
$LUPREC
 70
     4
  9
$SKETCHINC
 40
0.1
  9
$FILLETRAD
 40
0.0
  9
$AUNITS
 70
     0
  9
$AUPREC
 70
     0
  9
$MENU
  1
.
  9
$ELEVATION
 40
0.0
  9
$PELEVATION
 40
0.0
  9
$THICKNESS
 40
0.0
  9
$LIMCHECK
 70
     0
  9
$CHAMFERA
 40
0.0
  9
$CHAMFERB
 40
0.0
  9
$SKPOLY
 70
     0
  9
$TDCREATE
 40
2460560.605914352
  9
$TDUPDATE
 40
2461229.235468403
  9
$TDINDWG
 40
0.0247557292
  9
$TDUSRTIMER
 40
0.024755706
  9
$USRTIMER
 70
     1
  9
$ANGBASE
 50
0.0
  9
$ANGDIR
 70
     0
  9
$PDMODE
 70
     0
  9
$PDSIZE
 40
0.0
  9
$PLINEWID
 40
0.0
  9
$COORDS
 70
     1
  9
$SPLFRAME
 70
     0
  9
$SPLINETYPE
 70
     6
  9
$SPLINESEGS
 70
     8
  9
$ATTDIA
 70
     0
  9
$ATTREQ
 70
     1
  9
$HANDLING
 70
     1
  9
$HANDSEED
  5
1DB4
  9
$SURFTAB1
 70
     6
  9
$SURFTAB2
 70
     6
  9
$SURFTYPE
 70
     6
  9
$SURFU
 70
     6
  9
$SURFV
 70
     6
  9
$UCSNAME
  2

  9
$UCSORG
 10
0.0
 20
0.0
 30
0.0
  9
$UCSXDIR
 10
1.0
 20
0.0
 30
0.0
  9
$UCSYDIR
 10
0.0
 20
1.0
 30
0.0
  9
$PUCSNAME
  2

  9
$PUCSORG
 10
0.0
 20
0.0
 30
0.0
  9
$PUCSXDIR
 10
1.0
 20
0.0
 30
0.0
  9
$PUCSYDIR
 10
0.0
 20
1.0
 30
0.0
  9
$USERI1
 70
     0
  9
$USERI2
 70
     0
  9
$USERI3
 70
     0
  9
$USERI4
 70
     0
  9
$USERI5
 70
     0
  9
$USERR1
 40
0.0
  9
$USERR2
 40
0.0
  9
$USERR3
 40
0.0
  9
$USERR4
 40
0.0
  9
$USERR5
 40
0.0
  9
$WORLDVIEW
 70
     1
  9
$SHADEDGE
 70
     3
  9
$SHADEDIF
 70
    70
  9
$TILEMODE
 70
     1
  9
$MAXACTVP
 70
    64
  9
$PLIMCHECK
 70
     0
  9
$PEXTMIN
 10
0.0
 20
0.0
 30
0.0
  9
$PEXTMAX
 10
0.0
 20
0.0
 30
0.0
  9
$PLIMMIN
 10
0.0
 20
0.0
  9
$PLIMMAX
 10
12.0
 20
9.0
  9
$UNITMODE
 70
     0
  9
$VISRETAIN
 70
     1
  9
$PLINEGEN
 70
     0
  9
$PSLTSCALE
 70
     1
  0
ENDSEC
  0
SECTION
  2
TABLES
  0
TABLE
  2
VPORT
 70
     1
  0
VPORT
  2
*ACTIVE
 70
     0
 10
0.0
 20
0.0
 11
1.0
 21
1.0
 12
19.84003047729828
 22
159.6740735797791
 13
0.0
 23
0.0
 14
0.5
 24
0.5
 15
0.5
 25
0.5
 16
0.0
 26
0.0
 36
1.0
 17
0.0
 27
0.0
 37
0.0
 40
125.5327990114812
 41
2.260869565217391
 42
50.0
 43
0.0
 44
0.0
 50
0.0
 51
0.0
 71
     0
 72
  1000
 73
     1
 74
     3
 75
     0
 76
     1
 77
     0
 78
     0
  0
ENDTAB
  0
TABLE
  2
LTYPE
 70
     3
  0
LTYPE
  2
CONTINUOUS
 70
     0
  3
Solid line
 72
    65
 73
     0
 40
0.0
  0
LTYPE
  2
DASHED
 70
     0
  3
Dashed __ __ __ __ __ __ __ __ __ __ __ __ __ _
 72
    65
 73
     2
 40
19.05
 49
12.7
 49
-6.35
  0
LTYPE
  2
PHANTOM2
 70
     0
  3
Phantom (.5x) ___ _ _ ___ _ _ ___ _ _ ___ _ _ _
 72
    65
 73
     6
 40
31.75
 49
15.875
 49
-3.175
 49
3.175
 49
-3.175
 49
3.175
 49
-3.175
  0
ENDTAB
  0
TABLE
  2
LAYER
 70
     5
  0
LAYER
  2
TOP-ASSEMBLY-LAYER
 70
     0
 62
   113
  6
CONTINUOUS
  0
LAYER
  2
BOARD-OUTLINE-LAYER
 70
     0
 62
     6
  6
CONTINUOUS
  0
LAYER
  2
DOCUMENT-LAYER
 70
     0
 62
     7
  6
CONTINUOUS
  0
LAYER
  2
0
 70
     0
 62
     7
  6
CONTINUOUS
  0
LAYER
  2
GSTARFASTVIEW4_2-ABCDEFGHI
 70
     0
 62
     7
  6
CONTINUOUS
  0
ENDTAB
  0
TABLE
  2
STYLE
 70
     3
  0
STYLE
  2
STANDARD
 70
     0
 40
0.0
 41
1.0
 50
0.0
 71
     0
 42
0.2
  3
arial.ttf
  4

  0
STYLE
  2
ANNOTATIVE
 70
     0
 40
0.0
 41
1.0
 50
0.0
 71
     0
 42
0.2
  3
arial.ttf
  4

  0
STYLE
  2
GSTARFASTVIEW4_2-ABCDEFGHI
 70
     0
 40
0.0
 41
1.0
 50
0.0
 71
     0
 42
0.2
  3
ARIALUNI.TTF
  4

  0
ENDTAB
  0
TABLE
  2
VIEW
 70
     0
  0
ENDTAB
  0
TABLE
  2
UCS
 70
     0
  0
ENDTAB
  0
TABLE
  2
APPID
 70
     7
  0
APPID
  2
ACAD
 70
     0
  0
APPID
  2
ACADANNOPO
 70
     0
  0
APPID
  2
ACADANNOTATIVE
 70
     0
  0
APPID
  2
ACAD_DSTYLE_DIMJAG
 70
     0
  0
APPID
  2
ACAD_DSTYLE_DIMTALN
 70
     0
  0
APPID
  2
ACAD_MLEADERVER
 70
     0
  0
APPID
  2
ACAD_NAV_VCDISPLAY
 70
     0
  0
ENDTAB
  0
TABLE
  2
DIMSTYLE
 70
     2
  0
DIMSTYLE
  2
STANDARD
 70
     0
  3

  4

  5

  6

  7

 40
1.0
 41
0.18
 42
0.0625
 43
0.38
 44
0.18
 45
0.0
 46
0.0
 47
0.0
 48
0.0
140
0.18
141
0.09
142
0.0
143
25.4
144
1.0
145
0.0
146
1.0
147
0.09
 71
     0
 72
     0
 73
     1
 74
     1
 75
     0
 76
     0
 77
     0
 78
     0
170
     0
171
     2
172
     0
173
     0
174
     0
175
     0
176
     0
177
     0
178
     0
  0
DIMSTYLE
  2
ANNOTATIVE
 70
     0
  3

  4

  5

  6

  7

 40
0.0
 41
0.18
 42
0.0625
 43
0.38
 44
0.18
 45
0.0
 46
0.0
 47
0.0
 48
0.0
140
0.18
141
0.09
142
0.0
143
25.4
144
1.0
145
0.0
146
1.0
147
0.09
 71
     0
 72
     0
 73
     1
 74
     1
 75
     0
 76
     0
 77
     0
 78
     0
170
     0
171
     2
172
     0
173
     0
174
     0
175
     0
176
     0
177
     0
178
     0
  0
ENDTAB
  0
ENDSEC
  0
SECTION
  2
BLOCKS
  0
BLOCK
  8
0
  2
$MODEL_SPACE
 70
     0
 10
0.0
 20
0.0
 30
0.0
  3
$MODEL_SPACE
  1

  0
ENDBLK
  5
21
  8
0
  0
BLOCK
 67
     1
  8
0
  2
$PAPER_SPACE
 70
     0
 10
0.0
 20
0.0
 30
0.0
  3
$PAPER_SPACE
  1

  0
ENDBLK
  5
76
 67
     1
  8
0
  0
ENDSEC
  0
SECTION
  2
ENTITIES
  0
POLYLINE
  5
1027
  8
TOP-ASSEMBLY-LAYER
 66
     1
 10
0.0
 20
0.0
 30
0.0
 70
     1
 40
0.1
 41
0.1
  0
VERTEX
  5
150B
  8
TOP-ASSEMBLY-LAYER
 10
3.65311084622169
 20
4.000031140062282
 30
0.0
 42
-1.0
  0
VERTEX
  5
150C
  8
TOP-ASSEMBLY-LAYER
 10
6.653128626257249
 20
4.000031140062282
 30
0.0
 42
-1.0
  0
SEQEND
  5
1BD8
  8
TOP-ASSEMBLY-LAYER
  0
POLYLINE
  5
1028
  8
TOP-ASSEMBLY-LAYER
 66
     1
 10
0.0
 20
0.0
 30
0.0
 70
     1
 40
0.1
 41
0.1
  0
VERTEX
  5
150D
  8
TOP-ASSEMBLY-LAYER
 10
3.653021946043889
 20
152.0009125218251
 30
0.0
 42
-1.0
  0
VERTEX
  5
150E
  8
TOP-ASSEMBLY-LAYER
 10
6.653039726079449
 20
152.0009125218251
 30
0.0
 42
-1.0
  0
SEQEND
  5
1BD9
  8
TOP-ASSEMBLY-LAYER
  0
POLYLINE
  5
1029
  8
TOP-ASSEMBLY-LAYER
 66
     1
 10
0.0
 20
0.0
 30
0.0
 70
     1
 40
0.1
 41
0.1
  0
VERTEX
  5
150F
  8
TOP-ASSEMBLY-LAYER
 10
133.6538017276035
 20
152.0009125218251
 30
0.0
 42
-1.0
  0
VERTEX
  5
1510
  8
TOP-ASSEMBLY-LAYER
 10
136.653819507639
 20
152.0009125218251
 30
0.0
 42
-1.0
  0
SEQEND
  5
1BDA
  8
TOP-ASSEMBLY-LAYER
  0
POLYLINE
  5
1030
  8
TOP-ASSEMBLY-LAYER
 66
     1
 10
0.0
 20
0.0
 30
0.0
 70
     1
 40
0.1
 41
0.1
  0
VERTEX
  5
1511
  8
TOP-ASSEMBLY-LAYER
 10
133.6538017276035
 20
4.000023520047042
 30
0.0
 42
-1.0
  0
VERTEX
  5
1512
  8
TOP-ASSEMBLY-LAYER
 10
136.653819507639
 20
4.000023520047042
 30
0.0
 42
-1.0
  0
SEQEND
  5
1BDB
  8
TOP-ASSEMBLY-LAYER
  0
POLYLINE
  5
1066
  8
TOP-ASSEMBLY-LAYER
 66
     1
 10
0.0
 20
0.0
 30
0.0
 40
0.1
 41
0.1
  0
VERTEX
  5
1513
  8
TOP-ASSEMBLY-LAYER
 10
61.24976311952626
 20
56.19328742657486
 30
0.0
  0
VERTEX
  5
1514
  8
TOP-ASSEMBLY-LAYER
 10
56.2784092968186
 20
56.19328742657486
 30
0.0
  0
SEQEND
  5
1BDC
  8
TOP-ASSEMBLY-LAYER
  0
POLYLINE
  5
1067
  8
TOP-ASSEMBLY-LAYER
 66
     1
 10
0.0
 20
0.0
 30
0.0
 40
0.1
 41
0.1
  0
VERTEX
  5
1515
  8
TOP-ASSEMBLY-LAYER
 10
56.2784092968186
 20
56.19328742657486
 30
0.0
  0
VERTEX
  5
1516
  8
TOP-ASSEMBLY-LAYER
 10
56.2784092968186
 20
92.25347538695078
 30
0.0
  0
SEQEND
  5
1BDD
  8
TOP-ASSEMBLY-LAYER
  0
POLYLINE
  5
1068
  8
TOP-ASSEMBLY-LAYER
 66
     1
 10
0.0
 20
0.0
 30
0.0
 40
0.1
 41
0.1
  0
VERTEX
  5
1517
  8
TOP-ASSEMBLY-LAYER
 10
61.24976311952626
 20
92.25347538695078
 30
0.0
  0
VERTEX
  5
1518
  8
TOP-ASSEMBLY-LAYER
 10
61.24976311952626
 20
56.19328742657486
 30
0.0
  0
SEQEND
  5
1BDE
  8
TOP-ASSEMBLY-LAYER
  0
POLYLINE
  5
1069
  8
TOP-ASSEMBLY-LAYER
 66
     1
 10
0.0
 20
0.0
 30
0.0
 40
0.1
 41
0.1
  0
VERTEX
  5
1519
  8
TOP-ASSEMBLY-LAYER
 10
56.2784092968186
 20
92.25347538695078
 30
0.0
  0
VERTEX
  5
151A
  8
TOP-ASSEMBLY-LAYER
 10
61.24976311952626
 20
92.25347538695078
 30
0.0
  0
SEQEND
  5
1BDF
  8
TOP-ASSEMBLY-LAYER
  0
POLYLINE
  5
1070
  8
BOARD-OUTLINE-LAYER
 66
     1
 10
0.0
 20
0.0
 30
0.0
 40
0.1
 41
0.1
  0
VERTEX
  5
151B
  8
BOARD-OUTLINE-LAYER
 10
137.1541751083502
 20
0.0000006600013194
 30
0.0
  0
VERTEX
  5
151C
  8
BOARD-OUTLINE-LAYER
 10
3.153100686201373
 20
0.0000006600013194
 30
0.0
  0
SEQEND
  5
1BE0
  8
BOARD-OUTLINE-LAYER
  0
POLYLINE
  5
1071
  8
BOARD-OUTLINE-LAYER
 66
     1
 10
0.0
 20
0.0
 30
0.0
 40
0.1
 41
0.1
  0
VERTEX
  5
151D
  8
BOARD-OUTLINE-LAYER
 10
0.1530803661607294
 20
3.000020980041961
 30
0.0
  0
VERTEX
  5
151E
  8
BOARD-OUTLINE-LAYER
 10
0.1530803661607294
 20
153.001227482455
 30
0.0
  0
SEQEND
  5
1BE1
  8
BOARD-OUTLINE-LAYER
  0
POLYLINE
  5
1072
  8
BOARD-OUTLINE-LAYER
 66
     1
 10
0.0
 20
0.0
 30
0.0
 40
0.1
 41
0.1
  0
VERTEX
  5
151F
  8
BOARD-OUTLINE-LAYER
 10
140.1541979683959
 20
153.001227482455
 30
0.0
  0
VERTEX
  5
1520
  8
BOARD-OUTLINE-LAYER
 10
140.1541979683959
 20
3.000020980041961
 30
0.0
  0
SEQEND
  5
1BE2
  8
BOARD-OUTLINE-LAYER
  0
POLYLINE
  5
1073
  8
BOARD-OUTLINE-LAYER
 66
     1
 10
0.0
 20
0.0
 30
0.0
 40
0.1
 41
0.1
  0
VERTEX
  5
1521
  8
BOARD-OUTLINE-LAYER
 10
3.153100686201373
 20
156.0012503425007
 30
0.0
  0
VERTEX
  5
1522
  8
BOARD-OUTLINE-LAYER
 10
137.1541751083502
 20
156.0012503425007
 30
0.0
  0
SEQEND
  5
1BE3
  8
BOARD-OUTLINE-LAYER
  0
POLYLINE
  5
1074
  8
BOARD-OUTLINE-LAYER
 66
     1
 10
0.0
 20
0.0
 30
0.0
 40
0.1
 41
0.1
  0
VERTEX
  5
1523
  8
BOARD-OUTLINE-LAYER
 10
3.153100686201373
 20
156.0012503425007
 30
0.0
 42
0.414
  0
VERTEX
  5
1524
  8
BOARD-OUTLINE-LAYER
 10
0.1530803661607294
 20
153.001227482455
 30
0.0
  0
SEQEND
  5
1BE4
  8
BOARD-OUTLINE-LAYER
  0
POLYLINE
  5
1075
  8
BOARD-OUTLINE-LAYER
 66
     1
 10
0.0
 20
0.0
 30
0.0
 40
0.1
 41
0.1
  0
VERTEX
  5
1525
  8
BOARD-OUTLINE-LAYER
 10
140.1541979683959
 20
153.001227482455
 30
0.0
 42
0.414
  0
VERTEX
  5
1526
  8
BOARD-OUTLINE-LAYER
 10
137.1541751083502
 20
156.0012503425007
 30
0.0
  0
SEQEND
  5
1BE5
  8
BOARD-OUTLINE-LAYER
  0
POLYLINE
  5
1076
  8
BOARD-OUTLINE-LAYER
 66
     1
 10
0.0
 20
0.0
 30
0.0
 40
0.1
 41
0.1
  0
VERTEX
  5
1527
  8
BOARD-OUTLINE-LAYER
 10
137.1541751083502
 20
0.0000006600013212
 30
0.0
 42
0.414
  0
VERTEX
  5
1528
  8
BOARD-OUTLINE-LAYER
 10
140.1541979683959
 20
3.000020980041961
 30
0.0
  0
SEQEND
  5
1BE6
  8
BOARD-OUTLINE-LAYER
  0
POLYLINE
  5
1077
  8
BOARD-OUTLINE-LAYER
 66
     1
 10
0.0
 20
0.0
 30
0.0
 40
0.1
 41
0.1
  0
VERTEX
  5
1529
  8
BOARD-OUTLINE-LAYER
 10
0.1530803661607294
 20
3.000020980041961
 30
0.0
 42
0.414
  0
VERTEX
  5
152A
  8
BOARD-OUTLINE-LAYER
 10
3.153100686201373
 20
0.0000006600013194
 30
0.0
  0
SEQEND
  5
1BE7
  8
BOARD-OUTLINE-LAYER
  0
POLYLINE
  5
1031
  8
DOCUMENT-LAYER
 66
     1
 10
0.0
 20
0.0
 30
0.0
 70
     1
 40
0.1
 41
0.1
  0
VERTEX
  5
152B
  8
DOCUMENT-LAYER
 10
62.54221930443861
 20
49.23300802601606
 30
0.0
  0
VERTEX
  5
152C
  8
DOCUMENT-LAYER
 10
62.23596327192654
 20
49.52467680935362
 30
0.0
  0
VERTEX
  5
152D
  8
DOCUMENT-LAYER
 10
62.08284160568321
 20
49.81634813269626
 30
0.0
  0
VERTEX
  5
152E
  8
DOCUMENT-LAYER
 10
61.92971231942466
 20
50.10801691603385
 30
0.0
  0
VERTEX
  5
152F
  8
DOCUMENT-LAYER
 10
61.92971231942466
 20
50.3996856993714
 30
0.0
  0
VERTEX
  5
1530
  8
DOCUMENT-LAYER
 10
62.08284160568321
 20
50.69135194270389
 30
0.0
  0
VERTEX
  5
1531
  8
DOCUMENT-LAYER
 10
62.23596327192654
 20
50.98301818603639
 30
0.0
  0
VERTEX
  5
1532
  8
DOCUMENT-LAYER
 10
62.54221930443861
 20
51.27468188936379
 30
0.0
  0
VERTEX
  5
1533
  8
DOCUMENT-LAYER
 10
62.84846517693037
 20
51.27468188936379
 30
0.0
  0
VERTEX
  5
1534
  8
DOCUMENT-LAYER
 10
63.15471866943734
 20
50.98301818603639
 30
0.0
  0
VERTEX
  5
1535
  8
DOCUMENT-LAYER
 10
63.30784287568576
 20
50.69135194270389
 30
0.0
  0
VERTEX
  5
1536
  8
DOCUMENT-LAYER
 10
63.46096962193925
 20
50.3996856993714
 30
0.0
  0
VERTEX
  5
1537
  8
DOCUMENT-LAYER
 10
63.46096962193925
 20
50.10801691603385
 30
0.0
  0
VERTEX
  5
1538
  8
DOCUMENT-LAYER
 10
63.30784287568576
 20
49.81634813269626
 30
0.0
  0
VERTEX
  5
1539
  8
DOCUMENT-LAYER
 10
63.15471866943734
 20
49.52467680935362
 30
0.0
  0
VERTEX
  5
153A
  8
DOCUMENT-LAYER
 10
62.84846517693037
 20
49.23300802601606
 30
0.0
  0
SEQEND
  5
1BE8
  8
DOCUMENT-LAYER
  0
POLYLINE
  5
1032
  8
DOCUMENT-LAYER
 66
     1
 10
0.0
 20
0.0
 30
0.0
 70
     1
 40
0.1
 41
0.1
  0
VERTEX
  5
153B
  8
DOCUMENT-LAYER
 10
73.10788351576704
 20
50.10801691603385
 30
0.0
  0
VERTEX
  5
153C
  8
DOCUMENT-LAYER
 10
72.80163510327023
 20
49.52467680935362
 30
0.0
  0
VERTEX
  5
153D
  8
DOCUMENT-LAYER
 10
72.49537907075816
 20
49.23300802601606
 30
0.0
  0
VERTEX
  5
153E
  8
DOCUMENT-LAYER
 10
72.18913065826132
 20
49.52467680935362
 30
0.0
  0
VERTEX
  5
153F
  8
DOCUMENT-LAYER
 10
71.88287970575942
 20
50.10801691603385
 30
0.0
  0
VERTEX
  5
1540
  8
DOCUMENT-LAYER
 10
71.88287970575942
 20
50.69135194270389
 30
0.0
  0
VERTEX
  5
1541
  8
DOCUMENT-LAYER
 10
72.18913065826132
 20
51.27468188936379
 30
0.0
  0
VERTEX
  5
1542
  8
DOCUMENT-LAYER
 10
72.49537907075816
 20
51.56635067270135
 30
0.0
  0
VERTEX
  5
1543
  8
DOCUMENT-LAYER
 10
72.80163510327023
 20
51.27468188936379
 30
0.0
  0
VERTEX
  5
1544
  8
DOCUMENT-LAYER
 10
73.10788351576704
 20
50.69135194270389
 30
0.0
  0
SEQEND
  5
1BE9
  8
DOCUMENT-LAYER
  0
POLYLINE
  5
1033
  8
DOCUMENT-LAYER
 66
     1
 10
0.0
 20
0.0
 30
0.0
 70
     1
 40
0.1
 41
0.1
  0
VERTEX
  5
1545
  8
DOCUMENT-LAYER
 10
87.80794447588895
 20
50.10801691603385
 30
0.0
  0
VERTEX
  5
1546
  8
DOCUMENT-LAYER
 10
87.50169606339213
 20
49.52467680935362
 30
0.0
  0
VERTEX
  5
1547
  8
DOCUMENT-LAYER
 10
87.19543749087498
 20
49.23300802601606
 30
0.0
  0
VERTEX
  5
1548
  8
DOCUMENT-LAYER
 10
86.88918907837817
 20
49.52467680935362
 30
0.0
  0
VERTEX
  5
1549
  8
DOCUMENT-LAYER
 10
86.58294320588641
 20
50.10801691603385
 30
0.0
  0
VERTEX
  5
154A
  8
DOCUMENT-LAYER
 10
86.58294320588641
 20
50.69135194270389
 30
0.0
  0
VERTEX
  5
154B
  8
DOCUMENT-LAYER
 10
86.88918907837817
 20
51.27468188936379
 30
0.0
  0
VERTEX
  5
154C
  8
DOCUMENT-LAYER
 10
87.19543749087498
 20
51.56635067270135
 30
0.0
  0
VERTEX
  5
154D
  8
DOCUMENT-LAYER
 10
87.50169606339213
 20
51.27468188936379
 30
0.0
  0
VERTEX
  5
154E
  8
DOCUMENT-LAYER
 10
87.80794447588895
 20
50.69135194270389
 30
0.0
  0
SEQEND
  5
1BEA
  8
DOCUMENT-LAYER
  0
POLYLINE
  5
1034
  8
DOCUMENT-LAYER
 66
     1
 10
0.0
 20
0.0
 30
0.0
 70
     1
 40
0.1
 41
0.1
  0
VERTEX
  5
154F
  8
DOCUMENT-LAYER
 10
-1.685329590659183
 20
165.165832511665
 30
0.0
  0
VERTEX
  5
1550
  8
DOCUMENT-LAYER
 10
-1.532929285858572
 20
165.0134322068644
 30
0.0
  0
VERTEX
  5
1551
  8
DOCUMENT-LAYER
 10
-1.685329590659183
 20
164.8610293620587
 30
0.0
  0
VERTEX
  5
1552
  8
DOCUMENT-LAYER
 10
-1.837732435464872
 20
165.0134322068644
 30
0.0
  0
SEQEND
  5
1BEB
  8
DOCUMENT-LAYER
  0
POLYLINE
  5
1035
  8
DOCUMENT-LAYER
 66
     1
 10
0.0
 20
0.0
 30
0.0
 70
     1
 40
0.1
 41
0.1
  0
VERTEX
  5
1553
  8
DOCUMENT-LAYER
 10
0.2552419104838215
 20
167.5890075180151
 30
0.0
  0
VERTEX
  5
1554
  8
DOCUMENT-LAYER
 10
0.5575025150050301
 20
167.5890075180151
 30
0.0
  0
VERTEX
  5
1555
  8
DOCUMENT-LAYER
 10
1.012165964331928
 20
167.4366046732094
 30
0.0
  0
VERTEX
  5
1556
  8
DOCUMENT-LAYER
 10
1.316969113938228
 20
166.9819412238825
 30
0.0
  0
VERTEX
  5
1557
  8
DOCUMENT-LAYER
 10
1.466829413658825
 20
166.2250171700344
 30
0.0
  0
VERTEX
  5
1558
  8
DOCUMENT-LAYER
 10
1.466829413658825
 20
165.7703537207074
 30
0.0
  0
VERTEX
  5
1559
  8
DOCUMENT-LAYER
 10
1.316969113938228
 20
165.0134322068644
 30
0.0
  0
VERTEX
  5
155A
  8
DOCUMENT-LAYER
 10
1.012165964331928
 20
164.5587662175324
 30
0.0
  0
VERTEX
  5
155B
  8
DOCUMENT-LAYER
 10
0.5575025150050301
 20
164.4063659127318
 30
0.0
  0
VERTEX
  5
155C
  8
DOCUMENT-LAYER
 10
0.2552419104838215
 20
164.4063659127318
 30
0.0
  0
VERTEX
  5
155D
  8
DOCUMENT-LAYER
 10
-0.1994215388430796
 20
164.5587662175324
 30
0.0
  0
VERTEX
  5
155E
  8
DOCUMENT-LAYER
 10
-0.5016821433642882
 20
165.0134322068644
 30
0.0
  0
VERTEX
  5
155F
  8
DOCUMENT-LAYER
 10
-0.6540849881699771
 20
165.7703537207074
 30
0.0
  0
VERTEX
  5
1560
  8
DOCUMENT-LAYER
 10
-0.6540849881699771
 20
166.2250171700344
 30
0.0
  0
VERTEX
  5
1561
  8
DOCUMENT-LAYER
 10
-0.5016821433642882
 20
166.9819412238825
 30
0.0
  0
VERTEX
  5
1562
  8
DOCUMENT-LAYER
 10
-0.1994215388430796
 20
167.4366046732094
 30
0.0
  0
SEQEND
  5
1BEC
  8
DOCUMENT-LAYER
  0
POLYLINE
  5
1036
  8
DOCUMENT-LAYER
 66
     1
 10
0.0
 20
0.0
 30
0.0
 70
     1
 40
0.1
 41
0.1
  0
VERTEX
  5
1563
  8
DOCUMENT-LAYER
 10
-8.138888137776277
 20
149.8657791715584
 30
0.0
  0
VERTEX
  5
1564
  8
DOCUMENT-LAYER
 10
-7.986487832975669
 20
150.018179476359
 30
0.0
  0
VERTEX
  5
1565
  8
DOCUMENT-LAYER
 10
-7.834087528175058
 20
149.8657791715584
 30
0.0
  0
VERTEX
  5
1566
  8
DOCUMENT-LAYER
 10
-7.986487832975669
 20
149.7133788667578
 30
0.0
  0
SEQEND
  5
1BED
  8
DOCUMENT-LAYER
  0
POLYLINE
  5
1037
  8
DOCUMENT-LAYER
 66
     1
 10
0.0
 20
0.0
 30
0.0
 70
     1
 40
0.1
 41
0.1
  0
VERTEX
  5
1567
  8
DOCUMENT-LAYER
 10
-10.56206314412629
 20
151.8063506727014
 30
0.0
  0
VERTEX
  5
1568
  8
DOCUMENT-LAYER
 10
-10.56206314412629
 20
152.1086138172276
 30
0.0
  0
VERTEX
  5
1569
  8
DOCUMENT-LAYER
 10
-10.40966283932568
 20
152.5632747265495
 30
0.0
  0
VERTEX
  5
156A
  8
DOCUMENT-LAYER
 10
-9.954999389998783
 20
152.8680778761558
 30
0.0
  0
VERTEX
  5
156B
  8
DOCUMENT-LAYER
 10
-9.198075336150676
 20
153.0179381758763
 30
0.0
  0
VERTEX
  5
156C
  8
DOCUMENT-LAYER
 10
-8.743411886823775
 20
153.0179381758763
 30
0.0
  0
VERTEX
  5
156D
  8
DOCUMENT-LAYER
 10
-7.986487832975669
 20
152.8680778761558
 30
0.0
  0
VERTEX
  5
156E
  8
DOCUMENT-LAYER
 10
-7.531824383648768
 20
152.5632747265495
 30
0.0
  0
VERTEX
  5
156F
  8
DOCUMENT-LAYER
 10
-7.37942407884816
 20
152.1086138172276
 30
0.0
  0
VERTEX
  5
1570
  8
DOCUMENT-LAYER
 10
-7.37942407884816
 20
151.8063506727014
 30
0.0
  0
VERTEX
  5
1571
  8
DOCUMENT-LAYER
 10
-7.531824383648768
 20
151.3516872233745
 30
0.0
  0
VERTEX
  5
1572
  8
DOCUMENT-LAYER
 10
-7.986487832975669
 20
151.0494266188533
 30
0.0
  0
VERTEX
  5
1573
  8
DOCUMENT-LAYER
 10
-8.743411886823775
 20
150.8970263140527
 30
0.0
  0
VERTEX
  5
1574
  8
DOCUMENT-LAYER
 10
-9.198075336150676
 20
150.8970263140527
 30
0.0
  0
VERTEX
  5
1575
  8
DOCUMENT-LAYER
 10
-9.954999389998783
 20
151.0494266188533
 30
0.0
  0
VERTEX
  5
1576
  8
DOCUMENT-LAYER
 10
-10.40966283932568
 20
151.3516872233745
 30
0.0
  0
SEQEND
  5
1BEE
  8
DOCUMENT-LAYER
  0
POLYLINE
  5
1038
  8
DOCUMENT-LAYER
 66
     1
 10
0.0
 20
0.0
 30
0.0
 70
     1
 40
0.1
 41
0.1
  0
VERTEX
  5
1577
  8
DOCUMENT-LAYER
 10
24.60896047792096
 20
80.63932247864496
 30
0.0
  0
VERTEX
  5
1578
  8
DOCUMENT-LAYER
 10
24.76136078272157
 20
80.48692217384435
 30
0.0
  0
VERTEX
  5
1579
  8
DOCUMENT-LAYER
 10
24.60896047792096
 20
80.33452186904375
 30
0.0
  0
VERTEX
  5
157A
  8
DOCUMENT-LAYER
 10
24.45656017312034
 20
80.48692217384435
 30
0.0
  0
SEQEND
  5
1BEF
  8
DOCUMENT-LAYER
  0
POLYLINE
  5
1039
  8
DOCUMENT-LAYER
 66
     1
 10
0.0
 20
0.0
 30
0.0
 70
     1
 40
0.1
 41
0.1
  0
VERTEX
  5
157B
  8
DOCUMENT-LAYER
 10
65.20562291124583
 20
119.8961550923102
 30
0.0
  0
VERTEX
  5
157C
  8
DOCUMENT-LAYER
 10
65.35802321604643
 20
120.0485579371159
 30
0.0
  0
VERTEX
  5
157D
  8
DOCUMENT-LAYER
 10
65.51042352084707
 20
119.8961550923102
 30
0.0
  0
VERTEX
  5
157E
  8
DOCUMENT-LAYER
 10
65.35802321604643
 20
119.7437547875096
 30
0.0
  0
SEQEND
  5
1BF0
  8
DOCUMENT-LAYER
  0
POLYLINE
  5
1040
  8
DOCUMENT-LAYER
 66
     1
 10
0.0
 20
0.0
 30
0.0
 70
     1
 40
0.1
 41
0.1
  0
VERTEX
  5
157F
  8
DOCUMENT-LAYER
 10
133.4398774197549
 20
17.14949773899548
 30
0.0
  0
VERTEX
  5
1580
  8
DOCUMENT-LAYER
 10
133.5922777245555
 20
16.99709743419487
 30
0.0
  0
VERTEX
  5
1581
  8
DOCUMENT-LAYER
 10
133.4398774197549
 20
16.84469712939426
 30
0.0
  0
VERTEX
  5
1582
  8
DOCUMENT-LAYER
 10
133.2874745749492
 20
16.99709743419487
 30
0.0
  0
SEQEND
  5
1BF1
  8
DOCUMENT-LAYER
  0
POLYLINE
  5
1041
  8
DOCUMENT-LAYER
 66
     1
 10
0.0
 20
0.0
 30
0.0
 70
     1
 40
0.1
 41
0.1
  0
VERTEX
  5
1583
  8
DOCUMENT-LAYER
 10
135.3804463808928
 20
19.57267274534549
 30
0.0
  0
VERTEX
  5
1584
  8
DOCUMENT-LAYER
 10
135.682706985414
 20
19.57267274534549
 30
0.0
  0
VERTEX
  5
1585
  8
DOCUMENT-LAYER
 10
136.137372974746
 20
19.42027244054488
 30
0.0
  0
VERTEX
  5
1586
  8
DOCUMENT-LAYER
 10
136.4421735843472
 20
18.96560899121799
 30
0.0
  0
VERTEX
  5
1587
  8
DOCUMENT-LAYER
 10
136.5920338840678
 20
18.20868493736988
 30
0.0
  0
VERTEX
  5
1588
  8
DOCUMENT-LAYER
 10
136.5920338840678
 20
17.75402148804298
 30
0.0
  0
VERTEX
  5
1589
  8
DOCUMENT-LAYER
 10
136.4421735843472
 20
16.99709743419487
 30
0.0
  0
VERTEX
  5
158A
  8
DOCUMENT-LAYER
 10
136.137372974746
 20
16.54243398486797
 30
0.0
  0
VERTEX
  5
158B
  8
DOCUMENT-LAYER
 10
135.682706985414
 20
16.39003368006736
 30
0.0
  0
VERTEX
  5
158C
  8
DOCUMENT-LAYER
 10
135.3804463808928
 20
16.39003368006736
 30
0.0
  0
VERTEX
  5
158D
  8
DOCUMENT-LAYER
 10
134.925785471571
 20
16.54243398486797
 30
0.0
  0
VERTEX
  5
158E
  8
DOCUMENT-LAYER
 10
134.6235223270447
 20
16.99709743419487
 30
0.0
  0
VERTEX
  5
158F
  8
DOCUMENT-LAYER
 10
134.4711220222441
 20
17.75402148804298
 30
0.0
  0
VERTEX
  5
1590
  8
DOCUMENT-LAYER
 10
134.4711220222441
 20
18.20868493736988
 30
0.0
  0
VERTEX
  5
1591
  8
DOCUMENT-LAYER
 10
134.6235223270447
 20
18.96560899121799
 30
0.0
  0
VERTEX
  5
1592
  8
DOCUMENT-LAYER
 10
134.925785471571
 20
19.42027244054488
 30
0.0
  0
SEQEND
  5
1BF2
  8
DOCUMENT-LAYER
  0
POLYLINE
  5
1042
  8
DOCUMENT-LAYER
 66
     1
 10
0.0
 20
0.0
 30
0.0
 70
     1
 40
0.1
 41
0.1
  0
VERTEX
  5
1593
  8
DOCUMENT-LAYER
 10
121.9802889005778
 20
-2.161777343554688
 30
0.0
  0
VERTEX
  5
1594
  8
DOCUMENT-LAYER
 10
122.1326892053784
 20
-2.009377038754078
 30
0.0
  0
VERTEX
  5
1595
  8
DOCUMENT-LAYER
 10
122.285089510179
 20
-2.161777343554688
 30
0.0
  0
VERTEX
  5
1596
  8
DOCUMENT-LAYER
 10
122.1326892053784
 20
-2.314177648355296
 30
0.0
  0
SEQEND
  5
1BF3
  8
DOCUMENT-LAYER
  0
POLYLINE
  5
1043
  8
DOCUMENT-LAYER
 66
     1
 10
0.0
 20
0.0
 30
0.0
 70
     1
 40
0.1
 41
0.1
  0
VERTEX
  5
1597
  8
DOCUMENT-LAYER
 10
119.5571138942278
 20
-0.2212058424116847
 30
0.0
  0
VERTEX
  5
1598
  8
DOCUMENT-LAYER
 10
119.5571138942278
 20
0.0810573021146048
 30
0.0
  0
VERTEX
  5
1599
  8
DOCUMENT-LAYER
 10
119.7095141990284
 20
0.5357182114364232
 30
0.0
  0
VERTEX
  5
159A
  8
DOCUMENT-LAYER
 10
120.1641751083503
 20
0.8405188210376426
 30
0.0
  0
VERTEX
  5
159B
  8
DOCUMENT-LAYER
 10
120.9211017022034
 20
0.9903816607633207
 30
0.0
  0
VERTEX
  5
159C
  8
DOCUMENT-LAYER
 10
121.3757626115252
 20
0.9903816607633207
 30
0.0
  0
VERTEX
  5
159D
  8
DOCUMENT-LAYER
 10
122.1326892053784
 20
0.8405188210376426
 30
0.0
  0
VERTEX
  5
159E
  8
DOCUMENT-LAYER
 10
122.5873501147002
 20
0.5357182114364232
 30
0.0
  0
VERTEX
  5
159F
  8
DOCUMENT-LAYER
 10
122.7397504195008
 20
0.0810573021146048
 30
0.0
  0
VERTEX
  5
15A0
  8
DOCUMENT-LAYER
 10
122.7397504195008
 20
-0.2212058424116847
 30
0.0
  0
VERTEX
  5
15A1
  8
DOCUMENT-LAYER
 10
122.5873501147002
 20
-0.675869291738584
 30
0.0
  0
VERTEX
  5
15A2
  8
DOCUMENT-LAYER
 10
122.1326892053784
 20
-0.9781298962597926
 30
0.0
  0
VERTEX
  5
15A3
  8
DOCUMENT-LAYER
 10
121.3757626115252
 20
-1.130530201060402
 30
0.0
  0
VERTEX
  5
15A4
  8
DOCUMENT-LAYER
 10
120.9211017022034
 20
-1.130530201060402
 30
0.0
  0
VERTEX
  5
15A5
  8
DOCUMENT-LAYER
 10
120.1641751083503
 20
-0.9781298962597926
 30
0.0
  0
VERTEX
  5
15A6
  8
DOCUMENT-LAYER
 10
119.7095141990284
 20
-0.675869291738584
 30
0.0
  0
SEQEND
  5
1BF4
  8
DOCUMENT-LAYER
  0
POLYLINE
  5
1044
  8
DOCUMENT-LAYER
 66
     1
 10
0.0
 20
0.0
 30
0.0
 70
     1
 40
0.1
 41
0.1
  0
VERTEX
  5
15A7
  8
DOCUMENT-LAYER
 10
133.485975971952
 20
165.188877977756
 30
0.0
  0
VERTEX
  5
15A8
  8
DOCUMENT-LAYER
 10
133.6383762767526
 20
165.0364751329503
 30
0.0
  0
VERTEX
  5
15A9
  8
DOCUMENT-LAYER
 10
133.485975971952
 20
164.8840748281497
 30
0.0
  0
VERTEX
  5
15AA
  8
DOCUMENT-LAYER
 10
133.3335731271463
 20
165.0364751329503
 30
0.0
  0
SEQEND
  5
1BF5
  8
DOCUMENT-LAYER
  0
POLYLINE
  5
1045
  8
DOCUMENT-LAYER
 66
     1
 10
0.0
 20
0.0
 30
0.0
 70
     1
 40
0.1
 41
0.1
  0
VERTEX
  5
15AB
  8
DOCUMENT-LAYER
 10
135.426547473095
 20
167.6120504441009
 30
0.0
  0
VERTEX
  5
15AC
  8
DOCUMENT-LAYER
 10
135.7288080776162
 20
167.6120504441009
 30
0.0
  0
VERTEX
  5
15AD
  8
DOCUMENT-LAYER
 10
136.1834715269431
 20
167.4596501393003
 30
0.0
  0
VERTEX
  5
15AE
  8
DOCUMENT-LAYER
 10
136.4882746765494
 20
167.0049866899734
 30
0.0
  0
VERTEX
  5
15AF
  8
DOCUMENT-LAYER
 10
136.63813497627
 20
166.2480626361253
 30
0.0
  0
VERTEX
  5
15B0
  8
DOCUMENT-LAYER
 10
136.63813497627
 20
165.7933991867984
 30
0.0
  0
VERTEX
  5
15B1
  8
DOCUMENT-LAYER
 10
136.4882746765494
 20
165.0364751329503
 30
0.0
  0
VERTEX
  5
15B2
  8
DOCUMENT-LAYER
 10
136.1834715269431
 20
164.5818116836234
 30
0.0
  0
VERTEX
  5
15B3
  8
DOCUMENT-LAYER
 10
135.7288080776162
 20
164.4294113788227
 30
0.0
  0
VERTEX
  5
15B4
  8
DOCUMENT-LAYER
 10
135.426547473095
 20
164.4294113788227
 30
0.0
  0
VERTEX
  5
15B5
  8
DOCUMENT-LAYER
 10
134.9718840237681
 20
164.5818116836234
 30
0.0
  0
VERTEX
  5
15B6
  8
DOCUMENT-LAYER
 10
134.6696234192469
 20
165.0364751329503
 30
0.0
  0
VERTEX
  5
15B7
  8
DOCUMENT-LAYER
 10
134.5172205744412
 20
165.7933991867984
 30
0.0
  0
VERTEX
  5
15B8
  8
DOCUMENT-LAYER
 10
134.5172205744412
 20
166.2480626361253
 30
0.0
  0
VERTEX
  5
15B9
  8
DOCUMENT-LAYER
 10
134.6696234192469
 20
167.0049866899734
 30
0.0
  0
VERTEX
  5
15BA
  8
DOCUMENT-LAYER
 10
134.9718840237681
 20
167.4596501393003
 30
0.0
  0
SEQEND
  5
1BF6
  8
DOCUMENT-LAYER
  0
POLYLINE
  5
1046
  8
DOCUMENT-LAYER
 66
     1
 10
0.0
 20
0.0
 30
0.0
 70
     1
 40
0.1
 41
0.1
  0
VERTEX
  5
15BB
  8
DOCUMENT-LAYER
 10
148.3749244098489
 20
158.1464141728284
 30
0.0
  0
VERTEX
  5
15BC
  8
DOCUMENT-LAYER
 10
148.2225241050482
 20
157.9940138680278
 30
0.0
  0
VERTEX
  5
15BD
  8
DOCUMENT-LAYER
 10
148.0701238002476
 20
158.1464141728284
 30
0.0
  0
VERTEX
  5
15BE
  8
DOCUMENT-LAYER
 10
148.2225241050482
 20
158.298814477629
 30
0.0
  0
SEQEND
  5
1BF7
  8
DOCUMENT-LAYER
  0
POLYLINE
  5
1047
  8
DOCUMENT-LAYER
 66
     1
 10
0.0
 20
0.0
 30
0.0
 70
     1
 40
0.1
 41
0.1
  0
VERTEX
  5
15BF
  8
DOCUMENT-LAYER
 10
150.7980994161989
 20
156.2058426716854
 30
0.0
  0
VERTEX
  5
15C0
  8
DOCUMENT-LAYER
 10
150.7980994161989
 20
155.9035820671641
 30
0.0
  0
VERTEX
  5
15C1
  8
DOCUMENT-LAYER
 10
150.6456991113983
 20
155.4489186178373
 30
0.0
  0
VERTEX
  5
15C2
  8
DOCUMENT-LAYER
 10
150.1910356620714
 20
155.144115468231
 30
0.0
  0
VERTEX
  5
15C3
  8
DOCUMENT-LAYER
 10
149.4341116082232
 20
154.9942551685104
 30
0.0
  0
VERTEX
  5
15C4
  8
DOCUMENT-LAYER
 10
148.9794481588964
 20
154.9942551685104
 30
0.0
  0
VERTEX
  5
15C5
  8
DOCUMENT-LAYER
 10
148.2225241050482
 20
155.144115468231
 30
0.0
  0
VERTEX
  5
15C6
  8
DOCUMENT-LAYER
 10
147.7678606557213
 20
155.4489186178373
 30
0.0
  0
VERTEX
  5
15C7
  8
DOCUMENT-LAYER
 10
147.6154603509207
 20
155.9035820671641
 30
0.0
  0
VERTEX
  5
15C8
  8
DOCUMENT-LAYER
 10
147.6154603509207
 20
156.2058426716854
 30
0.0
  0
VERTEX
  5
15C9
  8
DOCUMENT-LAYER
 10
147.7678606557213
 20
156.6605035810072
 30
0.0
  0
VERTEX
  5
15CA
  8
DOCUMENT-LAYER
 10
148.2225241050482
 20
156.9627667255335
 30
0.0
  0
VERTEX
  5
15CB
  8
DOCUMENT-LAYER
 10
148.9794481588964
 20
157.1151695703391
 30
0.0
  0
VERTEX
  5
15CC
  8
DOCUMENT-LAYER
 10
149.4341116082232
 20
157.1151695703391
 30
0.0
  0
VERTEX
  5
15CD
  8
DOCUMENT-LAYER
 10
150.1910356620714
 20
156.9627667255335
 30
0.0
  0
VERTEX
  5
15CE
  8
DOCUMENT-LAYER
 10
150.6456991113983
 20
156.6605035810072
 30
0.0
  0
SEQEND
  5
1BF8
  8
DOCUMENT-LAYER
  0
POLYLINE
  5
1048
  8
DOCUMENT-LAYER
 66
     1
 10
0.0
 20
0.0
 30
0.0
 70
     1
 40
0.1
 41
0.1
  0
VERTEX
  5
15CF
  8
DOCUMENT-LAYER
 10
-1.56283530567061
 20
17.1903969007938
 30
0.0
  0
VERTEX
  5
15D0
  8
DOCUMENT-LAYER
 10
-1.410435000870002
 20
17.03799659599319
 30
0.0
  0
VERTEX
  5
15D1
  8
DOCUMENT-LAYER
 10
-1.56283530567061
 20
16.88559629119258
 30
0.0
  0
VERTEX
  5
15D2
  8
DOCUMENT-LAYER
 10
-1.715235610471222
 20
17.03799659599319
 30
0.0
  0
SEQEND
  5
1BF9
  8
DOCUMENT-LAYER
  0
POLYLINE
  5
1049
  8
DOCUMENT-LAYER
 66
     1
 10
0.0
 20
0.0
 30
0.0
 70
     1
 40
0.1
 41
0.1
  0
VERTEX
  5
15D3
  8
DOCUMENT-LAYER
 10
0.3777387354774717
 20
19.61357190714382
 30
0.0
  0
VERTEX
  5
15D4
  8
DOCUMENT-LAYER
 10
0.6799993399986803
 20
19.61357190714382
 30
0.0
  0
VERTEX
  5
15D5
  8
DOCUMENT-LAYER
 10
1.134660249320497
 20
19.46117160234321
 30
0.0
  0
VERTEX
  5
15D6
  8
DOCUMENT-LAYER
 10
1.439463398926797
 20
19.00651069302139
 30
0.0
  0
VERTEX
  5
15D7
  8
DOCUMENT-LAYER
 10
1.589326238652475
 20
18.24958409916821
 30
0.0
  0
VERTEX
  5
15D8
  8
DOCUMENT-LAYER
 10
1.589326238652475
 20
17.79492318984639
 30
0.0
  0
VERTEX
  5
15D9
  8
DOCUMENT-LAYER
 10
1.439463398926797
 20
17.03799659599319
 30
0.0
  0
VERTEX
  5
15DA
  8
DOCUMENT-LAYER
 10
1.134660249320497
 20
16.58333568667138
 30
0.0
  0
VERTEX
  5
15DB
  8
DOCUMENT-LAYER
 10
0.6799993399986803
 20
16.43093538187077
 30
0.0
  0
VERTEX
  5
15DC
  8
DOCUMENT-LAYER
 10
0.3777387354774717
 20
16.43093538187077
 30
0.0
  0
VERTEX
  5
15DD
  8
DOCUMENT-LAYER
 10
-0.0769272538545067
 20
16.58333568667138
 30
0.0
  0
VERTEX
  5
15DE
  8
DOCUMENT-LAYER
 10
-0.3791878583757189
 20
17.03799659599319
 30
0.0
  0
VERTEX
  5
15DF
  8
DOCUMENT-LAYER
 10
-0.5315881631763268
 20
17.79492318984639
 30
0.0
  0
VERTEX
  5
15E0
  8
DOCUMENT-LAYER
 10
-0.5315881631763268
 20
18.24958409916821
 30
0.0
  0
VERTEX
  5
15E1
  8
DOCUMENT-LAYER
 10
-0.3791878583757189
 20
19.00651069302139
 30
0.0
  0
VERTEX
  5
15E2
  8
DOCUMENT-LAYER
 10
-0.0769272538545067
 20
19.46117160234321
 30
0.0
  0
SEQEND
  5
1BFA
  8
DOCUMENT-LAYER
  0
POLYLINE
  5
1050
  8
DOCUMENT-LAYER
 66
     1
 10
0.0
 20
0.0
 30
0.0
 70
     1
 40
0.1
 41
0.1
  0
VERTEX
  5
15E3
  8
DOCUMENT-LAYER
 10
18.3114446028892
 20
6.154613309226621
 30
0.0
  0
VERTEX
  5
15E4
  8
DOCUMENT-LAYER
 10
18.1590442980886
 20
6.002213004426013
 30
0.0
  0
VERTEX
  5
15E5
  8
DOCUMENT-LAYER
 10
18.00664399328798
 20
6.154613309226621
 30
0.0
  0
VERTEX
  5
15E6
  8
DOCUMENT-LAYER
 10
18.1590442980886
 20
6.307013614027229
 30
0.0
  0
SEQEND
  5
1BFB
  8
DOCUMENT-LAYER
  0
POLYLINE
  5
1051
  8
DOCUMENT-LAYER
 66
     1
 10
0.0
 20
0.0
 30
0.0
 70
     1
 40
0.1
 41
0.1
  0
VERTEX
  5
15E7
  8
DOCUMENT-LAYER
 10
20.73461960923922
 20
4.214039268078539
 30
0.0
  0
VERTEX
  5
15E8
  8
DOCUMENT-LAYER
 10
20.73461960923922
 20
3.91177866355733
 30
0.0
  0
VERTEX
  5
15E9
  8
DOCUMENT-LAYER
 10
20.58221930443861
 20
3.45711775423551
 30
0.0
  0
VERTEX
  5
15EA
  8
DOCUMENT-LAYER
 10
20.12755585511171
 20
3.152314604629213
 30
0.0
  0
VERTEX
  5
15EB
  8
DOCUMENT-LAYER
 10
19.3706318012636
 20
3.002451764903531
 30
0.0
  0
VERTEX
  5
15EC
  8
DOCUMENT-LAYER
 10
18.91596835193671
 20
3.002451764903531
 30
0.0
  0
VERTEX
  5
15ED
  8
DOCUMENT-LAYER
 10
18.1590442980886
 20
3.152314604629213
 30
0.0
  0
VERTEX
  5
15EE
  8
DOCUMENT-LAYER
 10
17.7043808487617
 20
3.45711775423551
 30
0.0
  0
VERTEX
  5
15EF
  8
DOCUMENT-LAYER
 10
17.55198054396109
 20
3.91177866355733
 30
0.0
  0
VERTEX
  5
15F0
  8
DOCUMENT-LAYER
 10
17.55198054396109
 20
4.214039268078539
 30
0.0
  0
VERTEX
  5
15F1
  8
DOCUMENT-LAYER
 10
17.7043808487617
 20
4.668705257410517
 30
0.0
  0
VERTEX
  5
15F2
  8
DOCUMENT-LAYER
 10
18.1590442980886
 20
4.970965861931726
 30
0.0
  0
VERTEX
  5
15F3
  8
DOCUMENT-LAYER
 10
18.91596835193671
 20
5.123366166732334
 30
0.0
  0
VERTEX
  5
15F4
  8
DOCUMENT-LAYER
 10
19.3706318012636
 20
5.123366166732334
 30
0.0
  0
VERTEX
  5
15F5
  8
DOCUMENT-LAYER
 10
20.12755585511171
 20
4.970965861931726
 30
0.0
  0
VERTEX
  5
15F6
  8
DOCUMENT-LAYER
 10
20.58221930443861
 20
4.668705257410517
 30
0.0
  0
SEQEND
  5
1BFC
  8
DOCUMENT-LAYER
  0
POLYLINE
  5
1052
  8
DOCUMENT-LAYER
 66
     1
 10
0.0
 20
0.0
 30
0.0
 70
     1
 40
0.1
 41
0.1
  0
VERTEX
  5
15F7
  8
DOCUMENT-LAYER
 10
-21.74197170394341
 20
74.53223586447174
 30
0.0
  0
VERTEX
  5
15F8
  8
DOCUMENT-LAYER
 10
-21.5895713991428
 20
74.68463616927235
 30
0.0
  0
VERTEX
  5
15F9
  8
DOCUMENT-LAYER
 10
-21.43716855433711
 20
74.53223586447174
 30
0.0
  0
VERTEX
  5
15FA
  8
DOCUMENT-LAYER
 10
-21.5895713991428
 20
74.37983301966605
 30
0.0
  0
SEQEND
  5
1BFD
  8
DOCUMENT-LAYER
  0
POLYLINE
  5
1053
  8
DOCUMENT-LAYER
 66
     1
 10
0.0
 20
0.0
 30
0.0
 70
     1
 40
0.1
 41
0.1
  0
VERTEX
  5
15FB
  8
DOCUMENT-LAYER
 10
-24.16514671029342
 20
76.47280482560967
 30
0.0
  0
VERTEX
  5
15FC
  8
DOCUMENT-LAYER
 10
-24.16514671029342
 20
76.77506797013594
 30
0.0
  0
VERTEX
  5
15FD
  8
DOCUMENT-LAYER
 10
-24.01274386548773
 20
77.22973141946285
 30
0.0
  0
VERTEX
  5
15FE
  8
DOCUMENT-LAYER
 10
-23.55808041616083
 20
77.53453202906405
 30
0.0
  0
VERTEX
  5
15FF
  8
DOCUMENT-LAYER
 10
-22.80115636231273
 20
77.68439232878467
 30
0.0
  0
VERTEX
  5
1600
  8
DOCUMENT-LAYER
 10
-22.34649291298583
 20
77.68439232878467
 30
0.0
  0
VERTEX
  5
1601
  8
DOCUMENT-LAYER
 10
-21.5895713991428
 20
77.53453202906405
 30
0.0
  0
VERTEX
  5
1602
  8
DOCUMENT-LAYER
 10
-21.1349079498159
 20
77.22973141946285
 30
0.0
  0
VERTEX
  5
1603
  8
DOCUMENT-LAYER
 10
-20.98250510501021
 20
76.77506797013594
 30
0.0
  0
VERTEX
  5
1604
  8
DOCUMENT-LAYER
 10
-20.98250510501021
 20
76.47280482560967
 30
0.0
  0
VERTEX
  5
1605
  8
DOCUMENT-LAYER
 10
-21.1349079498159
 20
76.01814391628784
 30
0.0
  0
VERTEX
  5
1606
  8
DOCUMENT-LAYER
 10
-21.5895713991428
 20
75.71588077176156
 30
0.0
  0
VERTEX
  5
1607
  8
DOCUMENT-LAYER
 10
-22.34649291298583
 20
75.56348046696095
 30
0.0
  0
VERTEX
  5
1608
  8
DOCUMENT-LAYER
 10
-22.80115636231273
 20
75.56348046696095
 30
0.0
  0
VERTEX
  5
1609
  8
DOCUMENT-LAYER
 10
-23.55808041616083
 20
75.71588077176156
 30
0.0
  0
VERTEX
  5
160A
  8
DOCUMENT-LAYER
 10
-24.01274386548773
 20
76.01814391628784
 30
0.0
  0
SEQEND
  5
1BFE
  8
DOCUMENT-LAYER
  0
POLYLINE
  5
1054
  8
DOCUMENT-LAYER
 66
     1
 10
0.0
 20
0.0
 30
0.0
 70
     1
 40
0.1
 41
0.1
  0
VERTEX
  5
160B
  8
DOCUMENT-LAYER
 10
-24.16514671029342
 20
79.47256352512706
 30
0.0
  0
VERTEX
  5
160C
  8
DOCUMENT-LAYER
 10
-24.16514671029342
 20
79.77482666965335
 30
0.0
  0
VERTEX
  5
160D
  8
DOCUMENT-LAYER
 10
-24.01274386548773
 20
80.22948757897517
 30
0.0
  0
VERTEX
  5
160E
  8
DOCUMENT-LAYER
 10
-23.55808041616083
 20
80.5342881885764
 30
0.0
  0
VERTEX
  5
160F
  8
DOCUMENT-LAYER
 10
-22.80115636231273
 20
80.68415102830207
 30
0.0
  0
VERTEX
  5
1610
  8
DOCUMENT-LAYER
 10
-22.34649291298583
 20
80.68415102830207
 30
0.0
  0
VERTEX
  5
1611
  8
DOCUMENT-LAYER
 10
-21.5895713991428
 20
80.5342881885764
 30
0.0
  0
VERTEX
  5
1612
  8
DOCUMENT-LAYER
 10
-21.1349079498159
 20
80.22948757897517
 30
0.0
  0
VERTEX
  5
1613
  8
DOCUMENT-LAYER
 10
-20.98250510501021
 20
79.77482666965335
 30
0.0
  0
VERTEX
  5
1614
  8
DOCUMENT-LAYER
 10
-20.98250510501021
 20
79.47256352512706
 30
0.0
  0
VERTEX
  5
1615
  8
DOCUMENT-LAYER
 10
-21.1349079498159
 20
79.01790007580017
 30
0.0
  0
VERTEX
  5
1616
  8
DOCUMENT-LAYER
 10
-21.5895713991428
 20
78.71563947127895
 30
0.0
  0
VERTEX
  5
1617
  8
DOCUMENT-LAYER
 10
-22.34649291298583
 20
78.56323916647837
 30
0.0
  0
VERTEX
  5
1618
  8
DOCUMENT-LAYER
 10
-22.80115636231273
 20
78.56323916647837
 30
0.0
  0
VERTEX
  5
1619
  8
DOCUMENT-LAYER
 10
-23.55808041616083
 20
78.71563947127895
 30
0.0
  0
VERTEX
  5
161A
  8
DOCUMENT-LAYER
 10
-24.01274386548773
 20
79.01790007580017
 30
0.0
  0
SEQEND
  5
1BFF
  8
DOCUMENT-LAYER
  0
POLYLINE
  5
1055
  8
DOCUMENT-LAYER
 66
     1
 10
0.0
 20
0.0
 30
0.0
 70
     1
 40
0.1
 41
0.1
  0
VERTEX
  5
161B
  8
DOCUMENT-LAYER
 10
64.59336484672971
 20
179.3190760981522
 30
0.0
  0
VERTEX
  5
161C
  8
DOCUMENT-LAYER
 10
64.89563053126108
 20
179.3190760981522
 30
0.0
  0
VERTEX
  5
161D
  8
DOCUMENT-LAYER
 10
65.35029144058288
 20
179.1666757933516
 30
0.0
  0
VERTEX
  5
161E
  8
DOCUMENT-LAYER
 10
65.6550920501841
 20
178.7120098040196
 30
0.0
  0
VERTEX
  5
161F
  8
DOCUMENT-LAYER
 10
65.80495234990471
 20
177.9550882901766
 30
0.0
  0
VERTEX
  5
1620
  8
DOCUMENT-LAYER
 10
65.80495234990471
 20
177.5004273808548
 30
0.0
  0
VERTEX
  5
1621
  8
DOCUMENT-LAYER
 10
65.6550920501841
 20
176.7435007870016
 30
0.0
  0
VERTEX
  5
1622
  8
DOCUMENT-LAYER
 10
65.35029144058288
 20
176.2888398776798
 30
0.0
  0
VERTEX
  5
1623
  8
DOCUMENT-LAYER
 10
64.89563053126108
 20
176.1364395728792
 30
0.0
  0
VERTEX
  5
1624
  8
DOCUMENT-LAYER
 10
64.59336484672971
 20
176.1364395728792
 30
0.0
  0
VERTEX
  5
1625
  8
DOCUMENT-LAYER
 10
64.13870393740788
 20
176.2888398776798
 30
0.0
  0
VERTEX
  5
1626
  8
DOCUMENT-LAYER
 10
63.83644333288668
 20
176.7435007870016
 30
0.0
  0
VERTEX
  5
1627
  8
DOCUMENT-LAYER
 10
63.68404302808606
 20
177.5004273808548
 30
0.0
  0
VERTEX
  5
1628
  8
DOCUMENT-LAYER
 10
63.68404302808606
 20
177.9550882901766
 30
0.0
  0
VERTEX
  5
1629
  8
DOCUMENT-LAYER
 10
63.83644333288668
 20
178.7120098040196
 30
0.0
  0
VERTEX
  5
162A
  8
DOCUMENT-LAYER
 10
64.13870393740788
 20
179.1666757933516
 30
0.0
  0
SEQEND
  5
1C00
  8
DOCUMENT-LAYER
  0
POLYLINE
  5
1056
  8
DOCUMENT-LAYER
 66
     1
 10
0.0
 20
0.0
 30
0.0
 70
     1
 40
0.1
 41
0.1
  0
VERTEX
  5
162B
  8
DOCUMENT-LAYER
 10
66.83619949239898
 20
176.8959010918022
 30
0.0
  0
VERTEX
  5
162C
  8
DOCUMENT-LAYER
 10
66.98859979719961
 20
176.7435007870016
 30
0.0
  0
VERTEX
  5
162D
  8
DOCUMENT-LAYER
 10
66.83619949239898
 20
176.591100482201
 30
0.0
  0
VERTEX
  5
162E
  8
DOCUMENT-LAYER
 10
66.68379918759837
 20
176.7435007870016
 30
0.0
  0
SEQEND
  5
1C01
  8
DOCUMENT-LAYER
  0
POLYLINE
  5
1057
  8
DOCUMENT-LAYER
 66
     1
 10
0.0
 20
0.0
 30
0.0
 70
     1
 40
0.1
 41
0.1
  0
VERTEX
  5
162F
  8
DOCUMENT-LAYER
 10
68.77677353354707
 20
179.3190760981522
 30
0.0
  0
VERTEX
  5
1630
  8
DOCUMENT-LAYER
 10
69.0790341380683
 20
179.3190760981522
 30
0.0
  0
VERTEX
  5
1631
  8
DOCUMENT-LAYER
 10
69.5336950473901
 20
179.1666757933516
 30
0.0
  0
VERTEX
  5
1632
  8
DOCUMENT-LAYER
 10
69.8384981969964
 20
178.7120098040196
 30
0.0
  0
VERTEX
  5
1633
  8
DOCUMENT-LAYER
 10
69.9883610367221
 20
177.9550882901766
 30
0.0
  0
VERTEX
  5
1634
  8
DOCUMENT-LAYER
 10
69.9883610367221
 20
177.5004273808548
 30
0.0
  0
VERTEX
  5
1635
  8
DOCUMENT-LAYER
 10
69.8384981969964
 20
176.7435007870016
 30
0.0
  0
VERTEX
  5
1636
  8
DOCUMENT-LAYER
 10
69.5336950473901
 20
176.2888398776798
 30
0.0
  0
VERTEX
  5
1637
  8
DOCUMENT-LAYER
 10
69.0790341380683
 20
176.1364395728792
 30
0.0
  0
VERTEX
  5
1638
  8
DOCUMENT-LAYER
 10
68.77677353354707
 20
176.1364395728792
 30
0.0
  0
VERTEX
  5
1639
  8
DOCUMENT-LAYER
 10
68.3221075442151
 20
176.2888398776798
 30
0.0
  0
VERTEX
  5
163A
  8
DOCUMENT-LAYER
 10
68.01984693969388
 20
176.7435007870016
 30
0.0
  0
VERTEX
  5
163B
  8
DOCUMENT-LAYER
 10
67.86744663489327
 20
177.5004273808548
 30
0.0
  0
VERTEX
  5
163C
  8
DOCUMENT-LAYER
 10
67.86744663489327
 20
177.9550882901766
 30
0.0
  0
VERTEX
  5
163D
  8
DOCUMENT-LAYER
 10
68.01984693969388
 20
178.7120098040196
 30
0.0
  0
VERTEX
  5
163E
  8
DOCUMENT-LAYER
 10
68.3221075442151
 20
179.1666757933516
 30
0.0
  0
SEQEND
  5
1C02
  8
DOCUMENT-LAYER
  0
POLYLINE
  5
1058
  8
DOCUMENT-LAYER
 66
     1
 10
0.0
 20
0.0
 30
0.0
 70
     1
 40
0.1
 41
0.1
  0
VERTEX
  5
163F
  8
DOCUMENT-LAYER
 10
71.77652969305942
 20
179.3190760981522
 30
0.0
  0
VERTEX
  5
1640
  8
DOCUMENT-LAYER
 10
72.07879029758061
 20
179.3190760981522
 30
0.0
  0
VERTEX
  5
1641
  8
DOCUMENT-LAYER
 10
72.53345628691258
 20
179.1666757933516
 30
0.0
  0
VERTEX
  5
1642
  8
DOCUMENT-LAYER
 10
72.83825689651383
 20
178.7120098040196
 30
0.0
  0
VERTEX
  5
1643
  8
DOCUMENT-LAYER
 10
72.98811719623438
 20
177.9550882901766
 30
0.0
  0
VERTEX
  5
1644
  8
DOCUMENT-LAYER
 10
72.98811719623438
 20
177.5004273808548
 30
0.0
  0
VERTEX
  5
1645
  8
DOCUMENT-LAYER
 10
72.83825689651383
 20
176.7435007870016
 30
0.0
  0
VERTEX
  5
1646
  8
DOCUMENT-LAYER
 10
72.53345628691258
 20
176.2888398776798
 30
0.0
  0
VERTEX
  5
1647
  8
DOCUMENT-LAYER
 10
72.07879029758061
 20
176.1364395728792
 30
0.0
  0
VERTEX
  5
1648
  8
DOCUMENT-LAYER
 10
71.77652969305942
 20
176.1364395728792
 30
0.0
  0
VERTEX
  5
1649
  8
DOCUMENT-LAYER
 10
71.32186878373756
 20
176.2888398776798
 30
0.0
  0
VERTEX
  5
164A
  8
DOCUMENT-LAYER
 10
71.0196030992062
 20
176.7435007870016
 30
0.0
  0
VERTEX
  5
164B
  8
DOCUMENT-LAYER
 10
70.86720279440559
 20
177.5004273808548
 30
0.0
  0
VERTEX
  5
164C
  8
DOCUMENT-LAYER
 10
70.86720279440559
 20
177.9550882901766
 30
0.0
  0
VERTEX
  5
164D
  8
DOCUMENT-LAYER
 10
71.0196030992062
 20
178.7120098040196
 30
0.0
  0
VERTEX
  5
164E
  8
DOCUMENT-LAYER
 10
71.32186878373756
 20
179.1666757933516
 30
0.0
  0
SEQEND
  5
1C03
  8
DOCUMENT-LAYER
  0
POLYLINE
  5
1059
  8
DOCUMENT-LAYER
 66
     1
 10
0.0
 20
0.0
 30
0.0
 70
     1
 40
0.1
 41
0.1
  0
VERTEX
  5
164F
  8
DOCUMENT-LAYER
 10
21.60666177332354
 20
80.94158816317633
 30
0.0
  0
VERTEX
  5
1650
  8
DOCUMENT-LAYER
 10
21.75906461812923
 20
81.39624907249816
 30
0.0
  0
VERTEX
  5
1651
  8
DOCUMENT-LAYER
 10
22.06132522265045
 20
81.69850967701936
 30
0.0
  0
VERTEX
  5
1652
  8
DOCUMENT-LAYER
 10
22.51598613197226
 20
81.85090998181998
 30
0.0
  0
VERTEX
  5
1653
  8
DOCUMENT-LAYER
 10
22.66838643677288
 20
81.85090998181998
 30
0.0
  0
VERTEX
  5
1654
  8
DOCUMENT-LAYER
 10
23.12305242610485
 20
81.69850967701936
 30
0.0
  0
VERTEX
  5
1655
  8
DOCUMENT-LAYER
 10
23.42531303062606
 20
81.39624907249816
 30
0.0
  0
VERTEX
  5
1656
  8
DOCUMENT-LAYER
 10
23.57771333542667
 20
80.94158816317633
 30
0.0
  0
VERTEX
  5
1657
  8
DOCUMENT-LAYER
 10
23.57771333542667
 20
80.78918277836557
 30
0.0
  0
VERTEX
  5
1658
  8
DOCUMENT-LAYER
 10
23.42531303062606
 20
80.33452186904375
 30
0.0
  0
VERTEX
  5
1659
  8
DOCUMENT-LAYER
 10
23.12305242610485
 20
80.03226126452253
 30
0.0
  0
VERTEX
  5
165A
  8
DOCUMENT-LAYER
 10
22.66838643677288
 20
79.87986095972195
 30
0.0
  0
VERTEX
  5
165B
  8
DOCUMENT-LAYER
 10
22.51598613197226
 20
79.87986095972195
 30
0.0
  0
VERTEX
  5
165C
  8
DOCUMENT-LAYER
 10
22.06132522265045
 20
80.03226126452253
 30
0.0
  0
VERTEX
  5
165D
  8
DOCUMENT-LAYER
 10
21.75906461812923
 20
80.33452186904375
 30
0.0
  0
SEQEND
  5
1C04
  8
DOCUMENT-LAYER
  0
POLYLINE
  5
1060
  8
DOCUMENT-LAYER
 66
     1
 10
0.0
 20
0.0
 30
0.0
 70
     1
 40
0.1
 41
0.1
  0
VERTEX
  5
165E
  8
DOCUMENT-LAYER
 10
64.90336230672463
 20
113.8966427732856
 30
0.0
  0
VERTEX
  5
165F
  8
DOCUMENT-LAYER
 10
64.44869885739772
 20
114.0490430780862
 30
0.0
  0
VERTEX
  5
1660
  8
DOCUMENT-LAYER
 10
64.14643571287144
 20
114.3513036826074
 30
0.0
  0
VERTEX
  5
1661
  8
DOCUMENT-LAYER
 10
63.99403540807082
 20
114.8059645919292
 30
0.0
  0
VERTEX
  5
1662
  8
DOCUMENT-LAYER
 10
63.99403540807082
 20
114.9558274316549
 30
0.0
  0
VERTEX
  5
1663
  8
DOCUMENT-LAYER
 10
64.14643571287144
 20
115.4104908809818
 30
0.0
  0
VERTEX
  5
1664
  8
DOCUMENT-LAYER
 10
64.44869885739772
 20
115.715291490583
 30
0.0
  0
VERTEX
  5
1665
  8
DOCUMENT-LAYER
 10
64.90336230672463
 20
115.8651517903036
 30
0.0
  0
VERTEX
  5
1666
  8
DOCUMENT-LAYER
 10
65.05576261152524
 20
115.8651517903036
 30
0.0
  0
VERTEX
  5
1667
  8
DOCUMENT-LAYER
 10
65.51042352084707
 20
115.715291490583
 30
0.0
  0
VERTEX
  5
1668
  8
DOCUMENT-LAYER
 10
65.81268666537335
 20
115.4104908809818
 30
0.0
  0
VERTEX
  5
1669
  8
DOCUMENT-LAYER
 10
65.96508697017393
 20
114.9558274316549
 30
0.0
  0
VERTEX
  5
166A
  8
DOCUMENT-LAYER
 10
65.96508697017393
 20
114.8059645919292
 30
0.0
  0
VERTEX
  5
166B
  8
DOCUMENT-LAYER
 10
65.81268666537335
 20
114.3513036826074
 30
0.0
  0
VERTEX
  5
166C
  8
DOCUMENT-LAYER
 10
65.51042352084707
 20
114.0490430780862
 30
0.0
  0
SEQEND
  5
1C05
  8
DOCUMENT-LAYER
  0
POLYLINE
  5
1061
  8
DOCUMENT-LAYER
 66
     1
 10
0.0
 20
0.0
 30
0.0
 70
     1
 40
0.1
 41
0.1
  0
VERTEX
  5
166D
  8
DOCUMENT-LAYER
 10
-22.04423230846462
 20
71.52993461986925
 30
0.0
  0
VERTEX
  5
166E
  8
DOCUMENT-LAYER
 10
-22.49889575779152
 20
71.68233492466986
 30
0.0
  0
VERTEX
  5
166F
  8
DOCUMENT-LAYER
 10
-22.80115636231273
 20
71.98460060920124
 30
0.0
  0
VERTEX
  5
1670
  8
DOCUMENT-LAYER
 10
-22.95355920711842
 20
72.43926151852304
 30
0.0
  0
VERTEX
  5
1671
  8
DOCUMENT-LAYER
 10
-22.95355920711842
 20
72.59166182332366
 30
0.0
  0
VERTEX
  5
1672
  8
DOCUMENT-LAYER
 10
-22.80115636231273
 20
73.04632527265056
 30
0.0
  0
VERTEX
  5
1673
  8
DOCUMENT-LAYER
 10
-22.49889575779152
 20
73.34858841717684
 30
0.0
  0
VERTEX
  5
1674
  8
DOCUMENT-LAYER
 10
-22.04423230846462
 20
73.50098872197745
 30
0.0
  0
VERTEX
  5
1675
  8
DOCUMENT-LAYER
 10
-21.89183200366401
 20
73.50098872197745
 30
0.0
  0
VERTEX
  5
1676
  8
DOCUMENT-LAYER
 10
-21.43716855433711
 20
73.34858841717684
 30
0.0
  0
VERTEX
  5
1677
  8
DOCUMENT-LAYER
 10
-21.1349079498159
 20
73.04632527265056
 30
0.0
  0
VERTEX
  5
1678
  8
DOCUMENT-LAYER
 10
-20.98250510501021
 20
72.59166182332366
 30
0.0
  0
VERTEX
  5
1679
  8
DOCUMENT-LAYER
 10
-20.98250510501021
 20
72.43926151852304
 30
0.0
  0
VERTEX
  5
167A
  8
DOCUMENT-LAYER
 10
-21.1349079498159
 20
71.98460060920124
 30
0.0
  0
VERTEX
  5
167B
  8
DOCUMENT-LAYER
 10
-21.43716855433711
 20
71.68233492466986
 30
0.0
  0
SEQEND
  5
1C06
  8
DOCUMENT-LAYER
  0
POLYLINE
  5
1062
  8
DOCUMENT-LAYER
 66
     1
 10
0.0
 20
0.0
 30
0.0
 70
     1
 40
0.1
 41
0.1
  0
VERTEX
  5
167C
  8
DOCUMENT-LAYER
 10
55.90911541823085
 20
61.60452694905391
 30
0.0
  0
VERTEX
  5
167D
  8
DOCUMENT-LAYER
 10
55.98531557063115
 20
61.53086680173361
 30
0.0
  0
VERTEX
  5
167E
  8
DOCUMENT-LAYER
 10
55.90911541823085
 20
61.45720665441333
 30
0.0
  0
VERTEX
  5
167F
  8
DOCUMENT-LAYER
 10
55.83545273090547
 20
61.53086680173361
 30
0.0
  0
SEQEND
  5
1C07
  8
DOCUMENT-LAYER
  0
POLYLINE
  5
1063
  8
DOCUMENT-LAYER
 66
     1
 10
0.0
 20
0.0
 30
0.0
 70
     1
 40
0.1
 41
0.1
  0
VERTEX
  5
1680
  8
DOCUMENT-LAYER
 10
69.1039973079946
 20
72.06386146772294
 30
0.0
  0
VERTEX
  5
1681
  8
DOCUMENT-LAYER
 10
69.17765745531494
 20
72.14006162012325
 30
0.0
  0
VERTEX
  5
1682
  8
DOCUMENT-LAYER
 10
69.25131760263523
 20
72.06386146772294
 30
0.0
  0
VERTEX
  5
1683
  8
DOCUMENT-LAYER
 10
69.17765745531494
 20
71.99020132040266
 30
0.0
  0
SEQEND
  5
1C08
  8
DOCUMENT-LAYER
  0
POLYLINE
  5
1064
  8
DOCUMENT-LAYER
 66
     1
 10
0.0
 20
0.0
 30
0.0
 70
     1
 40
0.1
 41
0.1
  0
VERTEX
  5
1684
  8
DOCUMENT-LAYER
 10
67.91019238038476
 20
73.09764607529218
 30
0.0
  0
VERTEX
  5
1685
  8
DOCUMENT-LAYER
 10
67.91019238038476
 20
73.24750637501278
 30
0.0
  0
VERTEX
  5
1686
  8
DOCUMENT-LAYER
 10
67.98385252770507
 20
73.47102682205364
 30
0.0
  0
VERTEX
  5
1687
  8
DOCUMENT-LAYER
 10
68.20737297474597
 20
73.62088712177425
 30
0.0
  0
VERTEX
  5
1688
  8
DOCUMENT-LAYER
 10
68.58075372150748
 20
73.69454980909964
 30
0.0
  0
VERTEX
  5
1689
  8
DOCUMENT-LAYER
 10
68.80427416854835
 20
73.69454980909964
 30
0.0
  0
VERTEX
  5
168A
  8
DOCUMENT-LAYER
 10
69.17765745531494
 20
73.62088712177425
 30
0.0
  0
VERTEX
  5
168B
  8
DOCUMENT-LAYER
 10
69.40117790235581
 20
73.47102682205364
 30
0.0
  0
VERTEX
  5
168C
  8
DOCUMENT-LAYER
 10
69.47483804967612
 20
73.24750637501278
 30
0.0
  0
VERTEX
  5
168D
  8
DOCUMENT-LAYER
 10
69.47483804967612
 20
73.09764607529218
 30
0.0
  0
VERTEX
  5
168E
  8
DOCUMENT-LAYER
 10
69.40117790235581
 20
72.87412562825128
 30
0.0
  0
VERTEX
  5
168F
  8
DOCUMENT-LAYER
 10
69.17765745531494
 20
72.72426532853066
 30
0.0
  0
VERTEX
  5
1690
  8
DOCUMENT-LAYER
 10
68.80427416854835
 20
72.65060518121038
 30
0.0
  0
VERTEX
  5
1691
  8
DOCUMENT-LAYER
 10
68.58075372150748
 20
72.65060518121038
 30
0.0
  0
VERTEX
  5
1692
  8
DOCUMENT-LAYER
 10
68.20737297474597
 20
72.72426532853066
 30
0.0
  0
VERTEX
  5
1693
  8
DOCUMENT-LAYER
 10
67.98385252770507
 20
72.87412562825128
 30
0.0
  0
SEQEND
  5
1C09
  8
DOCUMENT-LAYER
  0
POLYLINE
  5
1065
  8
DOCUMENT-LAYER
 66
     1
 10
0.0
 20
0.0
 30
0.0
 70
     1
 40
0.1
 41
0.1
  0
VERTEX
  5
1694
  8
DOCUMENT-LAYER
 10
67.91019238038476
 20
74.65213172426347
 30
0.0
  0
VERTEX
  5
1695
  8
DOCUMENT-LAYER
 10
67.91019238038476
 20
74.80199202398407
 30
0.0
  0
VERTEX
  5
1696
  8
DOCUMENT-LAYER
 10
67.98385252770507
 20
75.02551501103004
 30
0.0
  0
VERTEX
  5
1697
  8
DOCUMENT-LAYER
 10
68.20737297474597
 20
75.17537531075064
 30
0.0
  0
VERTEX
  5
1698
  8
DOCUMENT-LAYER
 10
68.58075372150748
 20
75.24903545807094
 30
0.0
  0
VERTEX
  5
1699
  8
DOCUMENT-LAYER
 10
68.80427416854835
 20
75.24903545807094
 30
0.0
  0
VERTEX
  5
169A
  8
DOCUMENT-LAYER
 10
69.17765745531494
 20
75.17537531075064
 30
0.0
  0
VERTEX
  5
169B
  8
DOCUMENT-LAYER
 10
69.40117790235581
 20
75.02551501103004
 30
0.0
  0
VERTEX
  5
169C
  8
DOCUMENT-LAYER
 10
69.47483804967612
 20
74.80199202398407
 30
0.0
  0
VERTEX
  5
169D
  8
DOCUMENT-LAYER
 10
69.47483804967612
 20
74.65213172426347
 30
0.0
  0
VERTEX
  5
169E
  8
DOCUMENT-LAYER
 10
69.40117790235581
 20
74.42861127722257
 30
0.0
  0
VERTEX
  5
169F
  8
DOCUMENT-LAYER
 10
69.17765745531494
 20
74.27875097750196
 30
0.0
  0
VERTEX
  5
16A0
  8
DOCUMENT-LAYER
 10
68.80427416854835
 20
74.20509083018167
 30
0.0
  0
VERTEX
  5
16A1
  8
DOCUMENT-LAYER
 10
68.58075372150748
 20
74.20509083018167
 30
0.0
  0
VERTEX
  5
16A2
  8
DOCUMENT-LAYER
 10
68.20737297474597
 20
74.27875097750196
 30
0.0
  0
VERTEX
  5
16A3
  8
DOCUMENT-LAYER
 10
67.98385252770507
 20
74.42861127722257
 30
0.0
  0
SEQEND
  5
1C0A
  8
DOCUMENT-LAYER
  0
POLYLINE
  5
1078
  8
DOCUMENT-LAYER
 66
     1
 10
0.0
 20
0.0
 30
0.0
 40
0.1
 41
0.1
  0
VERTEX
  5
16A4
  8
DOCUMENT-LAYER
 10
30.23271206542412
 20
52.73302580605161
 30
0.0
  0
VERTEX
  5
16A5
  8
DOCUMENT-LAYER
 10
30.23271206542412
 20
49.23300802601606
 30
0.0
  0
SEQEND
  5
1C0B
  8
DOCUMENT-LAYER
  0
POLYLINE
  5
1079
  8
DOCUMENT-LAYER
 66
     1
 10
0.0
 20
0.0
 30
0.0
 40
0.1
 41
0.1
  0
VERTEX
  5
16A6
  8
DOCUMENT-LAYER
 10
30.23271206542412
 20
49.23300802601606
 30
0.0
  0
VERTEX
  5
16A7
  8
DOCUMENT-LAYER
 10
31.45771587543176
 20
49.23300802601606
 30
0.0
  0
SEQEND
  5
1C0C
  8
DOCUMENT-LAYER
  0
POLYLINE
  5
1080
  8
DOCUMENT-LAYER
 66
     1
 10
0.0
 20
0.0
 30
0.0
 40
0.1
 41
0.1
  0
VERTEX
  5
16A8
  8
DOCUMENT-LAYER
 10
35.28585913171827
 20
51.56635067270135
 30
0.0
  0
VERTEX
  5
16A9
  8
DOCUMENT-LAYER
 10
36.2046094492189
 20
50.69135194270389
 30
0.0
  0
SEQEND
  5
1C0D
  8
DOCUMENT-LAYER
  0
POLYLINE
  5
1081
  8
DOCUMENT-LAYER
 66
     1
 10
0.0
 20
0.0
 30
0.0
 40
0.1
 41
0.1
  0
VERTEX
  5
16AA
  8
DOCUMENT-LAYER
 10
36.2046094492189
 20
50.69135194270389
 30
0.0
  0
VERTEX
  5
16AB
  8
DOCUMENT-LAYER
 10
36.35773619547239
 20
50.3996856993714
 30
0.0
  0
SEQEND
  5
1C0E
  8
DOCUMENT-LAYER
  0
POLYLINE
  5
1082
  8
DOCUMENT-LAYER
 66
     1
 10
0.0
 20
0.0
 30
0.0
 40
0.1
 41
0.1
  0
VERTEX
  5
16AC
  8
DOCUMENT-LAYER
 10
36.35773619547239
 20
50.3996856993714
 30
0.0
  0
VERTEX
  5
16AD
  8
DOCUMENT-LAYER
 10
36.35773619547239
 20
49.81634813269626
 30
0.0
  0
SEQEND
  5
1C0F
  8
DOCUMENT-LAYER
  0
POLYLINE
  5
1083
  8
DOCUMENT-LAYER
 66
     1
 10
0.0
 20
0.0
 30
0.0
 40
0.1
 41
0.1
  0
VERTEX
  5
16AE
  8
DOCUMENT-LAYER
 10
36.35773619547239
 20
49.81634813269626
 30
0.0
  0
VERTEX
  5
16AF
  8
DOCUMENT-LAYER
 10
36.2046094492189
 20
49.52467680935362
 30
0.0
  0
SEQEND
  5
1C10
  8
DOCUMENT-LAYER
  0
POLYLINE
  5
1084
  8
DOCUMENT-LAYER
 66
     1
 10
0.0
 20
0.0
 30
0.0
 40
0.1
 41
0.1
  0
VERTEX
  5
16B0
  8
DOCUMENT-LAYER
 10
36.2046094492189
 20
49.52467680935362
 30
0.0
  0
VERTEX
  5
16B1
  8
DOCUMENT-LAYER
 10
35.898358496717
 20
49.23300802601606
 30
0.0
  0
SEQEND
  5
1C11
  8
DOCUMENT-LAYER
  0
POLYLINE
  5
1085
  8
DOCUMENT-LAYER
 66
     1
 10
0.0
 20
0.0
 30
0.0
 40
0.1
 41
0.1
  0
VERTEX
  5
16B2
  8
DOCUMENT-LAYER
 10
35.898358496717
 20
49.23300802601606
 30
0.0
  0
VERTEX
  5
16B3
  8
DOCUMENT-LAYER
 10
35.59211008422017
 20
49.23300802601606
 30
0.0
  0
SEQEND
  5
1C12
  8
DOCUMENT-LAYER
  0
POLYLINE
  5
1086
  8
DOCUMENT-LAYER
 66
     1
 10
0.0
 20
0.0
 30
0.0
 40
0.1
 41
0.1
  0
VERTEX
  5
16B4
  8
DOCUMENT-LAYER
 10
35.59211008422017
 20
49.23300802601606
 30
0.0
  0
VERTEX
  5
16B5
  8
DOCUMENT-LAYER
 10
35.28585913171827
 20
49.52467680935362
 30
0.0
  0
SEQEND
  5
1C13
  8
DOCUMENT-LAYER
  0
POLYLINE
  5
1087
  8
DOCUMENT-LAYER
 66
     1
 10
0.0
 20
0.0
 30
0.0
 40
0.1
 41
0.1
  0
VERTEX
  5
16B6
  8
DOCUMENT-LAYER
 10
35.28585913171827
 20
49.52467680935362
 30
0.0
  0
VERTEX
  5
16B7
  8
DOCUMENT-LAYER
 10
34.9796030992062
 20
50.10801691603385
 30
0.0
  0
SEQEND
  5
1C14
  8
DOCUMENT-LAYER
  0
POLYLINE
  5
1088
  8
DOCUMENT-LAYER
 66
     1
 10
0.0
 20
0.0
 30
0.0
 40
0.1
 41
0.1
  0
VERTEX
  5
16B8
  8
DOCUMENT-LAYER
 10
36.35773619547239
 20
52.14968569937142
 30
0.0
  0
VERTEX
  5
16B9
  8
DOCUMENT-LAYER
 10
36.2046094492189
 20
52.44135194270389
 30
0.0
  0
SEQEND
  5
1C15
  8
DOCUMENT-LAYER
  0
POLYLINE
  5
1089
  8
DOCUMENT-LAYER
 66
     1
 10
0.0
 20
0.0
 30
0.0
 40
0.1
 41
0.1
  0
VERTEX
  5
16BA
  8
DOCUMENT-LAYER
 10
36.2046094492189
 20
52.44135194270389
 30
0.0
  0
VERTEX
  5
16BB
  8
DOCUMENT-LAYER
 10
35.898358496717
 20
52.73302580605161
 30
0.0
  0
SEQEND
  5
1C16
  8
DOCUMENT-LAYER
  0
POLYLINE
  5
1090
  8
DOCUMENT-LAYER
 66
     1
 10
0.0
 20
0.0
 30
0.0
 40
0.1
 41
0.1
  0
VERTEX
  5
16BC
  8
DOCUMENT-LAYER
 10
35.898358496717
 20
52.73302580605161
 30
0.0
  0
VERTEX
  5
16BD
  8
DOCUMENT-LAYER
 10
35.59211008422017
 20
52.73302580605161
 30
0.0
  0
SEQEND
  5
1C17
  8
DOCUMENT-LAYER
  0
POLYLINE
  5
1091
  8
DOCUMENT-LAYER
 66
     1
 10
0.0
 20
0.0
 30
0.0
 40
0.1
 41
0.1
  0
VERTEX
  5
16BE
  8
DOCUMENT-LAYER
 10
35.59211008422017
 20
52.73302580605161
 30
0.0
  0
VERTEX
  5
16BF
  8
DOCUMENT-LAYER
 10
35.28585913171827
 20
52.44135194270389
 30
0.0
  0
SEQEND
  5
1C18
  8
DOCUMENT-LAYER
  0
POLYLINE
  5
1092
  8
DOCUMENT-LAYER
 66
     1
 10
0.0
 20
0.0
 30
0.0
 40
0.1
 41
0.1
  0
VERTEX
  5
16C0
  8
DOCUMENT-LAYER
 10
35.28585913171827
 20
52.44135194270389
 30
0.0
  0
VERTEX
  5
16C1
  8
DOCUMENT-LAYER
 10
35.13273492546985
 20
52.14968569937142
 30
0.0
  0
SEQEND
  5
1C19
  8
DOCUMENT-LAYER
  0
POLYLINE
  5
1093
  8
DOCUMENT-LAYER
 66
     1
 10
0.0
 20
0.0
 30
0.0
 40
0.1
 41
0.1
  0
VERTEX
  5
16C2
  8
DOCUMENT-LAYER
 10
35.13273492546985
 20
52.14968569937142
 30
0.0
  0
VERTEX
  5
16C3
  8
DOCUMENT-LAYER
 10
35.13273492546985
 20
51.85801945603893
 30
0.0
  0
SEQEND
  5
1C1A
  8
DOCUMENT-LAYER
  0
POLYLINE
  5
1094
  8
DOCUMENT-LAYER
 66
     1
 10
0.0
 20
0.0
 30
0.0
 40
0.1
 41
0.1
  0
VERTEX
  5
16C4
  8
DOCUMENT-LAYER
 10
35.13273492546985
 20
51.85801945603893
 30
0.0
  0
VERTEX
  5
16C5
  8
DOCUMENT-LAYER
 10
35.28585913171827
 20
51.56635067270135
 30
0.0
  0
SEQEND
  5
1C1B
  8
DOCUMENT-LAYER
  0
POLYLINE
  5
1095
  8
DOCUMENT-LAYER
 66
     1
 10
0.0
 20
0.0
 30
0.0
 40
0.1
 41
0.1
  0
VERTEX
  5
16C6
  8
DOCUMENT-LAYER
 10
38.6546221492443
 20
50.98301818603639
 30
0.0
  0
VERTEX
  5
16C7
  8
DOCUMENT-LAYER
 10
38.96087056174111
 20
50.3996856993714
 30
0.0
  0
SEQEND
  5
1C1C
  8
DOCUMENT-LAYER
  0
POLYLINE
  5
1096
  8
DOCUMENT-LAYER
 66
     1
 10
0.0
 20
0.0
 30
0.0
 40
0.1
 41
0.1
  0
VERTEX
  5
16C8
  8
DOCUMENT-LAYER
 10
38.96087056174111
 20
50.3996856993714
 30
0.0
  0
VERTEX
  5
16C9
  8
DOCUMENT-LAYER
 10
38.96087056174111
 20
50.10801691603385
 30
0.0
  0
SEQEND
  5
1C1D
  8
DOCUMENT-LAYER
  0
POLYLINE
  5
1097
  8
DOCUMENT-LAYER
 66
     1
 10
0.0
 20
0.0
 30
0.0
 40
0.1
 41
0.1
  0
VERTEX
  5
16CA
  8
DOCUMENT-LAYER
 10
38.96087056174111
 20
50.10801691603385
 30
0.0
  0
VERTEX
  5
16CB
  8
DOCUMENT-LAYER
 10
38.6546221492443
 20
49.52467680935362
 30
0.0
  0
SEQEND
  5
1C1E
  8
DOCUMENT-LAYER
  0
POLYLINE
  5
1098
  8
DOCUMENT-LAYER
 66
     1
 10
0.0
 20
0.0
 30
0.0
 40
0.1
 41
0.1
  0
VERTEX
  5
16CC
  8
DOCUMENT-LAYER
 10
38.6546221492443
 20
49.52467680935362
 30
0.0
  0
VERTEX
  5
16CD
  8
DOCUMENT-LAYER
 10
38.3483711967424
 20
49.23300802601606
 30
0.0
  0
SEQEND
  5
1C1F
  8
DOCUMENT-LAYER
  0
POLYLINE
  5
1099
  8
DOCUMENT-LAYER
 66
     1
 10
0.0
 20
0.0
 30
0.0
 40
0.1
 41
0.1
  0
VERTEX
  5
16CE
  8
DOCUMENT-LAYER
 10
38.3483711967424
 20
49.23300802601606
 30
0.0
  0
VERTEX
  5
16CF
  8
DOCUMENT-LAYER
 10
38.0421177042354
 20
49.23300802601606
 30
0.0
  0
SEQEND
  5
1C20
  8
DOCUMENT-LAYER
  0
POLYLINE
  5
1100
  8
DOCUMENT-LAYER
 66
     1
 10
0.0
 20
0.0
 30
0.0
 40
0.1
 41
0.1
  0
VERTEX
  5
16D0
  8
DOCUMENT-LAYER
 10
38.0421177042354
 20
49.23300802601606
 30
0.0
  0
VERTEX
  5
16D1
  8
DOCUMENT-LAYER
 10
37.73586929173859
 20
49.52467680935362
 30
0.0
  0
SEQEND
  5
1C21
  8
DOCUMENT-LAYER
  0
POLYLINE
  5
1101
  8
DOCUMENT-LAYER
 66
     1
 10
0.0
 20
0.0
 30
0.0
 40
0.1
 41
0.1
  0
VERTEX
  5
16D2
  8
DOCUMENT-LAYER
 10
37.73586929173859
 20
49.52467680935362
 30
0.0
  0
VERTEX
  5
16D3
  8
DOCUMENT-LAYER
 10
37.58274000548001
 20
49.81634813269626
 30
0.0
  0
SEQEND
  5
1C22
  8
DOCUMENT-LAYER
  0
POLYLINE
  5
1102
  8
DOCUMENT-LAYER
 66
     1
 10
0.0
 20
0.0
 30
0.0
 40
0.1
 41
0.1
  0
VERTEX
  5
16D4
  8
DOCUMENT-LAYER
 10
33.29522413044826
 20
51.56635067270135
 30
0.0
  0
VERTEX
  5
16D5
  8
DOCUMENT-LAYER
 10
33.90772857545715
 20
49.23300802601606
 30
0.0
  0
SEQEND
  5
1C23
  8
DOCUMENT-LAYER
  0
POLYLINE
  5
1103
  8
DOCUMENT-LAYER
 66
     1
 10
0.0
 20
0.0
 30
0.0
 40
0.1
 41
0.1
  0
VERTEX
  5
16D6
  8
DOCUMENT-LAYER
 10
32.68272222544446
 20
52.73302580605161
 30
0.0
  0
VERTEX
  5
16D7
  8
DOCUMENT-LAYER
 10
32.68272222544446
 20
49.23300802601606
 30
0.0
  0
SEQEND
  5
1C24
  8
DOCUMENT-LAYER
  0
POLYLINE
  5
1104
  8
DOCUMENT-LAYER
 66
     1
 10
0.0
 20
0.0
 30
0.0
 40
0.1
 41
0.1
  0
VERTEX
  5
16D8
  8
DOCUMENT-LAYER
 10
42.32963611927223
 20
49.23300802601606
 30
0.0
  0
VERTEX
  5
16D9
  8
DOCUMENT-LAYER
 10
42.32963611927223
 20
52.73302580605161
 30
0.0
  0
SEQEND
  5
1C25
  8
DOCUMENT-LAYER
  0
POLYLINE
  5
1105
  8
DOCUMENT-LAYER
 66
     1
 10
0.0
 20
0.0
 30
0.0
 40
0.1
 41
0.1
  0
VERTEX
  5
16DA
  8
DOCUMENT-LAYER
 10
42.32963611927223
 20
52.73302580605161
 30
0.0
  0
VERTEX
  5
16DB
  8
DOCUMENT-LAYER
 10
43.09526477052955
 20
49.81634813269626
 30
0.0
  0
SEQEND
  5
1C26
  8
DOCUMENT-LAYER
  0
POLYLINE
  5
1106
  8
DOCUMENT-LAYER
 66
     1
 10
0.0
 20
0.0
 30
0.0
 40
0.1
 41
0.1
  0
VERTEX
  5
16DC
  8
DOCUMENT-LAYER
 10
43.09526477052955
 20
49.81634813269626
 30
0.0
  0
VERTEX
  5
16DD
  8
DOCUMENT-LAYER
 10
43.86089342178685
 20
52.73302580605161
 30
0.0
  0
SEQEND
  5
1C27
  8
DOCUMENT-LAYER
  0
POLYLINE
  5
1107
  8
DOCUMENT-LAYER
 66
     1
 10
0.0
 20
0.0
 30
0.0
 40
0.1
 41
0.1
  0
VERTEX
  5
16DE
  8
DOCUMENT-LAYER
 10
43.86089342178685
 20
52.73302580605161
 30
0.0
  0
VERTEX
  5
16DF
  8
DOCUMENT-LAYER
 10
43.86089342178685
 20
49.23300802601606
 30
0.0
  0
SEQEND
  5
1C28
  8
DOCUMENT-LAYER
  0
POLYLINE
  5
1108
  8
DOCUMENT-LAYER
 66
     1
 10
0.0
 20
0.0
 30
0.0
 40
0.1
 41
0.1
  0
VERTEX
  5
16E0
  8
DOCUMENT-LAYER
 10
38.0421177042354
 20
51.27468188936379
 30
0.0
  0
VERTEX
  5
16E1
  8
DOCUMENT-LAYER
 10
38.3483711967424
 20
51.27468188936379
 30
0.0
  0
SEQEND
  5
1C29
  8
DOCUMENT-LAYER
  0
POLYLINE
  5
1109
  8
DOCUMENT-LAYER
 66
     1
 10
0.0
 20
0.0
 30
0.0
 40
0.1
 41
0.1
  0
VERTEX
  5
16E2
  8
DOCUMENT-LAYER
 10
52.74217612435226
 20
51.27468188936379
 30
0.0
  0
VERTEX
  5
16E3
  8
DOCUMENT-LAYER
 10
53.04842961685925
 20
51.27468188936379
 30
0.0
  0
SEQEND
  5
1C2A
  8
DOCUMENT-LAYER
  0
POLYLINE
  5
1110
  8
DOCUMENT-LAYER
 66
     1
 10
0.0
 20
0.0
 30
0.0
 40
0.1
 41
0.1
  0
VERTEX
  5
16E4
  8
DOCUMENT-LAYER
 10
84.28605471210946
 20
51.27468188936379
 30
0.0
  0
VERTEX
  5
16E5
  8
DOCUMENT-LAYER
 10
85.20480756961516
 20
51.27468188936379
 30
0.0
  0
SEQEND
  5
1C2B
  8
DOCUMENT-LAYER
  0
POLYLINE
  5
1111
  8
DOCUMENT-LAYER
 66
     1
 10
0.0
 20
0.0
 30
0.0
 40
0.1
 41
0.1
  0
VERTEX
  5
16E6
  8
DOCUMENT-LAYER
 10
51.05779461558924
 20
52.73302580605161
 30
0.0
  0
VERTEX
  5
16E7
  8
DOCUMENT-LAYER
 10
50.13903921807844
 20
52.73302580605161
 30
0.0
  0
SEQEND
  5
1C2C
  8
DOCUMENT-LAYER
  0
POLYLINE
  5
1112
  8
DOCUMENT-LAYER
 66
     1
 10
0.0
 20
0.0
 30
0.0
 40
0.1
 41
0.1
  0
VERTEX
  5
16E8
  8
DOCUMENT-LAYER
 10
50.13903921807844
 20
52.73302580605161
 30
0.0
  0
VERTEX
  5
16E9
  8
DOCUMENT-LAYER
 10
49.98591755183511
 20
51.27468188936379
 30
0.0
  0
SEQEND
  5
1C2D
  8
DOCUMENT-LAYER
  0
POLYLINE
  5
1113
  8
DOCUMENT-LAYER
 66
     1
 10
0.0
 20
0.0
 30
0.0
 40
0.1
 41
0.1
  0
VERTEX
  5
16EA
  8
DOCUMENT-LAYER
 10
49.98591755183511
 20
51.27468188936379
 30
0.0
  0
VERTEX
  5
16EB
  8
DOCUMENT-LAYER
 10
50.29216342432685
 20
51.56635067270135
 30
0.0
  0
SEQEND
  5
1C2E
  8
DOCUMENT-LAYER
  0
POLYLINE
  5
1114
  8
DOCUMENT-LAYER
 66
     1
 10
0.0
 20
0.0
 30
0.0
 40
0.1
 41
0.1
  0
VERTEX
  5
16EC
  8
DOCUMENT-LAYER
 10
50.29216342432685
 20
51.56635067270135
 30
0.0
  0
VERTEX
  5
16ED
  8
DOCUMENT-LAYER
 10
50.59841691683385
 20
51.56635067270135
 30
0.0
  0
SEQEND
  5
1C2F
  8
DOCUMENT-LAYER
  0
POLYLINE
  5
1115
  8
DOCUMENT-LAYER
 66
     1
 10
0.0
 20
0.0
 30
0.0
 40
0.1
 41
0.1
  0
VERTEX
  5
16EE
  8
DOCUMENT-LAYER
 10
50.59841691683385
 20
51.56635067270135
 30
0.0
  0
VERTEX
  5
16EF
  8
DOCUMENT-LAYER
 10
50.9046729493459
 20
51.27468188936379
 30
0.0
  0
SEQEND
  5
1C30
  8
DOCUMENT-LAYER
  0
POLYLINE
  5
1116
  8
DOCUMENT-LAYER
 66
     1
 10
0.0
 20
0.0
 30
0.0
 40
0.1
 41
0.1
  0
VERTEX
  5
16F0
  8
DOCUMENT-LAYER
 10
50.9046729493459
 20
51.27468188936379
 30
0.0
  0
VERTEX
  5
16F1
  8
DOCUMENT-LAYER
 10
51.05779461558924
 20
50.98301818603639
 30
0.0
  0
SEQEND
  5
1C31
  8
DOCUMENT-LAYER
  0
POLYLINE
  5
1117
  8
DOCUMENT-LAYER
 66
     1
 10
0.0
 20
0.0
 30
0.0
 40
0.1
 41
0.1
  0
VERTEX
  5
16F2
  8
DOCUMENT-LAYER
 10
51.05779461558924
 20
50.98301818603639
 30
0.0
  0
VERTEX
  5
16F3
  8
DOCUMENT-LAYER
 10
51.21092390184781
 20
50.3996856993714
 30
0.0
  0
SEQEND
  5
1C32
  8
DOCUMENT-LAYER
  0
POLYLINE
  5
1118
  8
DOCUMENT-LAYER
 66
     1
 10
0.0
 20
0.0
 30
0.0
 40
0.1
 41
0.1
  0
VERTEX
  5
16F4
  8
DOCUMENT-LAYER
 10
51.21092390184781
 20
50.3996856993714
 30
0.0
  0
VERTEX
  5
16F5
  8
DOCUMENT-LAYER
 10
51.05779461558924
 20
49.81634813269626
 30
0.0
  0
SEQEND
  5
1C33
  8
DOCUMENT-LAYER
  0
POLYLINE
  5
1119
  8
DOCUMENT-LAYER
 66
     1
 10
0.0
 20
0.0
 30
0.0
 40
0.1
 41
0.1
  0
VERTEX
  5
16F6
  8
DOCUMENT-LAYER
 10
51.05779461558924
 20
49.81634813269626
 30
0.0
  0
VERTEX
  5
16F7
  8
DOCUMENT-LAYER
 10
50.9046729493459
 20
49.52467680935362
 30
0.0
  0
SEQEND
  5
1C34
  8
DOCUMENT-LAYER
  0
POLYLINE
  5
1120
  8
DOCUMENT-LAYER
 66
     1
 10
0.0
 20
0.0
 30
0.0
 40
0.1
 41
0.1
  0
VERTEX
  5
16F8
  8
DOCUMENT-LAYER
 10
50.9046729493459
 20
49.52467680935362
 30
0.0
  0
VERTEX
  5
16F9
  8
DOCUMENT-LAYER
 10
50.59841691683385
 20
49.23300802601606
 30
0.0
  0
SEQEND
  5
1C35
  8
DOCUMENT-LAYER
  0
POLYLINE
  5
1121
  8
DOCUMENT-LAYER
 66
     1
 10
0.0
 20
0.0
 30
0.0
 40
0.1
 41
0.1
  0
VERTEX
  5
16FA
  8
DOCUMENT-LAYER
 10
50.59841691683385
 20
49.23300802601606
 30
0.0
  0
VERTEX
  5
16FB
  8
DOCUMENT-LAYER
 10
50.29216342432685
 20
49.23300802601606
 30
0.0
  0
SEQEND
  5
1C36
  8
DOCUMENT-LAYER
  0
POLYLINE
  5
1122
  8
DOCUMENT-LAYER
 66
     1
 10
0.0
 20
0.0
 30
0.0
 40
0.1
 41
0.1
  0
VERTEX
  5
16FC
  8
DOCUMENT-LAYER
 10
50.29216342432685
 20
49.23300802601606
 30
0.0
  0
VERTEX
  5
16FD
  8
DOCUMENT-LAYER
 10
49.98591755183511
 20
49.52467680935362
 30
0.0
  0
SEQEND
  5
1C37
  8
DOCUMENT-LAYER
  0
POLYLINE
  5
1123
  8
DOCUMENT-LAYER
 66
     1
 10
0.0
 20
0.0
 30
0.0
 40
0.1
 41
0.1
  0
VERTEX
  5
16FE
  8
DOCUMENT-LAYER
 10
49.98591755183511
 20
49.52467680935362
 30
0.0
  0
VERTEX
  5
16FF
  8
DOCUMENT-LAYER
 10
49.83278826557655
 20
49.81634813269626
 30
0.0
  0
SEQEND
  5
1C38
  8
DOCUMENT-LAYER
  0
POLYLINE
  5
1124
  8
DOCUMENT-LAYER
 66
     1
 10
0.0
 20
0.0
 30
0.0
 40
0.1
 41
0.1
  0
VERTEX
  5
1700
  8
DOCUMENT-LAYER
 10
59.47970723941449
 20
52.73302580605161
 30
0.0
  0
VERTEX
  5
1701
  8
DOCUMENT-LAYER
 10
61.01096200192402
 20
52.73302580605161
 30
0.0
  0
SEQEND
  5
1C39
  8
DOCUMENT-LAYER
  0
POLYLINE
  5
1125
  8
DOCUMENT-LAYER
 66
     1
 10
0.0
 20
0.0
 30
0.0
 40
0.1
 41
0.1
  0
VERTEX
  5
1702
  8
DOCUMENT-LAYER
 10
53.35468310936623
 20
50.98301818603639
 30
0.0
  0
VERTEX
  5
1703
  8
DOCUMENT-LAYER
 10
53.66092898185797
 20
50.3996856993714
 30
0.0
  0
SEQEND
  5
1C3A
  8
DOCUMENT-LAYER
  0
POLYLINE
  5
1126
  8
DOCUMENT-LAYER
 66
     1
 10
0.0
 20
0.0
 30
0.0
 40
0.1
 41
0.1
  0
VERTEX
  5
1704
  8
DOCUMENT-LAYER
 10
53.66092898185797
 20
50.3996856993714
 30
0.0
  0
VERTEX
  5
1705
  8
DOCUMENT-LAYER
 10
53.66092898185797
 20
50.10801691603385
 30
0.0
  0
SEQEND
  5
1C3B
  8
DOCUMENT-LAYER
  0
POLYLINE
  5
1127
  8
DOCUMENT-LAYER
 66
     1
 10
0.0
 20
0.0
 30
0.0
 40
0.1
 41
0.1
  0
VERTEX
  5
1706
  8
DOCUMENT-LAYER
 10
53.66092898185797
 20
50.10801691603385
 30
0.0
  0
VERTEX
  5
1707
  8
DOCUMENT-LAYER
 10
53.35468310936623
 20
49.52467680935362
 30
0.0
  0
SEQEND
  5
1C3C
  8
DOCUMENT-LAYER
  0
POLYLINE
  5
1128
  8
DOCUMENT-LAYER
 66
     1
 10
0.0
 20
0.0
 30
0.0
 40
0.1
 41
0.1
  0
VERTEX
  5
1708
  8
DOCUMENT-LAYER
 10
53.35468310936623
 20
49.52467680935362
 30
0.0
  0
VERTEX
  5
1709
  8
DOCUMENT-LAYER
 10
53.04842961685925
 20
49.23300802601606
 30
0.0
  0
SEQEND
  5
1C3D
  8
DOCUMENT-LAYER
  0
POLYLINE
  5
1129
  8
DOCUMENT-LAYER
 66
     1
 10
0.0
 20
0.0
 30
0.0
 40
0.1
 41
0.1
  0
VERTEX
  5
170A
  8
DOCUMENT-LAYER
 10
53.04842961685925
 20
49.23300802601606
 30
0.0
  0
VERTEX
  5
170B
  8
DOCUMENT-LAYER
 10
52.74217612435226
 20
49.23300802601606
 30
0.0
  0
SEQEND
  5
1C3E
  8
DOCUMENT-LAYER
  0
POLYLINE
  5
1130
  8
DOCUMENT-LAYER
 66
     1
 10
0.0
 20
0.0
 30
0.0
 40
0.1
 41
0.1
  0
VERTEX
  5
170C
  8
DOCUMENT-LAYER
 10
52.74217612435226
 20
49.23300802601606
 30
0.0
  0
VERTEX
  5
170D
  8
DOCUMENT-LAYER
 10
52.43592517185034
 20
49.52467680935362
 30
0.0
  0
SEQEND
  5
1C3F
  8
DOCUMENT-LAYER
  0
POLYLINE
  5
1131
  8
DOCUMENT-LAYER
 66
     1
 10
0.0
 20
0.0
 30
0.0
 40
0.1
 41
0.1
  0
VERTEX
  5
170E
  8
DOCUMENT-LAYER
 10
52.43592517185034
 20
49.52467680935362
 30
0.0
  0
VERTEX
  5
170F
  8
DOCUMENT-LAYER
 10
52.28280096560193
 20
49.81634813269626
 30
0.0
  0
SEQEND
  5
1C40
  8
DOCUMENT-LAYER
  0
POLYLINE
  5
1132
  8
DOCUMENT-LAYER
 66
     1
 10
0.0
 20
0.0
 30
0.0
 40
0.1
 41
0.1
  0
VERTEX
  5
1710
  8
DOCUMENT-LAYER
 10
46.38013142026285
 20
96.00013782027565
 30
0.0
  0
VERTEX
  5
1711
  8
DOCUMENT-LAYER
 10
46.38013142026285
 20
91.00011242022485
 30
0.0
  0
SEQEND
  5
1C41
  8
DOCUMENT-LAYER
  0
POLYLINE
  5
1133
  8
DOCUMENT-LAYER
 66
     1
 10
0.0
 20
0.0
 30
0.0
 40
0.1
 41
0.1
  0
VERTEX
  5
1712
  8
DOCUMENT-LAYER
 10
48.4546602493205
 20
49.23300802601606
 30
0.0
  0
VERTEX
  5
1713
  8
DOCUMENT-LAYER
 10
48.4546602493205
 20
52.73302580605161
 30
0.0
  0
SEQEND
  5
1C42
  8
DOCUMENT-LAYER
  0
POLYLINE
  5
1134
  8
DOCUMENT-LAYER
 66
     1
 10
0.0
 20
0.0
 30
0.0
 40
0.1
 41
0.1
  0
VERTEX
  5
1714
  8
DOCUMENT-LAYER
 10
48.4546602493205
 20
52.73302580605161
 30
0.0
  0
VERTEX
  5
1715
  8
DOCUMENT-LAYER
 10
47.38278318556637
 20
50.10801691603385
 30
0.0
  0
SEQEND
  5
1C43
  8
DOCUMENT-LAYER
  0
POLYLINE
  5
1135
  8
DOCUMENT-LAYER
 66
     1
 10
0.0
 20
0.0
 30
0.0
 40
0.1
 41
0.1
  0
VERTEX
  5
1716
  8
DOCUMENT-LAYER
 10
47.38278318556637
 20
50.10801691603385
 30
0.0
  0
VERTEX
  5
1717
  8
DOCUMENT-LAYER
 10
48.7609112018224
 20
50.10801691603385
 30
0.0
  0
SEQEND
  5
1C44
  8
DOCUMENT-LAYER
  0
POLYLINE
  5
1136
  8
DOCUMENT-LAYER
 66
     1
 10
0.0
 20
0.0
 30
0.0
 40
0.1
 41
0.1
  0
VERTEX
  5
1718
  8
DOCUMENT-LAYER
 10
48.79680909361819
 20
95.67754955509912
 30
0.0
  0
VERTEX
  5
1719
  8
DOCUMENT-LAYER
 10
48.79680909361819
 20
93.2581870963742
 30
0.0
  0
SEQEND
  5
1C45
  8
DOCUMENT-LAYER
  0
POLYLINE
  5
1137
  8
DOCUMENT-LAYER
 66
     1
 10
0.0
 20
0.0
 30
0.0
 40
0.1
 41
0.1
  0
VERTEX
  5
171A
  8
DOCUMENT-LAYER
 10
48.79680909361819
 20
93.2581870963742
 30
0.0
  0
VERTEX
  5
171B
  8
DOCUMENT-LAYER
 10
48.38014666029333
 20
91.40334330668664
 30
0.0
  0
SEQEND
  5
1C46
  8
DOCUMENT-LAYER
  0
POLYLINE
  5
1138
  8
DOCUMENT-LAYER
 66
     1
 10
0.0
 20
0.0
 30
0.0
 40
0.1
 41
0.1
  0
VERTEX
  5
171C
  8
DOCUMENT-LAYER
 10
49.3801492002984
 20
95.59690693381387
 30
0.0
  0
VERTEX
  5
171D
  8
DOCUMENT-LAYER
 10
49.3801492002984
 20
91.40334330668664
 30
0.0
  0
SEQEND
  5
1C47
  8
DOCUMENT-LAYER
  0
POLYLINE
  5
1139
  8
DOCUMENT-LAYER
 66
     1
 10
0.0
 20
0.0
 30
0.0
 40
0.1
 41
0.1
  0
VERTEX
  5
171E
  8
DOCUMENT-LAYER
 10
49.3801492002984
 20
91.40334330668664
 30
0.0
  0
VERTEX
  5
171F
  8
DOCUMENT-LAYER
 10
48.79680909361819
 20
91.96785689571381
 30
0.0
  0
SEQEND
  5
1C48
  8
DOCUMENT-LAYER
  0
POLYLINE
  5
1140
  8
DOCUMENT-LAYER
 66
     1
 10
0.0
 20
0.0
 30
0.0
 40
0.1
 41
0.1
  0
VERTEX
  5
1720
  8
DOCUMENT-LAYER
 10
50.04681671363344
 20
95.7581896363793
 30
0.0
  0
VERTEX
  5
1721
  8
DOCUMENT-LAYER
 10
50.04681671363344
 20
93.58077282154566
 30
0.0
  0
SEQEND
  5
1C49
  8
DOCUMENT-LAYER
  0
POLYLINE
  5
1141
  8
DOCUMENT-LAYER
 66
     1
 10
0.0
 20
0.0
 30
0.0
 40
0.1
 41
0.1
  0
VERTEX
  5
1722
  8
DOCUMENT-LAYER
 10
50.04681671363344
 20
93.58077282154566
 30
0.0
  0
VERTEX
  5
1723
  8
DOCUMENT-LAYER
 10
49.6301492002984
 20
92.29044008088017
 30
0.0
  0
SEQEND
  5
1C4A
  8
DOCUMENT-LAYER
  0
POLYLINE
  5
1142
  8
DOCUMENT-LAYER
 66
     1
 10
0.0
 20
0.0
 30
0.0
 40
0.1
 41
0.1
  0
VERTEX
  5
1724
  8
DOCUMENT-LAYER
 10
50.6301492002984
 20
95.43561407122816
 30
0.0
  0
VERTEX
  5
1725
  8
DOCUMENT-LAYER
 10
50.6301492002984
 20
91.32269560539123
 30
0.0
  0
SEQEND
  5
1C4B
  8
DOCUMENT-LAYER
  0
POLYLINE
  5
1143
  8
DOCUMENT-LAYER
 66
     1
 10
0.0
 20
0.0
 30
0.0
 40
0.1
 41
0.1
  0
VERTEX
  5
1726
  8
DOCUMENT-LAYER
 10
51.38015682031365
 20
95.43561407122816
 30
0.0
  0
VERTEX
  5
1727
  8
DOCUMENT-LAYER
 10
51.21348422696847
 20
92.45173040346081
 30
0.0
  0
SEQEND
  5
1C4C
  8
DOCUMENT-LAYER
  0
POLYLINE
  5
1144
  8
DOCUMENT-LAYER
 66
     1
 10
0.0
 20
0.0
 30
0.0
 40
0.1
 41
0.1
  0
VERTEX
  5
1728
  8
DOCUMENT-LAYER
 10
51.21348422696847
 20
92.45173040346081
 30
0.0
  0
VERTEX
  5
1729
  8
DOCUMENT-LAYER
 10
50.88015682031364
 20
92.85495874991751
 30
0.0
  0
SEQEND
  5
1C4D
  8
DOCUMENT-LAYER
  0
POLYLINE
  5
1145
  8
DOCUMENT-LAYER
 66
     1
 10
0.0
 20
0.0
 30
0.0
 40
0.1
 41
0.1
  0
VERTEX
  5
172A
  8
DOCUMENT-LAYER
 10
49.54681671363343
 20
92.29044008088017
 30
0.0
  0
VERTEX
  5
172B
  8
DOCUMENT-LAYER
 10
50.29681417362836
 20
92.61302580605162
 30
0.0
  0
SEQEND
  5
1C4E
  8
DOCUMENT-LAYER
  0
POLYLINE
  5
1146
  8
DOCUMENT-LAYER
 66
     1
 10
0.0
 20
0.0
 30
0.0
 40
0.1
 41
0.1
  0
VERTEX
  5
172C
  8
DOCUMENT-LAYER
 10
62.54221930443861
 20
51.27468188936379
 30
0.0
  0
VERTEX
  5
172D
  8
DOCUMENT-LAYER
 10
62.23596327192654
 20
51.56635067270135
 30
0.0
  0
SEQEND
  5
1C4F
  8
DOCUMENT-LAYER
  0
POLYLINE
  5
1147
  8
DOCUMENT-LAYER
 66
     1
 10
0.0
 20
0.0
 30
0.0
 40
0.1
 41
0.1
  0
VERTEX
  5
172E
  8
DOCUMENT-LAYER
 10
62.23596327192654
 20
51.56635067270135
 30
0.0
  0
VERTEX
  5
172F
  8
DOCUMENT-LAYER
 10
62.08284160568321
 20
51.85801945603893
 30
0.0
  0
SEQEND
  5
1C50
  8
DOCUMENT-LAYER
  0
POLYLINE
  5
1148
  8
DOCUMENT-LAYER
 66
     1
 10
0.0
 20
0.0
 30
0.0
 40
0.1
 41
0.1
  0
VERTEX
  5
1730
  8
DOCUMENT-LAYER
 10
62.08284160568321
 20
51.85801945603893
 30
0.0
  0
VERTEX
  5
1731
  8
DOCUMENT-LAYER
 10
62.08284160568321
 20
52.14968569937142
 30
0.0
  0
SEQEND
  5
1C51
  8
DOCUMENT-LAYER
  0
POLYLINE
  5
1149
  8
DOCUMENT-LAYER
 66
     1
 10
0.0
 20
0.0
 30
0.0
 40
0.1
 41
0.1
  0
VERTEX
  5
1732
  8
DOCUMENT-LAYER
 10
62.08284160568321
 20
52.14968569937142
 30
0.0
  0
VERTEX
  5
1733
  8
DOCUMENT-LAYER
 10
62.23596327192654
 20
52.44135194270389
 30
0.0
  0
SEQEND
  5
1C52
  8
DOCUMENT-LAYER
  0
POLYLINE
  5
1150
  8
DOCUMENT-LAYER
 66
     1
 10
0.0
 20
0.0
 30
0.0
 40
0.1
 41
0.1
  0
VERTEX
  5
1734
  8
DOCUMENT-LAYER
 10
62.23596327192654
 20
52.44135194270389
 30
0.0
  0
VERTEX
  5
1735
  8
DOCUMENT-LAYER
 10
62.54221930443861
 20
52.73302580605161
 30
0.0
  0
SEQEND
  5
1C53
  8
DOCUMENT-LAYER
  0
POLYLINE
  5
1151
  8
DOCUMENT-LAYER
 66
     1
 10
0.0
 20
0.0
 30
0.0
 40
0.1
 41
0.1
  0
VERTEX
  5
1736
  8
DOCUMENT-LAYER
 10
62.54221930443861
 20
52.73302580605161
 30
0.0
  0
VERTEX
  5
1737
  8
DOCUMENT-LAYER
 10
62.84846517693037
 20
52.73302580605161
 30
0.0
  0
SEQEND
  5
1C54
  8
DOCUMENT-LAYER
  0
POLYLINE
  5
1152
  8
DOCUMENT-LAYER
 66
     1
 10
0.0
 20
0.0
 30
0.0
 40
0.1
 41
0.1
  0
VERTEX
  5
1738
  8
DOCUMENT-LAYER
 10
62.84846517693037
 20
52.73302580605161
 30
0.0
  0
VERTEX
  5
1739
  8
DOCUMENT-LAYER
 10
63.15471866943734
 20
52.44135194270389
 30
0.0
  0
SEQEND
  5
1C55
  8
DOCUMENT-LAYER
  0
POLYLINE
  5
1153
  8
DOCUMENT-LAYER
 66
     1
 10
0.0
 20
0.0
 30
0.0
 40
0.1
 41
0.1
  0
VERTEX
  5
173A
  8
DOCUMENT-LAYER
 10
63.15471866943734
 20
52.44135194270389
 30
0.0
  0
VERTEX
  5
173B
  8
DOCUMENT-LAYER
 10
63.30784287568576
 20
52.14968569937142
 30
0.0
  0
SEQEND
  5
1C56
  8
DOCUMENT-LAYER
  0
POLYLINE
  5
1154
  8
DOCUMENT-LAYER
 66
     1
 10
0.0
 20
0.0
 30
0.0
 40
0.1
 41
0.1
  0
VERTEX
  5
173C
  8
DOCUMENT-LAYER
 10
63.30784287568576
 20
52.14968569937142
 30
0.0
  0
VERTEX
  5
173D
  8
DOCUMENT-LAYER
 10
63.30784287568576
 20
51.85801945603893
 30
0.0
  0
SEQEND
  5
1C57
  8
DOCUMENT-LAYER
  0
POLYLINE
  5
1155
  8
DOCUMENT-LAYER
 66
     1
 10
0.0
 20
0.0
 30
0.0
 40
0.1
 41
0.1
  0
VERTEX
  5
173E
  8
DOCUMENT-LAYER
 10
63.30784287568576
 20
51.85801945603893
 30
0.0
  0
VERTEX
  5
173F
  8
DOCUMENT-LAYER
 10
63.15471866943734
 20
51.56635067270135
 30
0.0
  0
SEQEND
  5
1C58
  8
DOCUMENT-LAYER
  0
POLYLINE
  5
1156
  8
DOCUMENT-LAYER
 66
     1
 10
0.0
 20
0.0
 30
0.0
 40
0.1
 41
0.1
  0
VERTEX
  5
1740
  8
DOCUMENT-LAYER
 10
63.15471866943734
 20
51.56635067270135
 30
0.0
  0
VERTEX
  5
1741
  8
DOCUMENT-LAYER
 10
62.84846517693037
 20
51.27468188936379
 30
0.0
  0
SEQEND
  5
1C59
  8
DOCUMENT-LAYER
  0
POLYLINE
  5
1157
  8
DOCUMENT-LAYER
 66
     1
 10
0.0
 20
0.0
 30
0.0
 40
0.1
 41
0.1
  0
VERTEX
  5
1742
  8
DOCUMENT-LAYER
 10
55.49843723687449
 20
50.98301818603639
 30
0.0
  0
VERTEX
  5
1743
  8
DOCUMENT-LAYER
 10
55.95782001564005
 20
49.23300802601606
 30
0.0
  0
SEQEND
  5
1C5A
  8
DOCUMENT-LAYER
  0
POLYLINE
  5
1158
  8
DOCUMENT-LAYER
 66
     1
 10
0.0
 20
0.0
 30
0.0
 40
0.1
 41
0.1
  0
VERTEX
  5
1744
  8
DOCUMENT-LAYER
 10
54.73281366562734
 20
49.23300802601606
 30
0.0
  0
VERTEX
  5
1745
  8
DOCUMENT-LAYER
 10
54.73281366562734
 20
52.73302580605161
 30
0.0
  0
SEQEND
  5
1C5B
  8
DOCUMENT-LAYER
  0
POLYLINE
  5
1159
  8
DOCUMENT-LAYER
 66
     1
 10
0.0
 20
0.0
 30
0.0
 40
0.1
 41
0.1
  0
VERTEX
  5
1746
  8
DOCUMENT-LAYER
 10
54.73281366562734
 20
52.73302580605161
 30
0.0
  0
VERTEX
  5
1747
  8
DOCUMENT-LAYER
 10
55.49843723687449
 20
52.73302580605161
 30
0.0
  0
SEQEND
  5
1C5C
  8
DOCUMENT-LAYER
  0
POLYLINE
  5
1160
  8
DOCUMENT-LAYER
 66
     1
 10
0.0
 20
0.0
 30
0.0
 40
0.1
 41
0.1
  0
VERTEX
  5
1748
  8
DOCUMENT-LAYER
 10
55.49843723687449
 20
52.73302580605161
 30
0.0
  0
VERTEX
  5
1749
  8
DOCUMENT-LAYER
 10
55.80468818937639
 20
52.44135194270389
 30
0.0
  0
SEQEND
  5
1C5D
  8
DOCUMENT-LAYER
  0
POLYLINE
  5
1161
  8
DOCUMENT-LAYER
 66
     1
 10
0.0
 20
0.0
 30
0.0
 40
0.1
 41
0.1
  0
VERTEX
  5
174A
  8
DOCUMENT-LAYER
 10
55.80468818937639
 20
52.44135194270389
 30
0.0
  0
VERTEX
  5
174B
  8
DOCUMENT-LAYER
 10
55.95782001564005
 20
52.14968569937142
 30
0.0
  0
SEQEND
  5
1C5E
  8
DOCUMENT-LAYER
  0
POLYLINE
  5
1162
  8
DOCUMENT-LAYER
 66
     1
 10
0.0
 20
0.0
 30
0.0
 40
0.1
 41
0.1
  0
VERTEX
  5
174C
  8
DOCUMENT-LAYER
 10
55.95782001564005
 20
52.14968569937142
 30
0.0
  0
VERTEX
  5
174D
  8
DOCUMENT-LAYER
 10
55.95782001564005
 20
51.56635067270135
 30
0.0
  0
SEQEND
  5
1C5F
  8
DOCUMENT-LAYER
  0
POLYLINE
  5
1163
  8
DOCUMENT-LAYER
 66
     1
 10
0.0
 20
0.0
 30
0.0
 40
0.1
 41
0.1
  0
VERTEX
  5
174E
  8
DOCUMENT-LAYER
 10
55.95782001564005
 20
51.56635067270135
 30
0.0
  0
VERTEX
  5
174F
  8
DOCUMENT-LAYER
 10
55.80468818937639
 20
51.27468188936379
 30
0.0
  0
SEQEND
  5
1C60
  8
DOCUMENT-LAYER
  0
POLYLINE
  5
1164
  8
DOCUMENT-LAYER
 66
     1
 10
0.0
 20
0.0
 30
0.0
 40
0.1
 41
0.1
  0
VERTEX
  5
1750
  8
DOCUMENT-LAYER
 10
55.80468818937639
 20
51.27468188936379
 30
0.0
  0
VERTEX
  5
1751
  8
DOCUMENT-LAYER
 10
55.49843723687449
 20
50.98301818603639
 30
0.0
  0
SEQEND
  5
1C61
  8
DOCUMENT-LAYER
  0
POLYLINE
  5
1165
  8
DOCUMENT-LAYER
 66
     1
 10
0.0
 20
0.0
 30
0.0
 40
0.1
 41
0.1
  0
VERTEX
  5
1752
  8
DOCUMENT-LAYER
 10
55.49843723687449
 20
50.98301818603639
 30
0.0
  0
VERTEX
  5
1753
  8
DOCUMENT-LAYER
 10
54.73281366562734
 20
50.98301818603639
 30
0.0
  0
SEQEND
  5
1C62
  8
DOCUMENT-LAYER
  0
POLYLINE
  5
1166
  8
DOCUMENT-LAYER
 66
     1
 10
0.0
 20
0.0
 30
0.0
 40
0.1
 41
0.1
  0
VERTEX
  5
1754
  8
DOCUMENT-LAYER
 10
40.03275270550541
 20
52.14968569937142
 30
0.0
  0
VERTEX
  5
1755
  8
DOCUMENT-LAYER
 10
40.18587691175382
 20
52.44135194270389
 30
0.0
  0
SEQEND
  5
1C63
  8
DOCUMENT-LAYER
  0
POLYLINE
  5
1167
  8
DOCUMENT-LAYER
 66
     1
 10
0.0
 20
0.0
 30
0.0
 40
0.1
 41
0.1
  0
VERTEX
  5
1756
  8
DOCUMENT-LAYER
 10
40.18587691175382
 20
52.44135194270389
 30
0.0
  0
VERTEX
  5
1757
  8
DOCUMENT-LAYER
 10
40.49212786425574
 20
52.73302580605161
 30
0.0
  0
SEQEND
  5
1C64
  8
DOCUMENT-LAYER
  0
POLYLINE
  5
1168
  8
DOCUMENT-LAYER
 66
     1
 10
0.0
 20
0.0
 30
0.0
 40
0.1
 41
0.1
  0
VERTEX
  5
1758
  8
DOCUMENT-LAYER
 10
40.49212786425574
 20
52.73302580605161
 30
0.0
  0
VERTEX
  5
1759
  8
DOCUMENT-LAYER
 10
40.7983838967678
 20
52.73302580605161
 30
0.0
  0
SEQEND
  5
1C65
  8
DOCUMENT-LAYER
  0
POLYLINE
  5
1169
  8
DOCUMENT-LAYER
 66
     1
 10
0.0
 20
0.0
 30
0.0
 40
0.1
 41
0.1
  0
VERTEX
  5
175A
  8
DOCUMENT-LAYER
 10
40.7983838967678
 20
52.73302580605161
 30
0.0
  0
VERTEX
  5
175B
  8
DOCUMENT-LAYER
 10
41.10462976925954
 20
52.44135194270389
 30
0.0
  0
SEQEND
  5
1C66
  8
DOCUMENT-LAYER
  0
POLYLINE
  5
1170
  8
DOCUMENT-LAYER
 66
     1
 10
0.0
 20
0.0
 30
0.0
 40
0.1
 41
0.1
  0
VERTEX
  5
175C
  8
DOCUMENT-LAYER
 10
41.10462976925954
 20
52.44135194270389
 30
0.0
  0
VERTEX
  5
175D
  8
DOCUMENT-LAYER
 10
41.25775651551304
 20
52.14968569937142
 30
0.0
  0
SEQEND
  5
1C67
  8
DOCUMENT-LAYER
  0
POLYLINE
  5
1171
  8
DOCUMENT-LAYER
 66
     1
 10
0.0
 20
0.0
 30
0.0
 40
0.1
 41
0.1
  0
VERTEX
  5
175E
  8
DOCUMENT-LAYER
 10
41.25775651551304
 20
52.14968569937142
 30
0.0
  0
VERTEX
  5
175F
  8
DOCUMENT-LAYER
 10
41.25775651551304
 20
51.56635067270135
 30
0.0
  0
SEQEND
  5
1C68
  8
DOCUMENT-LAYER
  0
POLYLINE
  5
1172
  8
DOCUMENT-LAYER
 66
     1
 10
0.0
 20
0.0
 30
0.0
 40
0.1
 41
0.1
  0
VERTEX
  5
1760
  8
DOCUMENT-LAYER
 10
41.25775651551304
 20
51.56635067270135
 30
0.0
  0
VERTEX
  5
1761
  8
DOCUMENT-LAYER
 10
41.10462976925954
 20
51.27468188936379
 30
0.0
  0
SEQEND
  5
1C69
  8
DOCUMENT-LAYER
  0
POLYLINE
  5
1173
  8
DOCUMENT-LAYER
 66
     1
 10
0.0
 20
0.0
 30
0.0
 40
0.1
 41
0.1
  0
VERTEX
  5
1762
  8
DOCUMENT-LAYER
 10
41.10462976925954
 20
51.27468188936379
 30
0.0
  0
VERTEX
  5
1763
  8
DOCUMENT-LAYER
 10
40.49212786425574
 20
50.69135194270389
 30
0.0
  0
SEQEND
  5
1C6A
  8
DOCUMENT-LAYER
  0
POLYLINE
  5
1174
  8
DOCUMENT-LAYER
 66
     1
 10
0.0
 20
0.0
 30
0.0
 40
0.1
 41
0.1
  0
VERTEX
  5
1764
  8
DOCUMENT-LAYER
 10
40.49212786425574
 20
50.69135194270389
 30
0.0
  0
VERTEX
  5
1765
  8
DOCUMENT-LAYER
 10
40.18587691175382
 20
50.10801691603385
 30
0.0
  0
SEQEND
  5
1C6B
  8
DOCUMENT-LAYER
  0
POLYLINE
  5
1175
  8
DOCUMENT-LAYER
 66
     1
 10
0.0
 20
0.0
 30
0.0
 40
0.1
 41
0.1
  0
VERTEX
  5
1766
  8
DOCUMENT-LAYER
 10
40.18587691175382
 20
50.10801691603385
 30
0.0
  0
VERTEX
  5
1767
  8
DOCUMENT-LAYER
 10
40.03275270550541
 20
49.23300802601606
 30
0.0
  0
SEQEND
  5
1C6C
  8
DOCUMENT-LAYER
  0
POLYLINE
  5
1176
  8
DOCUMENT-LAYER
 66
     1
 10
0.0
 20
0.0
 30
0.0
 40
0.1
 41
0.1
  0
VERTEX
  5
1768
  8
DOCUMENT-LAYER
 10
40.03275270550541
 20
49.23300802601606
 30
0.0
  0
VERTEX
  5
1769
  8
DOCUMENT-LAYER
 10
41.25775651551304
 20
49.23300802601606
 30
0.0
  0
SEQEND
  5
1C6D
  8
DOCUMENT-LAYER
  0
POLYLINE
  5
1177
  8
DOCUMENT-LAYER
 66
     1
 10
0.0
 20
0.0
 30
0.0
 40
0.1
 41
0.1
  0
VERTEX
  5
176A
  8
DOCUMENT-LAYER
 10
32.68272222544446
 20
50.69135194270389
 30
0.0
  0
VERTEX
  5
176B
  8
DOCUMENT-LAYER
 10
33.90772857545715
 20
52.73302580605161
 30
0.0
  0
SEQEND
  5
1C6E
  8
DOCUMENT-LAYER
  0
POLYLINE
  5
1178
  8
DOCUMENT-LAYER
 66
     1
 10
0.0
 20
0.0
 30
0.0
 40
0.1
 41
0.1
  0
VERTEX
  5
176C
  8
DOCUMENT-LAYER
 10
50.21348168696338
 20
92.85495874991751
 30
0.0
  0
VERTEX
  5
176D
  8
DOCUMENT-LAYER
 10
50.46348676697354
 20
92.29044008088017
 30
0.0
  0
SEQEND
  5
1C6F
  8
DOCUMENT-LAYER
  0
POLYLINE
  5
1179
  8
DOCUMENT-LAYER
 66
     1
 10
0.0
 20
0.0
 30
0.0
 40
0.1
 41
0.1
  0
VERTEX
  5
176E
  8
DOCUMENT-LAYER
 10
60.24532827065654
 20
52.73302580605161
 30
0.0
  0
VERTEX
  5
176F
  8
DOCUMENT-LAYER
 10
60.24532827065654
 20
49.23300802601606
 30
0.0
  0
SEQEND
  5
1C70
  8
DOCUMENT-LAYER
  0
POLYLINE
  5
1180
  8
DOCUMENT-LAYER
 66
     1
 10
0.0
 20
0.0
 30
0.0
 40
0.1
 41
0.1
  0
VERTEX
  5
1770
  8
DOCUMENT-LAYER
 10
44.77964627929257
 20
51.85801945603893
 30
0.0
  0
VERTEX
  5
1771
  8
DOCUMENT-LAYER
 10
45.08589215178431
 20
52.44135194270389
 30
0.0
  0
SEQEND
  5
1C71
  8
DOCUMENT-LAYER
  0
POLYLINE
  5
1181
  8
DOCUMENT-LAYER
 66
     1
 10
0.0
 20
0.0
 30
0.0
 40
0.1
 41
0.1
  0
VERTEX
  5
1772
  8
DOCUMENT-LAYER
 10
45.08589215178431
 20
52.44135194270389
 30
0.0
  0
VERTEX
  5
1773
  8
DOCUMENT-LAYER
 10
45.39214818429637
 20
52.73302580605161
 30
0.0
  0
SEQEND
  5
1C72
  8
DOCUMENT-LAYER
  0
POLYLINE
  5
1182
  8
DOCUMENT-LAYER
 66
     1
 10
0.0
 20
0.0
 30
0.0
 40
0.1
 41
0.1
  0
VERTEX
  5
1774
  8
DOCUMENT-LAYER
 10
45.39214818429637
 20
52.73302580605161
 30
0.0
  0
VERTEX
  5
1775
  8
DOCUMENT-LAYER
 10
45.69839913679828
 20
52.73302580605161
 30
0.0
  0
SEQEND
  5
1C73
  8
DOCUMENT-LAYER
  0
POLYLINE
  5
1183
  8
DOCUMENT-LAYER
 66
     1
 10
0.0
 20
0.0
 30
0.0
 40
0.1
 41
0.1
  0
VERTEX
  5
1776
  8
DOCUMENT-LAYER
 10
45.69839913679828
 20
52.73302580605161
 30
0.0
  0
VERTEX
  5
1777
  8
DOCUMENT-LAYER
 10
46.00465262930528
 20
52.44135194270389
 30
0.0
  0
SEQEND
  5
1C74
  8
DOCUMENT-LAYER
  0
POLYLINE
  5
1184
  8
DOCUMENT-LAYER
 66
     1
 10
0.0
 20
0.0
 30
0.0
 40
0.1
 41
0.1
  0
VERTEX
  5
1778
  8
DOCUMENT-LAYER
 10
46.00465262930528
 20
52.44135194270389
 30
0.0
  0
VERTEX
  5
1779
  8
DOCUMENT-LAYER
 10
46.15777683555368
 20
52.14968569937142
 30
0.0
  0
SEQEND
  5
1C75
  8
DOCUMENT-LAYER
  0
POLYLINE
  5
1185
  8
DOCUMENT-LAYER
 66
     1
 10
0.0
 20
0.0
 30
0.0
 40
0.1
 41
0.1
  0
VERTEX
  5
177A
  8
DOCUMENT-LAYER
 10
46.15777683555368
 20
49.81634813269626
 30
0.0
  0
VERTEX
  5
177B
  8
DOCUMENT-LAYER
 10
46.00465262930528
 20
49.52467680935362
 30
0.0
  0
SEQEND
  5
1C76
  8
DOCUMENT-LAYER
  0
POLYLINE
  5
1186
  8
DOCUMENT-LAYER
 66
     1
 10
0.0
 20
0.0
 30
0.0
 40
0.1
 41
0.1
  0
VERTEX
  5
177C
  8
DOCUMENT-LAYER
 10
46.00465262930528
 20
49.52467680935362
 30
0.0
  0
VERTEX
  5
177D
  8
DOCUMENT-LAYER
 10
45.69839913679828
 20
49.23300802601606
 30
0.0
  0
SEQEND
  5
1C77
  8
DOCUMENT-LAYER
  0
POLYLINE
  5
1187
  8
DOCUMENT-LAYER
 66
     1
 10
0.0
 20
0.0
 30
0.0
 40
0.1
 41
0.1
  0
VERTEX
  5
177E
  8
DOCUMENT-LAYER
 10
45.69839913679828
 20
49.23300802601606
 30
0.0
  0
VERTEX
  5
177F
  8
DOCUMENT-LAYER
 10
45.39214818429637
 20
49.23300802601606
 30
0.0
  0
SEQEND
  5
1C78
  8
DOCUMENT-LAYER
  0
POLYLINE
  5
1188
  8
DOCUMENT-LAYER
 66
     1
 10
0.0
 20
0.0
 30
0.0
 40
0.1
 41
0.1
  0
VERTEX
  5
1780
  8
DOCUMENT-LAYER
 10
45.39214818429637
 20
49.23300802601606
 30
0.0
  0
VERTEX
  5
1781
  8
DOCUMENT-LAYER
 10
45.08589215178431
 20
49.52467680935362
 30
0.0
  0
SEQEND
  5
1C79
  8
DOCUMENT-LAYER
  0
POLYLINE
  5
1189
  8
DOCUMENT-LAYER
 66
     1
 10
0.0
 20
0.0
 30
0.0
 40
0.1
 41
0.1
  0
VERTEX
  5
1782
  8
DOCUMENT-LAYER
 10
45.08589215178431
 20
49.52467680935362
 30
0.0
  0
VERTEX
  5
1783
  8
DOCUMENT-LAYER
 10
44.77964627929257
 20
50.10801691603385
 30
0.0
  0
SEQEND
  5
1C7A
  8
DOCUMENT-LAYER
  0
POLYLINE
  5
1190
  8
DOCUMENT-LAYER
 66
     1
 10
0.0
 20
0.0
 30
0.0
 40
0.1
 41
0.1
  0
VERTEX
  5
1784
  8
DOCUMENT-LAYER
 10
44.77964627929257
 20
50.10801691603385
 30
0.0
  0
VERTEX
  5
1785
  8
DOCUMENT-LAYER
 10
44.62651953303907
 20
50.98301818603639
 30
0.0
  0
SEQEND
  5
1C7B
  8
DOCUMENT-LAYER
  0
POLYLINE
  5
1191
  8
DOCUMENT-LAYER
 66
     1
 10
0.0
 20
0.0
 30
0.0
 40
0.1
 41
0.1
  0
VERTEX
  5
1786
  8
DOCUMENT-LAYER
 10
44.62651953303907
 20
50.98301818603639
 30
0.0
  0
VERTEX
  5
1787
  8
DOCUMENT-LAYER
 10
44.77964627929257
 20
51.85801945603893
 30
0.0
  0
SEQEND
  5
1C7C
  8
DOCUMENT-LAYER
  0
POLYLINE
  5
1192
  8
DOCUMENT-LAYER
 66
     1
 10
0.0
 20
0.0
 30
0.0
 40
0.1
 41
0.1
  0
VERTEX
  5
1788
  8
DOCUMENT-LAYER
 10
37.73586929173859
 20
52.44135194270389
 30
0.0
  0
VERTEX
  5
1789
  8
DOCUMENT-LAYER
 10
38.0421177042354
 20
52.73302580605161
 30
0.0
  0
SEQEND
  5
1C7D
  8
DOCUMENT-LAYER
  0
POLYLINE
  5
1193
  8
DOCUMENT-LAYER
 66
     1
 10
0.0
 20
0.0
 30
0.0
 40
0.1
 41
0.1
  0
VERTEX
  5
178A
  8
DOCUMENT-LAYER
 10
38.0421177042354
 20
52.73302580605161
 30
0.0
  0
VERTEX
  5
178B
  8
DOCUMENT-LAYER
 10
38.3483711967424
 20
52.73302580605161
 30
0.0
  0
SEQEND
  5
1C7E
  8
DOCUMENT-LAYER
  0
POLYLINE
  5
1194
  8
DOCUMENT-LAYER
 66
     1
 10
0.0
 20
0.0
 30
0.0
 40
0.1
 41
0.1
  0
VERTEX
  5
178C
  8
DOCUMENT-LAYER
 10
38.3483711967424
 20
52.73302580605161
 30
0.0
  0
VERTEX
  5
178D
  8
DOCUMENT-LAYER
 10
38.6546221492443
 20
52.44135194270389
 30
0.0
  0
SEQEND
  5
1C7F
  8
DOCUMENT-LAYER
  0
POLYLINE
  5
1195
  8
DOCUMENT-LAYER
 66
     1
 10
0.0
 20
0.0
 30
0.0
 40
0.1
 41
0.1
  0
VERTEX
  5
178E
  8
DOCUMENT-LAYER
 10
38.6546221492443
 20
52.44135194270389
 30
0.0
  0
VERTEX
  5
178F
  8
DOCUMENT-LAYER
 10
38.8077463554927
 20
52.14968569937142
 30
0.0
  0
SEQEND
  5
1C80
  8
DOCUMENT-LAYER
  0
POLYLINE
  5
1196
  8
DOCUMENT-LAYER
 66
     1
 10
0.0
 20
0.0
 30
0.0
 40
0.1
 41
0.1
  0
VERTEX
  5
1790
  8
DOCUMENT-LAYER
 10
38.8077463554927
 20
52.14968569937142
 30
0.0
  0
VERTEX
  5
1791
  8
DOCUMENT-LAYER
 10
38.8077463554927
 20
51.85801945603893
 30
0.0
  0
SEQEND
  5
1C81
  8
DOCUMENT-LAYER
  0
POLYLINE
  5
1197
  8
DOCUMENT-LAYER
 66
     1
 10
0.0
 20
0.0
 30
0.0
 40
0.1
 41
0.1
  0
VERTEX
  5
1792
  8
DOCUMENT-LAYER
 10
38.8077463554927
 20
51.85801945603893
 30
0.0
  0
VERTEX
  5
1793
  8
DOCUMENT-LAYER
 10
38.6546221492443
 20
51.56635067270135
 30
0.0
  0
SEQEND
  5
1C82
  8
DOCUMENT-LAYER
  0
POLYLINE
  5
1198
  8
DOCUMENT-LAYER
 66
     1
 10
0.0
 20
0.0
 30
0.0
 40
0.1
 41
0.1
  0
VERTEX
  5
1794
  8
DOCUMENT-LAYER
 10
38.6546221492443
 20
51.56635067270135
 30
0.0
  0
VERTEX
  5
1795
  8
DOCUMENT-LAYER
 10
38.3483711967424
 20
51.27468188936379
 30
0.0
  0
SEQEND
  5
1C83
  8
DOCUMENT-LAYER
  0
POLYLINE
  5
1199
  8
DOCUMENT-LAYER
 66
     1
 10
0.0
 20
0.0
 30
0.0
 40
0.1
 41
0.1
  0
VERTEX
  5
1796
  8
DOCUMENT-LAYER
 10
38.3483711967424
 20
51.27468188936379
 30
0.0
  0
VERTEX
  5
1797
  8
DOCUMENT-LAYER
 10
38.6546221492443
 20
50.98301818603639
 30
0.0
  0
SEQEND
  5
1C84
  8
DOCUMENT-LAYER
  0
POLYLINE
  5
1200
  8
DOCUMENT-LAYER
 66
     1
 10
0.0
 20
0.0
 30
0.0
 40
0.1
 41
0.1
  0
VERTEX
  5
1798
  8
DOCUMENT-LAYER
 10
74.48601915203832
 20
49.23300802601606
 30
0.0
  0
VERTEX
  5
1799
  8
DOCUMENT-LAYER
 10
74.48601915203832
 20
51.56635067270135
 30
0.0
  0
SEQEND
  5
1C85
  8
DOCUMENT-LAYER
  0
POLYLINE
  5
1201
  8
DOCUMENT-LAYER
 66
     1
 10
0.0
 20
0.0
 30
0.0
 40
0.1
 41
0.1
  0
VERTEX
  5
179A
  8
DOCUMENT-LAYER
 10
76.93601915203831
 20
49.23300802601606
 30
0.0
  0
VERTEX
  5
179B
  8
DOCUMENT-LAYER
 10
76.93601915203831
 20
51.56635067270135
 30
0.0
  0
SEQEND
  5
1C86
  8
DOCUMENT-LAYER
  0
POLYLINE
  5
1202
  8
DOCUMENT-LAYER
 66
     1
 10
0.0
 20
0.0
 30
0.0
 40
0.1
 41
0.1
  0
VERTEX
  5
179C
  8
DOCUMENT-LAYER
 10
58.40782255564512
 20
49.81634813269626
 30
0.0
  0
VERTEX
  5
179D
  8
DOCUMENT-LAYER
 10
58.2547008894018
 20
49.52467680935362
 30
0.0
  0
SEQEND
  5
1C87
  8
DOCUMENT-LAYER
  0
POLYLINE
  5
1203
  8
DOCUMENT-LAYER
 66
     1
 10
0.0
 20
0.0
 30
0.0
 40
0.1
 41
0.1
  0
VERTEX
  5
179E
  8
DOCUMENT-LAYER
 10
58.2547008894018
 20
49.52467680935362
 30
0.0
  0
VERTEX
  5
179F
  8
DOCUMENT-LAYER
 10
57.9484473968948
 20
49.23300802601606
 30
0.0
  0
SEQEND
  5
1C88
  8
DOCUMENT-LAYER
  0
POLYLINE
  5
1204
  8
DOCUMENT-LAYER
 66
     1
 10
0.0
 20
0.0
 30
0.0
 40
0.1
 41
0.1
  0
VERTEX
  5
17A0
  8
DOCUMENT-LAYER
 10
57.9484473968948
 20
49.23300802601606
 30
0.0
  0
VERTEX
  5
17A1
  8
DOCUMENT-LAYER
 10
57.64219390438782
 20
49.23300802601606
 30
0.0
  0
SEQEND
  5
1C89
  8
DOCUMENT-LAYER
  0
POLYLINE
  5
1205
  8
DOCUMENT-LAYER
 66
     1
 10
0.0
 20
0.0
 30
0.0
 40
0.1
 41
0.1
  0
VERTEX
  5
17A2
  8
DOCUMENT-LAYER
 10
57.64219390438782
 20
49.23300802601606
 30
0.0
  0
VERTEX
  5
17A3
  8
DOCUMENT-LAYER
 10
57.33594803189606
 20
49.52467680935362
 30
0.0
  0
SEQEND
  5
1C8A
  8
DOCUMENT-LAYER
  0
POLYLINE
  5
1206
  8
DOCUMENT-LAYER
 66
     1
 10
0.0
 20
0.0
 30
0.0
 40
0.1
 41
0.1
  0
VERTEX
  5
17A4
  8
DOCUMENT-LAYER
 10
57.33594803189606
 20
49.52467680935362
 30
0.0
  0
VERTEX
  5
17A5
  8
DOCUMENT-LAYER
 10
57.02969453938909
 20
50.10801691603385
 30
0.0
  0
SEQEND
  5
1C8B
  8
DOCUMENT-LAYER
  0
POLYLINE
  5
1207
  8
DOCUMENT-LAYER
 66
     1
 10
0.0
 20
0.0
 30
0.0
 40
0.1
 41
0.1
  0
VERTEX
  5
17A6
  8
DOCUMENT-LAYER
 10
57.02969453938909
 20
50.10801691603385
 30
0.0
  0
VERTEX
  5
17A7
  8
DOCUMENT-LAYER
 10
56.87657033314067
 20
50.98301818603639
 30
0.0
  0
SEQEND
  5
1C8C
  8
DOCUMENT-LAYER
  0
POLYLINE
  5
1208
  8
DOCUMENT-LAYER
 66
     1
 10
0.0
 20
0.0
 30
0.0
 40
0.1
 41
0.1
  0
VERTEX
  5
17A8
  8
DOCUMENT-LAYER
 10
56.87657033314067
 20
50.98301818603639
 30
0.0
  0
VERTEX
  5
17A9
  8
DOCUMENT-LAYER
 10
57.02969453938909
 20
51.85801945603893
 30
0.0
  0
SEQEND
  5
1C8D
  8
DOCUMENT-LAYER
  0
POLYLINE
  5
1209
  8
DOCUMENT-LAYER
 66
     1
 10
0.0
 20
0.0
 30
0.0
 40
0.1
 41
0.1
  0
VERTEX
  5
17AA
  8
DOCUMENT-LAYER
 10
57.02969453938909
 20
51.85801945603893
 30
0.0
  0
VERTEX
  5
17AB
  8
DOCUMENT-LAYER
 10
57.33594803189606
 20
52.44135194270389
 30
0.0
  0
SEQEND
  5
1C8E
  8
DOCUMENT-LAYER
  0
POLYLINE
  5
1210
  8
DOCUMENT-LAYER
 66
     1
 10
0.0
 20
0.0
 30
0.0
 40
0.1
 41
0.1
  0
VERTEX
  5
17AC
  8
DOCUMENT-LAYER
 10
57.33594803189606
 20
52.44135194270389
 30
0.0
  0
VERTEX
  5
17AD
  8
DOCUMENT-LAYER
 10
57.64219390438782
 20
52.73302580605161
 30
0.0
  0
SEQEND
  5
1C8F
  8
DOCUMENT-LAYER
  0
POLYLINE
  5
1211
  8
DOCUMENT-LAYER
 66
     1
 10
0.0
 20
0.0
 30
0.0
 40
0.1
 41
0.1
  0
VERTEX
  5
17AE
  8
DOCUMENT-LAYER
 10
57.64219390438782
 20
52.73302580605161
 30
0.0
  0
VERTEX
  5
17AF
  8
DOCUMENT-LAYER
 10
57.9484473968948
 20
52.73302580605161
 30
0.0
  0
SEQEND
  5
1C90
  8
DOCUMENT-LAYER
  0
POLYLINE
  5
1212
  8
DOCUMENT-LAYER
 66
     1
 10
0.0
 20
0.0
 30
0.0
 40
0.1
 41
0.1
  0
VERTEX
  5
17B0
  8
DOCUMENT-LAYER
 10
57.9484473968948
 20
52.73302580605161
 30
0.0
  0
VERTEX
  5
17B1
  8
DOCUMENT-LAYER
 10
58.2547008894018
 20
52.44135194270389
 30
0.0
  0
SEQEND
  5
1C91
  8
DOCUMENT-LAYER
  0
POLYLINE
  5
1213
  8
DOCUMENT-LAYER
 66
     1
 10
0.0
 20
0.0
 30
0.0
 40
0.1
 41
0.1
  0
VERTEX
  5
17B2
  8
DOCUMENT-LAYER
 10
58.2547008894018
 20
52.44135194270389
 30
0.0
  0
VERTEX
  5
17B3
  8
DOCUMENT-LAYER
 10
58.40782255564512
 20
52.14968569937142
 30
0.0
  0
SEQEND
  5
1C92
  8
DOCUMENT-LAYER
  0
POLYLINE
  5
1214
  8
DOCUMENT-LAYER
 66
     1
 10
0.0
 20
0.0
 30
0.0
 40
0.1
 41
0.1
  0
VERTEX
  5
17B4
  8
DOCUMENT-LAYER
 10
52.43592517185034
 20
52.44135194270389
 30
0.0
  0
VERTEX
  5
17B5
  8
DOCUMENT-LAYER
 10
52.74217612435226
 20
52.73302580605161
 30
0.0
  0
SEQEND
  5
1C93
  8
DOCUMENT-LAYER
  0
POLYLINE
  5
1215
  8
DOCUMENT-LAYER
 66
     1
 10
0.0
 20
0.0
 30
0.0
 40
0.1
 41
0.1
  0
VERTEX
  5
17B6
  8
DOCUMENT-LAYER
 10
52.74217612435226
 20
52.73302580605161
 30
0.0
  0
VERTEX
  5
17B7
  8
DOCUMENT-LAYER
 10
53.04842961685925
 20
52.73302580605161
 30
0.0
  0
SEQEND
  5
1C94
  8
DOCUMENT-LAYER
  0
POLYLINE
  5
1216
  8
DOCUMENT-LAYER
 66
     1
 10
0.0
 20
0.0
 30
0.0
 40
0.1
 41
0.1
  0
VERTEX
  5
17B8
  8
DOCUMENT-LAYER
 10
53.04842961685925
 20
52.73302580605161
 30
0.0
  0
VERTEX
  5
17B9
  8
DOCUMENT-LAYER
 10
53.35468310936623
 20
52.44135194270389
 30
0.0
  0
SEQEND
  5
1C95
  8
DOCUMENT-LAYER
  0
POLYLINE
  5
1217
  8
DOCUMENT-LAYER
 66
     1
 10
0.0
 20
0.0
 30
0.0
 40
0.1
 41
0.1
  0
VERTEX
  5
17BA
  8
DOCUMENT-LAYER
 10
53.35468310936623
 20
52.44135194270389
 30
0.0
  0
VERTEX
  5
17BB
  8
DOCUMENT-LAYER
 10
53.50780731561463
 20
52.14968569937142
 30
0.0
  0
SEQEND
  5
1C96
  8
DOCUMENT-LAYER
  0
POLYLINE
  5
1218
  8
DOCUMENT-LAYER
 66
     1
 10
0.0
 20
0.0
 30
0.0
 40
0.1
 41
0.1
  0
VERTEX
  5
17BC
  8
DOCUMENT-LAYER
 10
53.50780731561463
 20
52.14968569937142
 30
0.0
  0
VERTEX
  5
17BD
  8
DOCUMENT-LAYER
 10
53.50780731561463
 20
51.85801945603893
 30
0.0
  0
SEQEND
  5
1C97
  8
DOCUMENT-LAYER
  0
POLYLINE
  5
1219
  8
DOCUMENT-LAYER
 66
     1
 10
0.0
 20
0.0
 30
0.0
 40
0.1
 41
0.1
  0
VERTEX
  5
17BE
  8
DOCUMENT-LAYER
 10
53.50780731561463
 20
51.85801945603893
 30
0.0
  0
VERTEX
  5
17BF
  8
DOCUMENT-LAYER
 10
53.35468310936623
 20
51.56635067270135
 30
0.0
  0
SEQEND
  5
1C98
  8
DOCUMENT-LAYER
  0
POLYLINE
  5
1220
  8
DOCUMENT-LAYER
 66
     1
 10
0.0
 20
0.0
 30
0.0
 40
0.1
 41
0.1
  0
VERTEX
  5
17C0
  8
DOCUMENT-LAYER
 10
53.35468310936623
 20
51.56635067270135
 30
0.0
  0
VERTEX
  5
17C1
  8
DOCUMENT-LAYER
 10
53.04842961685925
 20
51.27468188936379
 30
0.0
  0
SEQEND
  5
1C99
  8
DOCUMENT-LAYER
  0
POLYLINE
  5
1221
  8
DOCUMENT-LAYER
 66
     1
 10
0.0
 20
0.0
 30
0.0
 40
0.1
 41
0.1
  0
VERTEX
  5
17C2
  8
DOCUMENT-LAYER
 10
53.04842961685925
 20
51.27468188936379
 30
0.0
  0
VERTEX
  5
17C3
  8
DOCUMENT-LAYER
 10
53.35468310936623
 20
50.98301818603639
 30
0.0
  0
SEQEND
  5
1C9A
  8
DOCUMENT-LAYER
  0
POLYLINE
  5
1222
  8
DOCUMENT-LAYER
 66
     1
 10
0.0
 20
0.0
 30
0.0
 40
0.1
 41
0.1
  0
VERTEX
  5
17C4
  8
DOCUMENT-LAYER
 10
70.65787081574163
 20
49.81634813269626
 30
0.0
  0
VERTEX
  5
17C5
  8
DOCUMENT-LAYER
 10
70.50474660949322
 20
49.52467680935362
 30
0.0
  0
SEQEND
  5
1C9B
  8
DOCUMENT-LAYER
  0
POLYLINE
  5
1223
  8
DOCUMENT-LAYER
 66
     1
 10
0.0
 20
0.0
 30
0.0
 40
0.1
 41
0.1
  0
VERTEX
  5
17C6
  8
DOCUMENT-LAYER
 10
70.50474660949322
 20
49.52467680935362
 30
0.0
  0
VERTEX
  5
17C7
  8
DOCUMENT-LAYER
 10
70.19849565699133
 20
49.23300802601606
 30
0.0
  0
SEQEND
  5
1C9C
  8
DOCUMENT-LAYER
  0
POLYLINE
  5
1224
  8
DOCUMENT-LAYER
 66
     1
 10
0.0
 20
0.0
 30
0.0
 40
0.1
 41
0.1
  0
VERTEX
  5
17C8
  8
DOCUMENT-LAYER
 10
70.19849565699133
 20
49.23300802601606
 30
0.0
  0
VERTEX
  5
17C9
  8
DOCUMENT-LAYER
 10
69.8922497844996
 20
49.23300802601606
 30
0.0
  0
SEQEND
  5
1C9D
  8
DOCUMENT-LAYER
  0
POLYLINE
  5
1225
  8
DOCUMENT-LAYER
 66
     1
 10
0.0
 20
0.0
 30
0.0
 40
0.1
 41
0.1
  0
VERTEX
  5
17CA
  8
DOCUMENT-LAYER
 10
69.8922497844996
 20
49.23300802601606
 30
0.0
  0
VERTEX
  5
17CB
  8
DOCUMENT-LAYER
 10
69.58599629199259
 20
49.52467680935362
 30
0.0
  0
SEQEND
  5
1C9E
  8
DOCUMENT-LAYER
  0
POLYLINE
  5
1226
  8
DOCUMENT-LAYER
 66
     1
 10
0.0
 20
0.0
 30
0.0
 40
0.1
 41
0.1
  0
VERTEX
  5
17CC
  8
DOCUMENT-LAYER
 10
69.58599629199259
 20
49.52467680935362
 30
0.0
  0
VERTEX
  5
17CD
  8
DOCUMENT-LAYER
 10
69.27974025948052
 20
50.10801691603385
 30
0.0
  0
SEQEND
  5
1C9F
  8
DOCUMENT-LAYER
  0
POLYLINE
  5
1227
  8
DOCUMENT-LAYER
 66
     1
 10
0.0
 20
0.0
 30
0.0
 40
0.1
 41
0.1
  0
VERTEX
  5
17CE
  8
DOCUMENT-LAYER
 10
69.27974025948052
 20
50.10801691603385
 30
0.0
  0
VERTEX
  5
17CF
  8
DOCUMENT-LAYER
 10
69.1266185932372
 20
50.98301818603639
 30
0.0
  0
SEQEND
  5
1CA0
  8
DOCUMENT-LAYER
  0
POLYLINE
  5
1228
  8
DOCUMENT-LAYER
 66
     1
 10
0.0
 20
0.0
 30
0.0
 40
0.1
 41
0.1
  0
VERTEX
  5
17D0
  8
DOCUMENT-LAYER
 10
69.1266185932372
 20
50.98301818603639
 30
0.0
  0
VERTEX
  5
17D1
  8
DOCUMENT-LAYER
 10
69.27974025948052
 20
51.85801945603893
 30
0.0
  0
SEQEND
  5
1CA1
  8
DOCUMENT-LAYER
  0
POLYLINE
  5
1229
  8
DOCUMENT-LAYER
 66
     1
 10
0.0
 20
0.0
 30
0.0
 40
0.1
 41
0.1
  0
VERTEX
  5
17D2
  8
DOCUMENT-LAYER
 10
69.27974025948052
 20
51.85801945603893
 30
0.0
  0
VERTEX
  5
17D3
  8
DOCUMENT-LAYER
 10
69.58599629199259
 20
52.44135194270389
 30
0.0
  0
SEQEND
  5
1CA2
  8
DOCUMENT-LAYER
  0
POLYLINE
  5
1230
  8
DOCUMENT-LAYER
 66
     1
 10
0.0
 20
0.0
 30
0.0
 40
0.1
 41
0.1
  0
VERTEX
  5
17D4
  8
DOCUMENT-LAYER
 10
69.58599629199259
 20
52.44135194270389
 30
0.0
  0
VERTEX
  5
17D5
  8
DOCUMENT-LAYER
 10
69.8922497844996
 20
52.73302580605161
 30
0.0
  0
SEQEND
  5
1CA3
  8
DOCUMENT-LAYER
  0
POLYLINE
  5
1231
  8
DOCUMENT-LAYER
 66
     1
 10
0.0
 20
0.0
 30
0.0
 40
0.1
 41
0.1
  0
VERTEX
  5
17D6
  8
DOCUMENT-LAYER
 10
69.8922497844996
 20
52.73302580605161
 30
0.0
  0
VERTEX
  5
17D7
  8
DOCUMENT-LAYER
 10
70.19849565699133
 20
52.73302580605161
 30
0.0
  0
SEQEND
  5
1CA4
  8
DOCUMENT-LAYER
  0
POLYLINE
  5
1232
  8
DOCUMENT-LAYER
 66
     1
 10
0.0
 20
0.0
 30
0.0
 40
0.1
 41
0.1
  0
VERTEX
  5
17D8
  8
DOCUMENT-LAYER
 10
70.19849565699133
 20
52.73302580605161
 30
0.0
  0
VERTEX
  5
17D9
  8
DOCUMENT-LAYER
 10
70.50474660949322
 20
52.44135194270389
 30
0.0
  0
SEQEND
  5
1CA5
  8
DOCUMENT-LAYER
  0
POLYLINE
  5
1233
  8
DOCUMENT-LAYER
 66
     1
 10
0.0
 20
0.0
 30
0.0
 40
0.1
 41
0.1
  0
VERTEX
  5
17DA
  8
DOCUMENT-LAYER
 10
70.50474660949322
 20
52.44135194270389
 30
0.0
  0
VERTEX
  5
17DB
  8
DOCUMENT-LAYER
 10
70.65787081574163
 20
52.14968569937142
 30
0.0
  0
SEQEND
  5
1CA6
  8
DOCUMENT-LAYER
  0
POLYLINE
  5
1234
  8
DOCUMENT-LAYER
 66
     1
 10
0.0
 20
0.0
 30
0.0
 40
0.1
 41
0.1
  0
VERTEX
  5
17DC
  8
DOCUMENT-LAYER
 10
84.7454247908496
 20
49.23300802601606
 30
0.0
  0
VERTEX
  5
17DD
  8
DOCUMENT-LAYER
 10
84.7454247908496
 20
52.73302580605161
 30
0.0
  0
SEQEND
  5
1CA7
  8
DOCUMENT-LAYER
  0
POLYLINE
  5
1235
  8
DOCUMENT-LAYER
 66
     1
 10
0.0
 20
0.0
 30
0.0
 40
0.1
 41
0.1
  0
VERTEX
  5
17DE
  8
DOCUMENT-LAYER
 10
89.18607757215517
 20
49.23300802601606
 30
0.0
  0
VERTEX
  5
17DF
  8
DOCUMENT-LAYER
 10
89.18607757215517
 20
51.56635067270135
 30
0.0
  0
SEQEND
  5
1CA8
  8
DOCUMENT-LAYER
  0
POLYLINE
  5
1236
  8
DOCUMENT-LAYER
 66
     1
 10
0.0
 20
0.0
 30
0.0
 40
0.1
 41
0.1
  0
VERTEX
  5
17E0
  8
DOCUMENT-LAYER
 10
74.48601915203832
 20
50.98301818603639
 30
0.0
  0
VERTEX
  5
17E1
  8
DOCUMENT-LAYER
 10
74.79226502453005
 20
51.56635067270135
 30
0.0
  0
SEQEND
  5
1CA9
  8
DOCUMENT-LAYER
  0
POLYLINE
  5
1237
  8
DOCUMENT-LAYER
 66
     1
 10
0.0
 20
0.0
 30
0.0
 40
0.1
 41
0.1
  0
VERTEX
  5
17E2
  8
DOCUMENT-LAYER
 10
74.79226502453005
 20
51.56635067270135
 30
0.0
  0
VERTEX
  5
17E3
  8
DOCUMENT-LAYER
 10
75.09851343702687
 20
51.56635067270135
 30
0.0
  0
SEQEND
  5
1CAA
  8
DOCUMENT-LAYER
  0
POLYLINE
  5
1238
  8
DOCUMENT-LAYER
 66
     1
 10
0.0
 20
0.0
 30
0.0
 40
0.1
 41
0.1
  0
VERTEX
  5
17E4
  8
DOCUMENT-LAYER
 10
75.09851343702687
 20
51.56635067270135
 30
0.0
  0
VERTEX
  5
17E5
  8
DOCUMENT-LAYER
 10
75.40477200954402
 20
50.98301818603639
 30
0.0
  0
SEQEND
  5
1CAB
  8
DOCUMENT-LAYER
  0
POLYLINE
  5
1239
  8
DOCUMENT-LAYER
 66
     1
 10
0.0
 20
0.0
 30
0.0
 40
0.1
 41
0.1
  0
VERTEX
  5
17E6
  8
DOCUMENT-LAYER
 10
75.40477200954402
 20
50.98301818603639
 30
0.0
  0
VERTEX
  5
17E7
  8
DOCUMENT-LAYER
 10
75.40477200954402
 20
49.23300802601606
 30
0.0
  0
SEQEND
  5
1CAC
  8
DOCUMENT-LAYER
  0
POLYLINE
  5
1240
  8
DOCUMENT-LAYER
 66
     1
 10
0.0
 20
0.0
 30
0.0
 40
0.1
 41
0.1
  0
VERTEX
  5
17E8
  8
DOCUMENT-LAYER
 10
76.93601915203831
 20
50.98301818603639
 30
0.0
  0
VERTEX
  5
17E9
  8
DOCUMENT-LAYER
 10
77.24227772455546
 20
51.56635067270135
 30
0.0
  0
SEQEND
  5
1CAD
  8
DOCUMENT-LAYER
  0
POLYLINE
  5
1241
  8
DOCUMENT-LAYER
 66
     1
 10
0.0
 20
0.0
 30
0.0
 40
0.1
 41
0.1
  0
VERTEX
  5
17EA
  8
DOCUMENT-LAYER
 10
77.24227772455546
 20
51.56635067270135
 30
0.0
  0
VERTEX
  5
17EB
  8
DOCUMENT-LAYER
 10
77.54852613705228
 20
51.56635067270135
 30
0.0
  0
SEQEND
  5
1CAE
  8
DOCUMENT-LAYER
  0
POLYLINE
  5
1242
  8
DOCUMENT-LAYER
 66
     1
 10
0.0
 20
0.0
 30
0.0
 40
0.1
 41
0.1
  0
VERTEX
  5
17EC
  8
DOCUMENT-LAYER
 10
77.54852613705228
 20
51.56635067270135
 30
0.0
  0
VERTEX
  5
17ED
  8
DOCUMENT-LAYER
 10
77.85477200954404
 20
50.98301818603639
 30
0.0
  0
SEQEND
  5
1CAF
  8
DOCUMENT-LAYER
  0
POLYLINE
  5
1243
  8
DOCUMENT-LAYER
 66
     1
 10
0.0
 20
0.0
 30
0.0
 40
0.1
 41
0.1
  0
VERTEX
  5
17EE
  8
DOCUMENT-LAYER
 10
77.85477200954404
 20
50.98301818603639
 30
0.0
  0
VERTEX
  5
17EF
  8
DOCUMENT-LAYER
 10
77.85477200954404
 20
49.23300802601606
 30
0.0
  0
SEQEND
  5
1CB0
  8
DOCUMENT-LAYER
  0
POLYLINE
  5
1244
  8
DOCUMENT-LAYER
 66
     1
 10
0.0
 20
0.0
 30
0.0
 40
0.1
 41
0.1
  0
VERTEX
  5
17F0
  8
DOCUMENT-LAYER
 10
49.79681417362834
 20
93.58077282154566
 30
0.0
  0
VERTEX
  5
17F1
  8
DOCUMENT-LAYER
 10
50.46348676697354
 20
93.74206060412124
 30
0.0
  0
SEQEND
  5
1CB1
  8
DOCUMENT-LAYER
  0
POLYLINE
  5
1245
  8
DOCUMENT-LAYER
 66
     1
 10
0.0
 20
0.0
 30
0.0
 40
0.1
 41
0.1
  0
VERTEX
  5
17F2
  8
DOCUMENT-LAYER
 10
48.79680909361819
 20
93.33882971765945
 30
0.0
  0
VERTEX
  5
17F3
  8
DOCUMENT-LAYER
 10
49.3801492002984
 20
93.41947487894977
 30
0.0
  0
SEQEND
  5
1CB2
  8
DOCUMENT-LAYER
  0
POLYLINE
  5
1246
  8
DOCUMENT-LAYER
 66
     1
 10
0.0
 20
0.0
 30
0.0
 40
0.1
 41
0.1
  0
VERTEX
  5
17F4
  8
DOCUMENT-LAYER
 10
48.79680909361819
 20
94.3872218944438
 30
0.0
  0
VERTEX
  5
17F5
  8
DOCUMENT-LAYER
 10
49.3801492002984
 20
94.46786705573412
 30
0.0
  0
SEQEND
  5
1CB3
  8
DOCUMENT-LAYER
  0
POLYLINE
  5
1247
  8
DOCUMENT-LAYER
 66
     1
 10
0.0
 20
0.0
 30
0.0
 40
0.1
 41
0.1
  0
VERTEX
  5
17F6
  8
DOCUMENT-LAYER
 10
48.79680909361819
 20
95.43561407122816
 30
0.0
  0
VERTEX
  5
17F7
  8
DOCUMENT-LAYER
 10
49.3801492002984
 20
95.51625669251341
 30
0.0
  0
SEQEND
  5
1CB4
  8
DOCUMENT-LAYER
  0
POLYLINE
  5
1248
  8
DOCUMENT-LAYER
 66
     1
 10
0.0
 20
0.0
 30
0.0
 40
0.1
 41
0.1
  0
VERTEX
  5
17F8
  8
DOCUMENT-LAYER
 10
80.30478470956945
 20
49.81634813269626
 30
0.0
  0
VERTEX
  5
17F9
  8
DOCUMENT-LAYER
 10
80.15166050332104
 20
49.52467680935362
 30
0.0
  0
SEQEND
  5
1CB5
  8
DOCUMENT-LAYER
  0
POLYLINE
  5
1249
  8
DOCUMENT-LAYER
 66
     1
 10
0.0
 20
0.0
 30
0.0
 40
0.1
 41
0.1
  0
VERTEX
  5
17FA
  8
DOCUMENT-LAYER
 10
80.15166050332104
 20
49.52467680935362
 30
0.0
  0
VERTEX
  5
17FB
  8
DOCUMENT-LAYER
 10
79.84541209082417
 20
49.23300802601606
 30
0.0
  0
SEQEND
  5
1CB6
  8
DOCUMENT-LAYER
  0
POLYLINE
  5
1250
  8
DOCUMENT-LAYER
 66
     1
 10
0.0
 20
0.0
 30
0.0
 40
0.1
 41
0.1
  0
VERTEX
  5
17FC
  8
DOCUMENT-LAYER
 10
79.84541209082417
 20
49.23300802601606
 30
0.0
  0
VERTEX
  5
17FD
  8
DOCUMENT-LAYER
 10
79.5391560583121
 20
49.52467680935362
 30
0.0
  0
SEQEND
  5
1CB7
  8
DOCUMENT-LAYER
  0
POLYLINE
  5
1251
  8
DOCUMENT-LAYER
 66
     1
 10
0.0
 20
0.0
 30
0.0
 40
0.1
 41
0.1
  0
VERTEX
  5
17FE
  8
DOCUMENT-LAYER
 10
79.5391560583121
 20
49.52467680935362
 30
0.0
  0
VERTEX
  5
17FF
  8
DOCUMENT-LAYER
 10
79.23290764581529
 20
50.10801691603385
 30
0.0
  0
SEQEND
  5
1CB8
  8
DOCUMENT-LAYER
  0
POLYLINE
  5
1252
  8
DOCUMENT-LAYER
 66
     1
 10
0.0
 20
0.0
 30
0.0
 40
0.1
 41
0.1
  0
VERTEX
  5
1800
  8
DOCUMENT-LAYER
 10
79.23290764581529
 20
50.10801691603385
 30
0.0
  0
VERTEX
  5
1801
  8
DOCUMENT-LAYER
 10
79.23290764581529
 20
50.69135194270389
 30
0.0
  0
SEQEND
  5
1CB9
  8
DOCUMENT-LAYER
  0
POLYLINE
  5
1253
  8
DOCUMENT-LAYER
 66
     1
 10
0.0
 20
0.0
 30
0.0
 40
0.1
 41
0.1
  0
VERTEX
  5
1802
  8
DOCUMENT-LAYER
 10
79.23290764581529
 20
50.69135194270389
 30
0.0
  0
VERTEX
  5
1803
  8
DOCUMENT-LAYER
 10
79.5391560583121
 20
51.27468188936379
 30
0.0
  0
SEQEND
  5
1CBA
  8
DOCUMENT-LAYER
  0
POLYLINE
  5
1254
  8
DOCUMENT-LAYER
 66
     1
 10
0.0
 20
0.0
 30
0.0
 40
0.1
 41
0.1
  0
VERTEX
  5
1804
  8
DOCUMENT-LAYER
 10
79.5391560583121
 20
51.27468188936379
 30
0.0
  0
VERTEX
  5
1805
  8
DOCUMENT-LAYER
 10
79.84541209082417
 20
51.56635067270135
 30
0.0
  0
SEQEND
  5
1CBB
  8
DOCUMENT-LAYER
  0
POLYLINE
  5
1255
  8
DOCUMENT-LAYER
 66
     1
 10
0.0
 20
0.0
 30
0.0
 40
0.1
 41
0.1
  0
VERTEX
  5
1806
  8
DOCUMENT-LAYER
 10
79.84541209082417
 20
51.56635067270135
 30
0.0
  0
VERTEX
  5
1807
  8
DOCUMENT-LAYER
 10
80.15166050332104
 20
51.27468188936379
 30
0.0
  0
SEQEND
  5
1CBC
  8
DOCUMENT-LAYER
  0
POLYLINE
  5
1256
  8
DOCUMENT-LAYER
 66
     1
 10
0.0
 20
0.0
 30
0.0
 40
0.1
 41
0.1
  0
VERTEX
  5
1808
  8
DOCUMENT-LAYER
 10
80.15166050332104
 20
51.27468188936379
 30
0.0
  0
VERTEX
  5
1809
  8
DOCUMENT-LAYER
 10
80.30478470956945
 20
50.69135194270389
 30
0.0
  0
SEQEND
  5
1CBD
  8
DOCUMENT-LAYER
  0
POLYLINE
  5
1257
  8
DOCUMENT-LAYER
 66
     1
 10
0.0
 20
0.0
 30
0.0
 40
0.1
 41
0.1
  0
VERTEX
  5
180A
  8
DOCUMENT-LAYER
 10
80.30478470956945
 20
50.69135194270389
 30
0.0
  0
VERTEX
  5
180B
  8
DOCUMENT-LAYER
 10
79.23290764581529
 20
50.69135194270389
 30
0.0
  0
SEQEND
  5
1CBE
  8
DOCUMENT-LAYER
  0
POLYLINE
  5
1258
  8
DOCUMENT-LAYER
 66
     1
 10
0.0
 20
0.0
 30
0.0
 40
0.1
 41
0.1
  0
VERTEX
  5
180C
  8
DOCUMENT-LAYER
 10
49.79681417362834
 20
94.3872218944438
 30
0.0
  0
VERTEX
  5
180D
  8
DOCUMENT-LAYER
 10
50.46348676697354
 20
94.54851475702952
 30
0.0
  0
SEQEND
  5
1CBF
  8
DOCUMENT-LAYER
  0
POLYLINE
  5
1259
  8
DOCUMENT-LAYER
 66
     1
 10
0.0
 20
0.0
 30
0.0
 40
0.1
 41
0.1
  0
VERTEX
  5
180E
  8
DOCUMENT-LAYER
 10
50.6301492002984
 20
95.19368112736227
 30
0.0
  0
VERTEX
  5
180F
  8
DOCUMENT-LAYER
 10
51.38015682031365
 20
95.35497398994801
 30
0.0
  0
SEQEND
  5
1CC0
  8
DOCUMENT-LAYER
  0
POLYLINE
  5
1260
  8
DOCUMENT-LAYER
 66
     1
 10
0.0
 20
0.0
 30
0.0
 40
0.1
 41
0.1
  0
VERTEX
  5
1810
  8
DOCUMENT-LAYER
 10
89.18607757215517
 20
50.98301818603639
 30
0.0
  0
VERTEX
  5
1811
  8
DOCUMENT-LAYER
 10
89.49232598465198
 20
51.56635067270135
 30
0.0
  0
SEQEND
  5
1CC1
  8
DOCUMENT-LAYER
  0
POLYLINE
  5
1261
  8
DOCUMENT-LAYER
 66
     1
 10
0.0
 20
0.0
 30
0.0
 40
0.1
 41
0.1
  0
VERTEX
  5
1812
  8
DOCUMENT-LAYER
 10
89.49232598465198
 20
51.56635067270135
 30
0.0
  0
VERTEX
  5
1813
  8
DOCUMENT-LAYER
 10
89.7985743971488
 20
51.56635067270135
 30
0.0
  0
SEQEND
  5
1CC2
  8
DOCUMENT-LAYER
  0
POLYLINE
  5
1262
  8
DOCUMENT-LAYER
 66
     1
 10
0.0
 20
0.0
 30
0.0
 40
0.1
 41
0.1
  0
VERTEX
  5
1814
  8
DOCUMENT-LAYER
 10
89.7985743971488
 20
51.56635067270135
 30
0.0
  0
VERTEX
  5
1815
  8
DOCUMENT-LAYER
 10
89.95169606339215
 20
51.27468188936379
 30
0.0
  0
SEQEND
  5
1CC3
  8
DOCUMENT-LAYER
  0
POLYLINE
  5
1263
  8
DOCUMENT-LAYER
 66
     1
 10
0.0
 20
0.0
 30
0.0
 40
0.1
 41
0.1
  0
VERTEX
  5
1816
  8
DOCUMENT-LAYER
 10
82.60167320334642
 20
49.52467680935362
 30
0.0
  0
VERTEX
  5
1817
  8
DOCUMENT-LAYER
 10
82.29542479084958
 20
49.23300802601606
 30
0.0
  0
SEQEND
  5
1CC4
  8
DOCUMENT-LAYER
  0
POLYLINE
  5
1264
  8
DOCUMENT-LAYER
 66
     1
 10
0.0
 20
0.0
 30
0.0
 40
0.1
 41
0.1
  0
VERTEX
  5
1818
  8
DOCUMENT-LAYER
 10
82.29542479084958
 20
49.23300802601606
 30
0.0
  0
VERTEX
  5
1819
  8
DOCUMENT-LAYER
 10
81.98916621833246
 20
49.52467680935362
 30
0.0
  0
SEQEND
  5
1CC5
  8
DOCUMENT-LAYER
  0
POLYLINE
  5
1265
  8
DOCUMENT-LAYER
 66
     1
 10
0.0
 20
0.0
 30
0.0
 40
0.1
 41
0.1
  0
VERTEX
  5
181A
  8
DOCUMENT-LAYER
 10
81.98916621833246
 20
49.52467680935362
 30
0.0
  0
VERTEX
  5
181B
  8
DOCUMENT-LAYER
 10
81.6829203458407
 20
50.10801691603385
 30
0.0
  0
SEQEND
  5
1CC6
  8
DOCUMENT-LAYER
  0
POLYLINE
  5
1266
  8
DOCUMENT-LAYER
 66
     1
 10
0.0
 20
0.0
 30
0.0
 40
0.1
 41
0.1
  0
VERTEX
  5
181C
  8
DOCUMENT-LAYER
 10
81.6829203458407
 20
50.10801691603385
 30
0.0
  0
VERTEX
  5
181D
  8
DOCUMENT-LAYER
 10
81.6829203458407
 20
50.69135194270389
 30
0.0
  0
SEQEND
  5
1CC7
  8
DOCUMENT-LAYER
  0
POLYLINE
  5
1267
  8
DOCUMENT-LAYER
 66
     1
 10
0.0
 20
0.0
 30
0.0
 40
0.1
 41
0.1
  0
VERTEX
  5
181E
  8
DOCUMENT-LAYER
 10
81.6829203458407
 20
50.69135194270389
 30
0.0
  0
VERTEX
  5
181F
  8
DOCUMENT-LAYER
 10
81.98916621833246
 20
51.27468188936379
 30
0.0
  0
SEQEND
  5
1CC8
  8
DOCUMENT-LAYER
  0
POLYLINE
  5
1268
  8
DOCUMENT-LAYER
 66
     1
 10
0.0
 20
0.0
 30
0.0
 40
0.1
 41
0.1
  0
VERTEX
  5
1820
  8
DOCUMENT-LAYER
 10
81.98916621833246
 20
51.27468188936379
 30
0.0
  0
VERTEX
  5
1821
  8
DOCUMENT-LAYER
 10
82.29542479084958
 20
51.56635067270135
 30
0.0
  0
SEQEND
  5
1CC9
  8
DOCUMENT-LAYER
  0
POLYLINE
  5
1269
  8
DOCUMENT-LAYER
 66
     1
 10
0.0
 20
0.0
 30
0.0
 40
0.1
 41
0.1
  0
VERTEX
  5
1822
  8
DOCUMENT-LAYER
 10
82.29542479084958
 20
51.56635067270135
 30
0.0
  0
VERTEX
  5
1823
  8
DOCUMENT-LAYER
 10
82.60167320334642
 20
51.27468188936379
 30
0.0
  0
SEQEND
  5
1CCA
  8
DOCUMENT-LAYER
  0
POLYLINE
  5
1270
  8
DOCUMENT-LAYER
 66
     1
 10
0.0
 20
0.0
 30
0.0
 40
0.1
 41
0.1
  0
VERTEX
  5
1824
  8
DOCUMENT-LAYER
 10
-3.018837337674675
 20
167.5890075180151
 30
0.0
  0
VERTEX
  5
1825
  8
DOCUMENT-LAYER
 10
-4.535227990455983
 20
167.5890075180151
 30
0.0
  0
VERTEX
  5
1826
  8
DOCUMENT-LAYER
 10
-4.685088290176584
 20
166.2250171700344
 30
0.0
  0
VERTEX
  5
1827
  8
DOCUMENT-LAYER
 10
-4.535227990455983
 20
166.3774200148401
 30
0.0
  0
VERTEX
  5
1828
  8
DOCUMENT-LAYER
 10
-4.080564541129082
 20
166.5272803145606
 30
0.0
  0
VERTEX
  5
1829
  8
DOCUMENT-LAYER
 10
-3.625901091802184
 20
166.5272803145606
 30
0.0
  0
VERTEX
  5
182A
  8
DOCUMENT-LAYER
 10
-3.171240182480364
 20
166.3774200148401
 30
0.0
  0
VERTEX
  5
182B
  8
DOCUMENT-LAYER
 10
-2.868977037954075
 20
166.0751568703137
 30
0.0
  0
VERTEX
  5
182C
  8
DOCUMENT-LAYER
 10
-2.716576733153467
 20
165.6204934209869
 30
0.0
  0
VERTEX
  5
182D
  8
DOCUMENT-LAYER
 10
-2.716576733153467
 20
165.3156928113856
 30
0.0
  0
VERTEX
  5
182E
  8
DOCUMENT-LAYER
 10
-2.868977037954075
 20
164.8610293620587
 30
0.0
  0
VERTEX
  5
182F
  8
DOCUMENT-LAYER
 10
-3.171240182480364
 20
164.5587662175324
 30
0.0
  0
VERTEX
  5
1830
  8
DOCUMENT-LAYER
 10
-3.625901091802184
 20
164.4063659127318
 30
0.0
  0
VERTEX
  5
1831
  8
DOCUMENT-LAYER
 10
-4.080564541129082
 20
164.4063659127318
 30
0.0
  0
VERTEX
  5
1832
  8
DOCUMENT-LAYER
 10
-4.535227990455983
 20
164.5587662175324
 30
0.0
  0
VERTEX
  5
1833
  8
DOCUMENT-LAYER
 10
-4.685088290176584
 20
164.7111690623381
 30
0.0
  0
VERTEX
  5
1834
  8
DOCUMENT-LAYER
 10
-4.837488594977192
 20
165.0134322068644
 30
0.0
  0
SEQEND
  5
1CCB
  8
DOCUMENT-LAYER
  0
POLYLINE
  5
1271
  8
DOCUMENT-LAYER
 66
     1
 10
0.0
 20
0.0
 30
0.0
 40
0.1
 41
0.1
  0
VERTEX
  5
1835
  8
DOCUMENT-LAYER
 10
2.345673711347423
 20
166.5272803145606
 30
0.0
  0
VERTEX
  5
1836
  8
DOCUMENT-LAYER
 10
2.345673711347423
 20
164.4063659127318
 30
0.0
  0
SEQEND
  5
1CCC
  8
DOCUMENT-LAYER
  0
POLYLINE
  5
1272
  8
DOCUMENT-LAYER
 66
     1
 10
0.0
 20
0.0
 30
0.0
 40
0.1
 41
0.1
  0
VERTEX
  5
1837
  8
DOCUMENT-LAYER
 10
2.345673711347423
 20
165.9227540255081
 30
0.0
  0
VERTEX
  5
1838
  8
DOCUMENT-LAYER
 10
2.800337160674321
 20
166.3774200148401
 30
0.0
  0
VERTEX
  5
1839
  8
DOCUMENT-LAYER
 10
3.102597765195529
 20
166.5272803145606
 30
0.0
  0
VERTEX
  5
183A
  8
DOCUMENT-LAYER
 10
3.55726121452243
 20
166.5272803145606
 30
0.0
  0
VERTEX
  5
183B
  8
DOCUMENT-LAYER
 10
3.862064364128727
 20
166.3774200148401
 30
0.0
  0
VERTEX
  5
183C
  8
DOCUMENT-LAYER
 10
4.011924663849328
 20
165.9227540255081
 30
0.0
  0
VERTEX
  5
183D
  8
DOCUMENT-LAYER
 10
4.011924663849328
 20
164.4063659127318
 30
0.0
  0
SEQEND
  5
1CCD
  8
DOCUMENT-LAYER
  0
POLYLINE
  5
1273
  8
DOCUMENT-LAYER
 66
     1
 10
0.0
 20
0.0
 30
0.0
 40
0.1
 41
0.1
  0
VERTEX
  5
183E
  8
DOCUMENT-LAYER
 10
4.011924663849328
 20
165.9227540255081
 30
0.0
  0
VERTEX
  5
183F
  8
DOCUMENT-LAYER
 10
4.466585573171148
 20
166.3774200148401
 30
0.0
  0
VERTEX
  5
1840
  8
DOCUMENT-LAYER
 10
4.771388722777445
 20
166.5272803145606
 30
0.0
  0
VERTEX
  5
1841
  8
DOCUMENT-LAYER
 10
5.223512167024339
 20
166.5272803145606
 30
0.0
  0
VERTEX
  5
1842
  8
DOCUMENT-LAYER
 10
5.528312776625555
 20
166.3774200148401
 30
0.0
  0
VERTEX
  5
1843
  8
DOCUMENT-LAYER
 10
5.678173076346155
 20
165.9227540255081
 30
0.0
  0
VERTEX
  5
1844
  8
DOCUMENT-LAYER
 10
5.678173076346155
 20
164.4063659127318
 30
0.0
  0
SEQEND
  5
1CCE
  8
DOCUMENT-LAYER
  0
POLYLINE
  5
1274
  8
DOCUMENT-LAYER
 66
     1
 10
0.0
 20
0.0
 30
0.0
 40
0.1
 41
0.1
  0
VERTEX
  5
1845
  8
DOCUMENT-LAYER
 10
6.557019914039834
 20
166.5272803145606
 30
0.0
  0
VERTEX
  5
1846
  8
DOCUMENT-LAYER
 10
6.557019914039834
 20
164.4063659127318
 30
0.0
  0
SEQEND
  5
1CCF
  8
DOCUMENT-LAYER
  0
POLYLINE
  5
1275
  8
DOCUMENT-LAYER
 66
     1
 10
0.0
 20
0.0
 30
0.0
 40
0.1
 41
0.1
  0
VERTEX
  5
1847
  8
DOCUMENT-LAYER
 10
6.557019914039834
 20
165.9227540255081
 30
0.0
  0
VERTEX
  5
1848
  8
DOCUMENT-LAYER
 10
7.011680823361651
 20
166.3774200148401
 30
0.0
  0
VERTEX
  5
1849
  8
DOCUMENT-LAYER
 10
7.313943967887937
 20
166.5272803145606
 30
0.0
  0
VERTEX
  5
184A
  8
DOCUMENT-LAYER
 10
7.768607417214838
 20
166.5272803145606
 30
0.0
  0
VERTEX
  5
184B
  8
DOCUMENT-LAYER
 10
8.073408026816054
 20
166.3774200148401
 30
0.0
  0
VERTEX
  5
184C
  8
DOCUMENT-LAYER
 10
8.223268326536662
 20
165.9227540255081
 30
0.0
  0
VERTEX
  5
184D
  8
DOCUMENT-LAYER
 10
8.223268326536662
 20
164.4063659127318
 30
0.0
  0
SEQEND
  5
1CD0
  8
DOCUMENT-LAYER
  0
POLYLINE
  5
1276
  8
DOCUMENT-LAYER
 66
     1
 10
0.0
 20
0.0
 30
0.0
 40
0.1
 41
0.1
  0
VERTEX
  5
184E
  8
DOCUMENT-LAYER
 10
8.223268326536662
 20
165.9227540255081
 30
0.0
  0
VERTEX
  5
184F
  8
DOCUMENT-LAYER
 10
8.677931775863556
 20
166.3774200148401
 30
0.0
  0
VERTEX
  5
1850
  8
DOCUMENT-LAYER
 10
8.982734925469856
 20
166.5272803145606
 30
0.0
  0
VERTEX
  5
1851
  8
DOCUMENT-LAYER
 10
9.434855829711665
 20
166.5272803145606
 30
0.0
  0
VERTEX
  5
1852
  8
DOCUMENT-LAYER
 10
9.739658979317959
 20
166.3774200148401
 30
0.0
  0
VERTEX
  5
1853
  8
DOCUMENT-LAYER
 10
9.88951927903856
 20
165.9227540255081
 30
0.0
  0
VERTEX
  5
1854
  8
DOCUMENT-LAYER
 10
9.88951927903856
 20
164.4063659127318
 30
0.0
  0
SEQEND
  5
1CD1
  8
DOCUMENT-LAYER
  0
POLYLINE
  5
1277
  8
DOCUMENT-LAYER
 66
     1
 10
0.0
 20
0.0
 30
0.0
 40
0.1
 41
0.1
  0
VERTEX
  5
1855
  8
DOCUMENT-LAYER
 10
5.026029312058625
 20
152.0009125218251
 30
0.0
  0
VERTEX
  5
1856
  8
DOCUMENT-LAYER
 10
5.026029312058625
 20
164.5409861819724
 30
0.0
  0
SEQEND
  5
1CD2
  8
DOCUMENT-LAYER
  0
POLYLINE
  5
1278
  8
DOCUMENT-LAYER
 66
     1
 10
0.0
 20
0.0
 30
0.0
 40
0.1
 41
0.1
  0
VERTEX
  5
1857
  8
DOCUMENT-LAYER
 10
0.0260013720027423
 20
152.0009125218251
 30
0.0
  0
VERTEX
  5
1858
  8
DOCUMENT-LAYER
 10
0.0260013720027423
 20
164.5409861819724
 30
0.0
  0
SEQEND
  5
1CD3
  8
DOCUMENT-LAYER
  0
POLYLINE
  5
1279
  8
DOCUMENT-LAYER
 66
     1
 10
0.0
 20
0.0
 30
0.0
 40
0.1
 41
0.1
  0
VERTEX
  5
1859
  8
DOCUMENT-LAYER
 10
5.026029312058625
 20
162.0009709419419
 30
0.0
  0
VERTEX
  5
185A
  8
DOCUMENT-LAYER
 10
4.28998917997836
 20
161.8037497074994
 30
0.0
  0
SEQEND
  5
1CD4
  8
DOCUMENT-LAYER
  0
POLYLINE
  5
1280
  8
DOCUMENT-LAYER
 66
     1
 10
0.0
 20
0.0
 30
0.0
 40
0.1
 41
0.1
  0
VERTEX
  5
185B
  8
DOCUMENT-LAYER
 10
5.026029312058625
 20
162.0009709419419
 30
0.0
  0
VERTEX
  5
185C
  8
DOCUMENT-LAYER
 10
4.28998917997836
 20
162.1981947163895
 30
0.0
  0
SEQEND
  5
1CD5
  8
DOCUMENT-LAYER
  0
POLYLINE
  5
1281
  8
DOCUMENT-LAYER
 66
     1
 10
0.0
 20
0.0
 30
0.0
 40
0.1
 41
0.1
  0
VERTEX
  5
185D
  8
DOCUMENT-LAYER
 10
0.0260013720027423
 20
162.0009709419419
 30
0.0
  0
VERTEX
  5
185E
  8
DOCUMENT-LAYER
 10
0.7620389640779308
 20
161.8037497074994
 30
0.0
  0
SEQEND
  5
1CD6
  8
DOCUMENT-LAYER
  0
POLYLINE
  5
1282
  8
DOCUMENT-LAYER
 66
     1
 10
0.0
 20
0.0
 30
0.0
 40
0.1
 41
0.1
  0
VERTEX
  5
185F
  8
DOCUMENT-LAYER
 10
0.0260013720027423
 20
162.0009709419419
 30
0.0
  0
VERTEX
  5
1860
  8
DOCUMENT-LAYER
 10
0.7620389640779308
 20
162.1981947163895
 30
0.0
  0
SEQEND
  5
1CD7
  8
DOCUMENT-LAYER
  0
POLYLINE
  5
1283
  8
DOCUMENT-LAYER
 66
     1
 10
0.0
 20
0.0
 30
0.0
 40
0.1
 41
0.1
  0
VERTEX
  5
1861
  8
DOCUMENT-LAYER
 10
5.026029312058625
 20
162.0009709419419
 30
0.0
  0
VERTEX
  5
1862
  8
DOCUMENT-LAYER
 10
0.0260013720027423
 20
162.0009709419419
 30
0.0
  0
SEQEND
  5
1CD8
  8
DOCUMENT-LAYER
  0
POLYLINE
  5
1284
  8
DOCUMENT-LAYER
 66
     1
 10
0.0
 20
0.0
 30
0.0
 40
0.1
 41
0.1
  0
VERTEX
  5
1863
  8
DOCUMENT-LAYER
 10
-10.56206314412629
 20
148.075067970136
 30
0.0
  0
VERTEX
  5
1864
  8
DOCUMENT-LAYER
 10
-8.441151282302567
 20
146.5612198624397
 30
0.0
  0
SEQEND
  5
1CD9
  8
DOCUMENT-LAYER
  0
POLYLINE
  5
1285
  8
DOCUMENT-LAYER
 66
     1
 10
0.0
 20
0.0
 30
0.0
 40
0.1
 41
0.1
  0
VERTEX
  5
1865
  8
DOCUMENT-LAYER
 10
-8.441151282302567
 20
146.5612198624397
 30
0.0
  0
VERTEX
  5
1866
  8
DOCUMENT-LAYER
 10
-8.441151282302567
 20
148.8345345690691
 30
0.0
  0
SEQEND
  5
1CDA
  8
DOCUMENT-LAYER
  0
POLYLINE
  5
1286
  8
DOCUMENT-LAYER
 66
     1
 10
0.0
 20
0.0
 30
0.0
 40
0.1
 41
0.1
  0
VERTEX
  5
1867
  8
DOCUMENT-LAYER
 10
-10.56206314412629
 20
148.075067970136
 30
0.0
  0
VERTEX
  5
1868
  8
DOCUMENT-LAYER
 10
-7.37942407884816
 20
148.075067970136
 30
0.0
  0
SEQEND
  5
1CDB
  8
DOCUMENT-LAYER
  0
POLYLINE
  5
1287
  8
DOCUMENT-LAYER
 66
     1
 10
0.0
 20
0.0
 30
0.0
 40
0.1
 41
0.1
  0
VERTEX
  5
1869
  8
DOCUMENT-LAYER
 10
-9.500335940671885
 20
153.896782473565
 30
0.0
  0
VERTEX
  5
186A
  8
DOCUMENT-LAYER
 10
-7.37942407884816
 20
153.896782473565
 30
0.0
  0
SEQEND
  5
1CDC
  8
DOCUMENT-LAYER
  0
POLYLINE
  5
1288
  8
DOCUMENT-LAYER
 66
     1
 10
0.0
 20
0.0
 30
0.0
 40
0.1
 41
0.1
  0
VERTEX
  5
186B
  8
DOCUMENT-LAYER
 10
-8.895814731629468
 20
153.896782473565
 30
0.0
  0
VERTEX
  5
186C
  8
DOCUMENT-LAYER
 10
-9.350475640951284
 20
154.3514459228919
 30
0.0
  0
VERTEX
  5
186D
  8
DOCUMENT-LAYER
 10
-9.500335940671885
 20
154.6537090674182
 30
0.0
  0
VERTEX
  5
186E
  8
DOCUMENT-LAYER
 10
-9.500335940671885
 20
155.10836997674
 30
0.0
  0
VERTEX
  5
186F
  8
DOCUMENT-LAYER
 10
-9.350475640951284
 20
155.4131731263463
 30
0.0
  0
VERTEX
  5
1870
  8
DOCUMENT-LAYER
 10
-8.895814731629468
 20
155.5630334260669
 30
0.0
  0
VERTEX
  5
1871
  8
DOCUMENT-LAYER
 10
-7.37942407884816
 20
155.5630334260669
 30
0.0
  0
SEQEND
  5
1CDD
  8
DOCUMENT-LAYER
  0
POLYLINE
  5
1289
  8
DOCUMENT-LAYER
 66
     1
 10
0.0
 20
0.0
 30
0.0
 40
0.1
 41
0.1
  0
VERTEX
  5
1872
  8
DOCUMENT-LAYER
 10
-8.895814731629468
 20
155.5630334260669
 30
0.0
  0
VERTEX
  5
1873
  8
DOCUMENT-LAYER
 10
-9.350475640951284
 20
156.0176968753938
 30
0.0
  0
VERTEX
  5
1874
  8
DOCUMENT-LAYER
 10
-9.500335940671885
 20
156.322497484995
 30
0.0
  0
VERTEX
  5
1875
  8
DOCUMENT-LAYER
 10
-9.500335940671885
 20
156.7746209292419
 30
0.0
  0
VERTEX
  5
1876
  8
DOCUMENT-LAYER
 10
-9.350475640951284
 20
157.0794240788482
 30
0.0
  0
VERTEX
  5
1877
  8
DOCUMENT-LAYER
 10
-8.895814731629468
 20
157.2292843785688
 30
0.0
  0
VERTEX
  5
1878
  8
DOCUMENT-LAYER
 10
-7.37942407884816
 20
157.2292843785688
 30
0.0
  0
SEQEND
  5
1CDE
  8
DOCUMENT-LAYER
  0
POLYLINE
  5
1290
  8
DOCUMENT-LAYER
 66
     1
 10
0.0
 20
0.0
 30
0.0
 40
0.1
 41
0.1
  0
VERTEX
  5
1879
  8
DOCUMENT-LAYER
 10
-9.500335940671885
 20
158.1081286762574
 30
0.0
  0
VERTEX
  5
187A
  8
DOCUMENT-LAYER
 10
-7.37942407884816
 20
158.1081286762574
 30
0.0
  0
SEQEND
  5
1CDF
  8
DOCUMENT-LAYER
  0
POLYLINE
  5
1291
  8
DOCUMENT-LAYER
 66
     1
 10
0.0
 20
0.0
 30
0.0
 40
0.1
 41
0.1
  0
VERTEX
  5
187B
  8
DOCUMENT-LAYER
 10
-8.895814731629468
 20
158.1081286762574
 30
0.0
  0
VERTEX
  5
187C
  8
DOCUMENT-LAYER
 10
-9.350475640951284
 20
158.5627921255843
 30
0.0
  0
VERTEX
  5
187D
  8
DOCUMENT-LAYER
 10
-9.500335940671885
 20
158.8650527301054
 30
0.0
  0
VERTEX
  5
187E
  8
DOCUMENT-LAYER
 10
-9.500335940671885
 20
159.3197161794324
 30
0.0
  0
VERTEX
  5
187F
  8
DOCUMENT-LAYER
 10
-9.350475640951284
 20
159.6245193290387
 30
0.0
  0
VERTEX
  5
1880
  8
DOCUMENT-LAYER
 10
-8.895814731629468
 20
159.7743796287593
 30
0.0
  0
VERTEX
  5
1881
  8
DOCUMENT-LAYER
 10
-7.37942407884816
 20
159.7743796287593
 30
0.0
  0
SEQEND
  5
1CE0
  8
DOCUMENT-LAYER
  0
POLYLINE
  5
1292
  8
DOCUMENT-LAYER
 66
     1
 10
0.0
 20
0.0
 30
0.0
 40
0.1
 41
0.1
  0
VERTEX
  5
1882
  8
DOCUMENT-LAYER
 10
-8.895814731629468
 20
159.7743796287593
 30
0.0
  0
VERTEX
  5
1883
  8
DOCUMENT-LAYER
 10
-9.350475640951284
 20
160.2290405380811
 30
0.0
  0
VERTEX
  5
1884
  8
DOCUMENT-LAYER
 10
-9.500335940671885
 20
160.5338436876874
 30
0.0
  0
VERTEX
  5
1885
  8
DOCUMENT-LAYER
 10
-9.500335940671885
 20
160.9859671319343
 30
0.0
  0
VERTEX
  5
1886
  8
DOCUMENT-LAYER
 10
-9.350475640951284
 20
161.2907677415355
 30
0.0
  0
VERTEX
  5
1887
  8
DOCUMENT-LAYER
 10
-8.895814731629468
 20
161.4406280412561
 30
0.0
  0
VERTEX
  5
1888
  8
DOCUMENT-LAYER
 10
-7.37942407884816
 20
161.4406280412561
 30
0.0
  0
SEQEND
  5
1CE1
  8
DOCUMENT-LAYER
  0
POLYLINE
  5
1293
  8
DOCUMENT-LAYER
 66
     1
 10
0.0
 20
0.0
 30
0.0
 40
0.1
 41
0.1
  0
VERTEX
  5
1889
  8
DOCUMENT-LAYER
 10
5.026029312058625
 20
156.0009379218759
 30
0.0
  0
VERTEX
  5
188A
  8
DOCUMENT-LAYER
 10
-7.514044348088699
 20
156.0009379218759
 30
0.0
  0
SEQEND
  5
1CE2
  8
DOCUMENT-LAYER
  0
POLYLINE
  5
1294
  8
DOCUMENT-LAYER
 66
     1
 10
0.0
 20
0.0
 30
0.0
 40
0.1
 41
0.1
  0
VERTEX
  5
188B
  8
DOCUMENT-LAYER
 10
5.026029312058625
 20
152.0009125218251
 30
0.0
  0
VERTEX
  5
188C
  8
DOCUMENT-LAYER
 10
-7.514044348088699
 20
152.0009125218251
 30
0.0
  0
SEQEND
  5
1CE3
  8
DOCUMENT-LAYER
  0
POLYLINE
  5
1295
  8
DOCUMENT-LAYER
 66
     1
 10
0.0
 20
0.0
 30
0.0
 40
0.1
 41
0.1
  0
VERTEX
  5
188D
  8
DOCUMENT-LAYER
 10
-4.974029108058218
 20
156.0009379218759
 30
0.0
  0
VERTEX
  5
188E
  8
DOCUMENT-LAYER
 10
-4.776807873615748
 20
155.2648952497905
 30
0.0
  0
SEQEND
  5
1CE4
  8
DOCUMENT-LAYER
  0
POLYLINE
  5
1296
  8
DOCUMENT-LAYER
 66
     1
 10
0.0
 20
0.0
 30
0.0
 40
0.1
 41
0.1
  0
VERTEX
  5
188F
  8
DOCUMENT-LAYER
 10
-4.974029108058218
 20
156.0009379218759
 30
0.0
  0
VERTEX
  5
1890
  8
DOCUMENT-LAYER
 10
-5.171252882505769
 20
155.2648952497905
 30
0.0
  0
SEQEND
  5
1CE5
  8
DOCUMENT-LAYER
  0
POLYLINE
  5
1297
  8
DOCUMENT-LAYER
 66
     1
 10
0.0
 20
0.0
 30
0.0
 40
0.1
 41
0.1
  0
VERTEX
  5
1891
  8
DOCUMENT-LAYER
 10
-4.974029108058218
 20
152.0009125218251
 30
0.0
  0
VERTEX
  5
1892
  8
DOCUMENT-LAYER
 10
-4.776807873615748
 20
152.7369526539053
 30
0.0
  0
SEQEND
  5
1CE6
  8
DOCUMENT-LAYER
  0
POLYLINE
  5
1298
  8
DOCUMENT-LAYER
 66
     1
 10
0.0
 20
0.0
 30
0.0
 40
0.1
 41
0.1
  0
VERTEX
  5
1893
  8
DOCUMENT-LAYER
 10
-4.974029108058218
 20
152.0009125218251
 30
0.0
  0
VERTEX
  5
1894
  8
DOCUMENT-LAYER
 10
-5.171252882505769
 20
152.7369526539053
 30
0.0
  0
SEQEND
  5
1CE7
  8
DOCUMENT-LAYER
  0
POLYLINE
  5
1299
  8
DOCUMENT-LAYER
 66
     1
 10
0.0
 20
0.0
 30
0.0
 40
0.1
 41
0.1
  0
VERTEX
  5
1895
  8
DOCUMENT-LAYER
 10
-4.974029108058218
 20
156.0009379218759
 30
0.0
  0
VERTEX
  5
1896
  8
DOCUMENT-LAYER
 10
-4.974029108058218
 20
152.0009125218251
 30
0.0
  0
SEQEND
  5
1CE8
  8
DOCUMENT-LAYER
  0
POLYLINE
  5
1300
  8
DOCUMENT-LAYER
 66
     1
 10
0.0
 20
0.0
 30
0.0
 40
0.1
 41
0.1
  0
VERTEX
  5
1897
  8
DOCUMENT-LAYER
 10
20.42555687111374
 20
83.06249748499496
 30
0.0
  0
VERTEX
  5
1898
  8
DOCUMENT-LAYER
 10
18.90916367832735
 20
83.06249748499496
 30
0.0
  0
VERTEX
  5
1899
  8
DOCUMENT-LAYER
 10
18.75930337860676
 20
81.69850967701936
 30
0.0
  0
VERTEX
  5
189A
  8
DOCUMENT-LAYER
 10
18.90916367832735
 20
81.85090998181998
 30
0.0
  0
VERTEX
  5
189B
  8
DOCUMENT-LAYER
 10
19.36382966765934
 20
82.00077028154058
 30
0.0
  0
VERTEX
  5
189C
  8
DOCUMENT-LAYER
 10
19.81849057698115
 20
82.00077028154058
 30
0.0
  0
VERTEX
  5
189D
  8
DOCUMENT-LAYER
 10
20.27315148630297
 20
81.85090998181998
 30
0.0
  0
VERTEX
  5
189E
  8
DOCUMENT-LAYER
 10
20.57541717083434
 20
81.54864937729876
 30
0.0
  0
VERTEX
  5
189F
  8
DOCUMENT-LAYER
 10
20.72781747563495
 20
81.09398846797694
 30
0.0
  0
VERTEX
  5
18A0
  8
DOCUMENT-LAYER
 10
20.72781747563495
 20
80.78918277836557
 30
0.0
  0
VERTEX
  5
18A1
  8
DOCUMENT-LAYER
 10
20.57541717083434
 20
80.33452186904375
 30
0.0
  0
VERTEX
  5
18A2
  8
DOCUMENT-LAYER
 10
20.27315148630297
 20
80.03226126452253
 30
0.0
  0
VERTEX
  5
18A3
  8
DOCUMENT-LAYER
 10
19.81849057698115
 20
79.87986095972195
 30
0.0
  0
VERTEX
  5
18A4
  8
DOCUMENT-LAYER
 10
19.36382966765934
 20
79.87986095972195
 30
0.0
  0
VERTEX
  5
18A5
  8
DOCUMENT-LAYER
 10
18.90916367832735
 20
80.03226126452253
 30
0.0
  0
VERTEX
  5
18A6
  8
DOCUMENT-LAYER
 10
18.75930337860676
 20
80.18466156932315
 30
0.0
  0
VERTEX
  5
18A7
  8
DOCUMENT-LAYER
 10
18.60690307380614
 20
80.48692217384435
 30
0.0
  0
SEQEND
  5
1CE9
  8
DOCUMENT-LAYER
  0
POLYLINE
  5
1301
  8
DOCUMENT-LAYER
 66
     1
 10
0.0
 20
0.0
 30
0.0
 40
0.1
 41
0.1
  0
VERTEX
  5
18A8
  8
DOCUMENT-LAYER
 10
23.42531303062606
 20
82.60783657567316
 30
0.0
  0
VERTEX
  5
18A9
  8
DOCUMENT-LAYER
 10
23.27291272582546
 20
82.91009718019438
 30
0.0
  0
VERTEX
  5
18AA
  8
DOCUMENT-LAYER
 10
22.81824673649347
 20
83.06249748499496
 30
0.0
  0
VERTEX
  5
18AB
  8
DOCUMENT-LAYER
 10
22.51598613197226
 20
83.06249748499496
 30
0.0
  0
VERTEX
  5
18AC
  8
DOCUMENT-LAYER
 10
22.06132522265045
 20
82.91009718019438
 30
0.0
  0
VERTEX
  5
18AD
  8
DOCUMENT-LAYER
 10
21.75906461812923
 20
82.45543627087257
 30
0.0
  0
VERTEX
  5
18AE
  8
DOCUMENT-LAYER
 10
21.60666177332354
 20
81.69850967701936
 30
0.0
  0
VERTEX
  5
18AF
  8
DOCUMENT-LAYER
 10
21.60666177332354
 20
80.94158816317633
 30
0.0
  0
SEQEND
  5
1CEA
  8
DOCUMENT-LAYER
  0
POLYLINE
  5
1302
  8
DOCUMENT-LAYER
 66
     1
 10
0.0
 20
0.0
 30
0.0
 40
0.1
 41
0.1
  0
VERTEX
  5
18B0
  8
DOCUMENT-LAYER
 10
26.39712913425827
 20
83.06249748499496
 30
0.0
  0
VERTEX
  5
18B1
  8
DOCUMENT-LAYER
 10
26.39712913425827
 20
79.87986095972195
 30
0.0
  0
SEQEND
  5
1CEB
  8
DOCUMENT-LAYER
  0
POLYLINE
  5
1303
  8
DOCUMENT-LAYER
 66
     1
 10
0.0
 20
0.0
 30
0.0
 40
0.1
 41
0.1
  0
VERTEX
  5
18B2
  8
DOCUMENT-LAYER
 10
25.64020762041525
 20
82.45543627087257
 30
0.0
  0
VERTEX
  5
18B3
  8
DOCUMENT-LAYER
 10
25.94500823001647
 20
82.60783657567316
 30
0.0
  0
VERTEX
  5
18B4
  8
DOCUMENT-LAYER
 10
26.39712913425827
 20
83.06249748499496
 30
0.0
  0
SEQEND
  5
1CEC
  8
DOCUMENT-LAYER
  0
POLYLINE
  5
1304
  8
DOCUMENT-LAYER
 66
     1
 10
0.0
 20
0.0
 30
0.0
 40
0.1
 41
0.1
  0
VERTEX
  5
18B5
  8
DOCUMENT-LAYER
 10
27.58077658155317
 20
83.06249748499496
 30
0.0
  0
VERTEX
  5
18B6
  8
DOCUMENT-LAYER
 10
29.24702753405507
 20
83.06249748499496
 30
0.0
  0
SEQEND
  5
1CED
  8
DOCUMENT-LAYER
  0
POLYLINE
  5
1305
  8
DOCUMENT-LAYER
 66
     1
 10
0.0
 20
0.0
 30
0.0
 40
0.1
 41
0.1
  0
VERTEX
  5
18B7
  8
DOCUMENT-LAYER
 10
29.24702753405507
 20
83.06249748499496
 30
0.0
  0
VERTEX
  5
18B8
  8
DOCUMENT-LAYER
 10
28.33770317540635
 20
81.85090998181998
 30
0.0
  0
VERTEX
  5
18B9
  8
DOCUMENT-LAYER
 10
28.79236408472818
 20
81.85090998181998
 30
0.0
  0
VERTEX
  5
18BA
  8
DOCUMENT-LAYER
 10
29.09462468924939
 20
81.69850967701936
 30
0.0
  0
VERTEX
  5
18BB
  8
DOCUMENT-LAYER
 10
29.24702753405507
 20
81.54864937729876
 30
0.0
  0
VERTEX
  5
18BC
  8
DOCUMENT-LAYER
 10
29.39689037378076
 20
81.09398846797694
 30
0.0
  0
VERTEX
  5
18BD
  8
DOCUMENT-LAYER
 10
29.39689037378076
 20
80.78918277836557
 30
0.0
  0
VERTEX
  5
18BE
  8
DOCUMENT-LAYER
 10
29.24702753405507
 20
80.33452186904375
 30
0.0
  0
VERTEX
  5
18BF
  8
DOCUMENT-LAYER
 10
28.94222438444877
 20
80.03226126452253
 30
0.0
  0
VERTEX
  5
18C0
  8
DOCUMENT-LAYER
 10
28.48756347512695
 20
79.87986095972195
 30
0.0
  0
VERTEX
  5
18C1
  8
DOCUMENT-LAYER
 10
28.03290002580006
 20
79.87986095972195
 30
0.0
  0
VERTEX
  5
18C2
  8
DOCUMENT-LAYER
 10
27.58077658155317
 20
80.03226126452253
 30
0.0
  0
VERTEX
  5
18C3
  8
DOCUMENT-LAYER
 10
27.42837627675256
 20
80.18466156932315
 30
0.0
  0
VERTEX
  5
18C4
  8
DOCUMENT-LAYER
 10
27.27597597195194
 20
80.48692217384435
 30
0.0
  0
SEQEND
  5
1CEE
  8
DOCUMENT-LAYER
  0
POLYLINE
  5
1306
  8
DOCUMENT-LAYER
 66
     1
 10
0.0
 20
0.0
 30
0.0
 40
0.1
 41
0.1
  0
VERTEX
  5
18C5
  8
DOCUMENT-LAYER
 10
30.27573213146427
 20
82.00077028154058
 30
0.0
  0
VERTEX
  5
18C6
  8
DOCUMENT-LAYER
 10
30.27573213146427
 20
79.87986095972195
 30
0.0
  0
SEQEND
  5
1CEF
  8
DOCUMENT-LAYER
  0
POLYLINE
  5
1307
  8
DOCUMENT-LAYER
 66
     1
 10
0.0
 20
0.0
 30
0.0
 40
0.1
 41
0.1
  0
VERTEX
  5
18C7
  8
DOCUMENT-LAYER
 10
30.27573213146427
 20
81.39624907249816
 30
0.0
  0
VERTEX
  5
18C8
  8
DOCUMENT-LAYER
 10
30.73039812079625
 20
81.85090998181998
 30
0.0
  0
VERTEX
  5
18C9
  8
DOCUMENT-LAYER
 10
31.03265872531746
 20
82.00077028154058
 30
0.0
  0
VERTEX
  5
18CA
  8
DOCUMENT-LAYER
 10
31.48731963463927
 20
82.00077028154058
 30
0.0
  0
VERTEX
  5
18CB
  8
DOCUMENT-LAYER
 10
31.79212278424557
 20
81.85090998181998
 30
0.0
  0
VERTEX
  5
18CC
  8
DOCUMENT-LAYER
 10
31.94198562397126
 20
81.39624907249816
 30
0.0
  0
VERTEX
  5
18CD
  8
DOCUMENT-LAYER
 10
31.94198562397126
 20
79.87986095972195
 30
0.0
  0
SEQEND
  5
1CF0
  8
DOCUMENT-LAYER
  0
POLYLINE
  5
1308
  8
DOCUMENT-LAYER
 66
     1
 10
0.0
 20
0.0
 30
0.0
 40
0.1
 41
0.1
  0
VERTEX
  5
18CE
  8
DOCUMENT-LAYER
 10
31.94198562397126
 20
81.39624907249816
 30
0.0
  0
VERTEX
  5
18CF
  8
DOCUMENT-LAYER
 10
32.39664653329308
 20
81.85090998181998
 30
0.0
  0
VERTEX
  5
18D0
  8
DOCUMENT-LAYER
 10
32.7014471428943
 20
82.00077028154058
 30
0.0
  0
VERTEX
  5
18D1
  8
DOCUMENT-LAYER
 10
33.1535680471361
 20
82.00077028154058
 30
0.0
  0
VERTEX
  5
18D2
  8
DOCUMENT-LAYER
 10
33.45837373674748
 20
81.85090998181998
 30
0.0
  0
VERTEX
  5
18D3
  8
DOCUMENT-LAYER
 10
33.60823403646808
 20
81.39624907249816
 30
0.0
  0
VERTEX
  5
18D4
  8
DOCUMENT-LAYER
 10
33.60823403646808
 20
79.87986095972195
 30
0.0
  0
SEQEND
  5
1CF1
  8
DOCUMENT-LAYER
  0
POLYLINE
  5
1309
  8
DOCUMENT-LAYER
 66
     1
 10
0.0
 20
0.0
 30
0.0
 40
0.1
 41
0.1
  0
VERTEX
  5
18D5
  8
DOCUMENT-LAYER
 10
34.48708087416176
 20
82.00077028154058
 30
0.0
  0
VERTEX
  5
18D6
  8
DOCUMENT-LAYER
 10
34.48708087416176
 20
79.87986095972195
 30
0.0
  0
SEQEND
  5
1CF2
  8
DOCUMENT-LAYER
  0
POLYLINE
  5
1310
  8
DOCUMENT-LAYER
 66
     1
 10
0.0
 20
0.0
 30
0.0
 40
0.1
 41
0.1
  0
VERTEX
  5
18D7
  8
DOCUMENT-LAYER
 10
34.48708087416176
 20
81.39624907249816
 30
0.0
  0
VERTEX
  5
18D8
  8
DOCUMENT-LAYER
 10
34.94174178348357
 20
81.85090998181998
 30
0.0
  0
VERTEX
  5
18D9
  8
DOCUMENT-LAYER
 10
35.24400238800479
 20
82.00077028154058
 30
0.0
  0
VERTEX
  5
18DA
  8
DOCUMENT-LAYER
 10
35.69866837733675
 20
82.00077028154058
 30
0.0
  0
VERTEX
  5
18DB
  8
DOCUMENT-LAYER
 10
36.00346898693798
 20
81.85090998181998
 30
0.0
  0
VERTEX
  5
18DC
  8
DOCUMENT-LAYER
 10
36.15332928665858
 20
81.39624907249816
 30
0.0
  0
VERTEX
  5
18DD
  8
DOCUMENT-LAYER
 10
36.15332928665858
 20
79.87986095972195
 30
0.0
  0
SEQEND
  5
1CF3
  8
DOCUMENT-LAYER
  0
POLYLINE
  5
1311
  8
DOCUMENT-LAYER
 66
     1
 10
0.0
 20
0.0
 30
0.0
 40
0.1
 41
0.1
  0
VERTEX
  5
18DE
  8
DOCUMENT-LAYER
 10
36.15332928665858
 20
81.39624907249816
 30
0.0
  0
VERTEX
  5
18DF
  8
DOCUMENT-LAYER
 10
36.6079901959804
 20
81.85090998181998
 30
0.0
  0
VERTEX
  5
18E0
  8
DOCUMENT-LAYER
 10
36.9127933455867
 20
82.00077028154058
 30
0.0
  0
VERTEX
  5
18E1
  8
DOCUMENT-LAYER
 10
37.36491678983358
 20
82.00077028154058
 30
0.0
  0
VERTEX
  5
18E2
  8
DOCUMENT-LAYER
 10
37.66971739943479
 20
81.85090998181998
 30
0.0
  0
VERTEX
  5
18E3
  8
DOCUMENT-LAYER
 10
37.81957769915541
 20
81.39624907249816
 30
0.0
  0
VERTEX
  5
18E4
  8
DOCUMENT-LAYER
 10
37.81957769915541
 20
79.87986095972195
 30
0.0
  0
SEQEND
  5
1CF4
  8
DOCUMENT-LAYER
  0
POLYLINE
  5
1312
  8
DOCUMENT-LAYER
 66
     1
 10
0.0
 20
0.0
 30
0.0
 40
0.1
 41
0.1
  0
VERTEX
  5
18E5
  8
DOCUMENT-LAYER
 10
56.2784092968186
 20
75.70018608037216
 30
0.0
  0
VERTEX
  5
18E6
  8
DOCUMENT-LAYER
 10
56.2784092968186
 20
81.2844888489777
 30
0.0
  0
SEQEND
  5
1CF5
  8
DOCUMENT-LAYER
  0
POLYLINE
  5
1313
  8
DOCUMENT-LAYER
 66
     1
 10
0.0
 20
0.0
 30
0.0
 40
0.1
 41
0.1
  0
VERTEX
  5
18E7
  8
DOCUMENT-LAYER
 10
0.1480740161480334
 20
75.70018608037216
 30
0.0
  0
VERTEX
  5
18E8
  8
DOCUMENT-LAYER
 10
0.1480740161480334
 20
81.2844888489777
 30
0.0
  0
SEQEND
  5
1CF6
  8
DOCUMENT-LAYER
  0
POLYLINE
  5
1314
  8
DOCUMENT-LAYER
 66
     1
 10
0.0
 20
0.0
 30
0.0
 40
0.1
 41
0.1
  0
VERTEX
  5
18E9
  8
DOCUMENT-LAYER
 10
56.2784092968186
 20
78.74447360894722
 30
0.0
  0
VERTEX
  5
18EA
  8
DOCUMENT-LAYER
 10
55.54236916473834
 20
78.54725237450478
 30
0.0
  0
SEQEND
  5
1CF7
  8
DOCUMENT-LAYER
  0
POLYLINE
  5
1315
  8
DOCUMENT-LAYER
 66
     1
 10
0.0
 20
0.0
 30
0.0
 40
0.1
 41
0.1
  0
VERTEX
  5
18EB
  8
DOCUMENT-LAYER
 10
56.2784092968186
 20
78.74447360894722
 30
0.0
  0
VERTEX
  5
18EC
  8
DOCUMENT-LAYER
 10
55.54236916473834
 20
78.9416948433897
 30
0.0
  0
SEQEND
  5
1CF8
  8
DOCUMENT-LAYER
  0
POLYLINE
  5
1316
  8
DOCUMENT-LAYER
 66
     1
 10
0.0
 20
0.0
 30
0.0
 40
0.1
 41
0.1
  0
VERTEX
  5
18ED
  8
DOCUMENT-LAYER
 10
0.1480740161480334
 20
78.74447360894722
 30
0.0
  0
VERTEX
  5
18EE
  8
DOCUMENT-LAYER
 10
0.8841116082232183
 20
78.54725237450478
 30
0.0
  0
SEQEND
  5
1CF9
  8
DOCUMENT-LAYER
  0
POLYLINE
  5
1317
  8
DOCUMENT-LAYER
 66
     1
 10
0.0
 20
0.0
 30
0.0
 40
0.1
 41
0.1
  0
VERTEX
  5
18EF
  8
DOCUMENT-LAYER
 10
0.1480740161480334
 20
78.74447360894722
 30
0.0
  0
VERTEX
  5
18F0
  8
DOCUMENT-LAYER
 10
0.8841116082232183
 20
78.9416948433897
 30
0.0
  0
SEQEND
  5
1CFA
  8
DOCUMENT-LAYER
  0
POLYLINE
  5
1318
  8
DOCUMENT-LAYER
 66
     1
 10
0.0
 20
0.0
 30
0.0
 40
0.1
 41
0.1
  0
VERTEX
  5
18F1
  8
DOCUMENT-LAYER
 10
56.2784092968186
 20
78.74447360894722
 30
0.0
  0
VERTEX
  5
18F2
  8
DOCUMENT-LAYER
 10
37.8957778515557
 20
78.74447360894722
 30
0.0
  0
SEQEND
  5
1CFB
  8
DOCUMENT-LAYER
  0
POLYLINE
  5
1319
  8
DOCUMENT-LAYER
 66
     1
 10
0.0
 20
0.0
 30
0.0
 40
0.1
 41
0.1
  0
VERTEX
  5
18F3
  8
DOCUMENT-LAYER
 10
18.53070292140584
 20
78.74447360894722
 30
0.0
  0
VERTEX
  5
18F4
  8
DOCUMENT-LAYER
 10
0.1480740161480334
 20
78.74447360894722
 30
0.0
  0
SEQEND
  5
1CFC
  8
DOCUMENT-LAYER
  0
POLYLINE
  5
1320
  8
DOCUMENT-LAYER
 66
     1
 10
0.0
 20
0.0
 30
0.0
 40
0.1
 41
0.1
  0
VERTEX
  5
18F5
  8
DOCUMENT-LAYER
 10
63.23711135422271
 20
115.715291490583
 30
0.0
  0
VERTEX
  5
18F6
  8
DOCUMENT-LAYER
 10
62.93484820969642
 20
115.5628911857824
 30
0.0
  0
VERTEX
  5
18F7
  8
DOCUMENT-LAYER
 10
62.78244790489583
 20
115.1082277364555
 30
0.0
  0
VERTEX
  5
18F8
  8
DOCUMENT-LAYER
 10
62.78244790489583
 20
114.8059645919292
 30
0.0
  0
VERTEX
  5
18F9
  8
DOCUMENT-LAYER
 10
62.93484820969642
 20
114.3513036826074
 30
0.0
  0
VERTEX
  5
18FA
  8
DOCUMENT-LAYER
 10
63.38951165902332
 20
114.0490430780862
 30
0.0
  0
VERTEX
  5
18FB
  8
DOCUMENT-LAYER
 10
64.14643571287144
 20
113.8966427732856
 30
0.0
  0
VERTEX
  5
18FC
  8
DOCUMENT-LAYER
 10
64.90336230672463
 20
113.8966427732856
 30
0.0
  0
SEQEND
  5
1CFD
  8
DOCUMENT-LAYER
  0
POLYLINE
  5
1321
  8
DOCUMENT-LAYER
 66
     1
 10
0.0
 20
0.0
 30
0.0
 40
0.1
 41
0.1
  0
VERTEX
  5
18FD
  8
DOCUMENT-LAYER
 10
62.78244790489583
 20
117.0487992375985
 30
0.0
  0
VERTEX
  5
18FE
  8
DOCUMENT-LAYER
 10
62.78244790489583
 20
118.7150476500953
 30
0.0
  0
SEQEND
  5
1CFE
  8
DOCUMENT-LAYER
  0
POLYLINE
  5
1322
  8
DOCUMENT-LAYER
 66
     1
 10
0.0
 20
0.0
 30
0.0
 40
0.1
 41
0.1
  0
VERTEX
  5
18FF
  8
DOCUMENT-LAYER
 10
62.78244790489583
 20
118.7150476500953
 30
0.0
  0
VERTEX
  5
1900
  8
DOCUMENT-LAYER
 10
63.99403540807082
 20
117.8057258314517
 30
0.0
  0
VERTEX
  5
1901
  8
DOCUMENT-LAYER
 10
63.99403540807082
 20
118.2603867407735
 30
0.0
  0
VERTEX
  5
1902
  8
DOCUMENT-LAYER
 10
64.14643571287144
 20
118.5626473452947
 30
0.0
  0
VERTEX
  5
1903
  8
DOCUMENT-LAYER
 10
64.29629601259202
 20
118.7150476500953
 30
0.0
  0
VERTEX
  5
1904
  8
DOCUMENT-LAYER
 10
64.75095946191894
 20
118.864910489821
 30
0.0
  0
VERTEX
  5
1905
  8
DOCUMENT-LAYER
 10
65.05576261152524
 20
118.864910489821
 30
0.0
  0
VERTEX
  5
1906
  8
DOCUMENT-LAYER
 10
65.51042352084707
 20
118.7150476500953
 30
0.0
  0
VERTEX
  5
1907
  8
DOCUMENT-LAYER
 10
65.81268666537335
 20
118.4102470404941
 30
0.0
  0
VERTEX
  5
1908
  8
DOCUMENT-LAYER
 10
65.96508697017393
 20
117.9555861311723
 30
0.0
  0
VERTEX
  5
1909
  8
DOCUMENT-LAYER
 10
65.96508697017393
 20
117.5009226818454
 30
0.0
  0
VERTEX
  5
190A
  8
DOCUMENT-LAYER
 10
65.81268666537335
 20
117.0487992375985
 30
0.0
  0
VERTEX
  5
190B
  8
DOCUMENT-LAYER
 10
65.66028382056763
 20
116.8963989327979
 30
0.0
  0
VERTEX
  5
190C
  8
DOCUMENT-LAYER
 10
65.35802321604643
 20
116.7439986279973
 30
0.0
  0
SEQEND
  5
1CFF
  8
DOCUMENT-LAYER
  0
POLYLINE
  5
1323
  8
DOCUMENT-LAYER
 66
     1
 10
0.0
 20
0.0
 30
0.0
 40
0.1
 41
0.1
  0
VERTEX
  5
190D
  8
DOCUMENT-LAYER
 10
62.78244790489583
 20
123.0483166366333
 30
0.0
  0
VERTEX
  5
190E
  8
DOCUMENT-LAYER
 10
65.96508697017393
 20
121.5344685289371
 30
0.0
  0
SEQEND
  5
1D00
  8
DOCUMENT-LAYER
  0
POLYLINE
  5
1324
  8
DOCUMENT-LAYER
 66
     1
 10
0.0
 20
0.0
 30
0.0
 40
0.1
 41
0.1
  0
VERTEX
  5
190F
  8
DOCUMENT-LAYER
 10
62.78244790489583
 20
120.9274022348045
 30
0.0
  0
VERTEX
  5
1910
  8
DOCUMENT-LAYER
 10
62.78244790489583
 20
123.0483166366333
 30
0.0
  0
SEQEND
  5
1D01
  8
DOCUMENT-LAYER
  0
POLYLINE
  5
1325
  8
DOCUMENT-LAYER
 66
     1
 10
0.0
 20
0.0
 30
0.0
 40
0.1
 41
0.1
  0
VERTEX
  5
1911
  8
DOCUMENT-LAYER
 10
62.78244790489583
 20
125.7458121916244
 30
0.0
  0
VERTEX
  5
1912
  8
DOCUMENT-LAYER
 10
62.78244790489583
 20
124.2319640839282
 30
0.0
  0
VERTEX
  5
1913
  8
DOCUMENT-LAYER
 10
64.14643571287144
 20
124.0795612391225
 30
0.0
  0
VERTEX
  5
1914
  8
DOCUMENT-LAYER
 10
63.99403540807082
 20
124.2319640839282
 30
0.0
  0
VERTEX
  5
1915
  8
DOCUMENT-LAYER
 10
63.84417510835024
 20
124.68408498817
 30
0.0
  0
VERTEX
  5
1916
  8
DOCUMENT-LAYER
 10
63.84417510835024
 20
125.1387484374969
 30
0.0
  0
VERTEX
  5
1917
  8
DOCUMENT-LAYER
 10
63.99403540807082
 20
125.5934118868238
 30
0.0
  0
VERTEX
  5
1918
  8
DOCUMENT-LAYER
 10
64.29629601259202
 20
125.898212496425
 30
0.0
  0
VERTEX
  5
1919
  8
DOCUMENT-LAYER
 10
64.75095946191894
 20
126.0480727961456
 30
0.0
  0
VERTEX
  5
191A
  8
DOCUMENT-LAYER
 10
65.05576261152524
 20
126.0480727961456
 30
0.0
  0
VERTEX
  5
191B
  8
DOCUMENT-LAYER
 10
65.51042352084707
 20
125.898212496425
 30
0.0
  0
VERTEX
  5
191C
  8
DOCUMENT-LAYER
 10
65.81268666537335
 20
125.5934118868238
 30
0.0
  0
VERTEX
  5
191D
  8
DOCUMENT-LAYER
 10
65.96508697017393
 20
125.1387484374969
 30
0.0
  0
VERTEX
  5
191E
  8
DOCUMENT-LAYER
 10
65.96508697017393
 20
124.68408498817
 30
0.0
  0
VERTEX
  5
191F
  8
DOCUMENT-LAYER
 10
65.81268666537335
 20
124.2319640839282
 30
0.0
  0
VERTEX
  5
1920
  8
DOCUMENT-LAYER
 10
65.66028382056763
 20
124.0795612391225
 30
0.0
  0
VERTEX
  5
1921
  8
DOCUMENT-LAYER
 10
65.35802321604643
 20
123.9271609343219
 30
0.0
  0
SEQEND
  5
1D02
  8
DOCUMENT-LAYER
  0
POLYLINE
  5
1326
  8
DOCUMENT-LAYER
 66
     1
 10
0.0
 20
0.0
 30
0.0
 40
0.1
 41
0.1
  0
VERTEX
  5
1922
  8
DOCUMENT-LAYER
 10
63.84417510835024
 20
126.9269196338393
 30
0.0
  0
VERTEX
  5
1923
  8
DOCUMENT-LAYER
 10
65.96508697017393
 20
126.9269196338393
 30
0.0
  0
SEQEND
  5
1D03
  8
DOCUMENT-LAYER
  0
POLYLINE
  5
1327
  8
DOCUMENT-LAYER
 66
     1
 10
0.0
 20
0.0
 30
0.0
 40
0.1
 41
0.1
  0
VERTEX
  5
1924
  8
DOCUMENT-LAYER
 10
64.44869885739772
 20
126.9269196338393
 30
0.0
  0
VERTEX
  5
1925
  8
DOCUMENT-LAYER
 10
63.99403540807082
 20
127.3815805431611
 30
0.0
  0
VERTEX
  5
1926
  8
DOCUMENT-LAYER
 10
63.84417510835024
 20
127.6838436876874
 30
0.0
  0
VERTEX
  5
1927
  8
DOCUMENT-LAYER
 10
63.84417510835024
 20
128.1385071370143
 30
0.0
  0
VERTEX
  5
1928
  8
DOCUMENT-LAYER
 10
63.99403540807082
 20
128.4433077466155
 30
0.0
  0
VERTEX
  5
1929
  8
DOCUMENT-LAYER
 10
64.44869885739772
 20
128.5931680463361
 30
0.0
  0
VERTEX
  5
192A
  8
DOCUMENT-LAYER
 10
65.96508697017393
 20
128.5931680463361
 30
0.0
  0
SEQEND
  5
1D04
  8
DOCUMENT-LAYER
  0
POLYLINE
  5
1328
  8
DOCUMENT-LAYER
 66
     1
 10
0.0
 20
0.0
 30
0.0
 40
0.1
 41
0.1
  0
VERTEX
  5
192B
  8
DOCUMENT-LAYER
 10
64.44869885739772
 20
128.5931680463361
 30
0.0
  0
VERTEX
  5
192C
  8
DOCUMENT-LAYER
 10
63.99403540807082
 20
129.047831495663
 30
0.0
  0
VERTEX
  5
192D
  8
DOCUMENT-LAYER
 10
63.84417510835024
 20
129.3526346452693
 30
0.0
  0
VERTEX
  5
192E
  8
DOCUMENT-LAYER
 10
63.84417510835024
 20
129.8047555495111
 30
0.0
  0
VERTEX
  5
192F
  8
DOCUMENT-LAYER
 10
63.99403540807082
 20
130.1095561591123
 30
0.0
  0
VERTEX
  5
1930
  8
DOCUMENT-LAYER
 10
64.44869885739772
 20
130.259418998838
 30
0.0
  0
VERTEX
  5
1931
  8
DOCUMENT-LAYER
 10
65.96508697017393
 20
130.259418998838
 30
0.0
  0
SEQEND
  5
1D05
  8
DOCUMENT-LAYER
  0
POLYLINE
  5
1329
  8
DOCUMENT-LAYER
 66
     1
 10
0.0
 20
0.0
 30
0.0
 40
0.1
 41
0.1
  0
VERTEX
  5
1932
  8
DOCUMENT-LAYER
 10
63.84417510835024
 20
131.1382632965266
 30
0.0
  0
VERTEX
  5
1933
  8
DOCUMENT-LAYER
 10
65.96508697017393
 20
131.1382632965266
 30
0.0
  0
SEQEND
  5
1D06
  8
DOCUMENT-LAYER
  0
POLYLINE
  5
1330
  8
DOCUMENT-LAYER
 66
     1
 10
0.0
 20
0.0
 30
0.0
 40
0.1
 41
0.1
  0
VERTEX
  5
1934
  8
DOCUMENT-LAYER
 10
64.44869885739772
 20
131.1382632965266
 30
0.0
  0
VERTEX
  5
1935
  8
DOCUMENT-LAYER
 10
63.99403540807082
 20
131.5929267458535
 30
0.0
  0
VERTEX
  5
1936
  8
DOCUMENT-LAYER
 10
63.84417510835024
 20
131.8951898903798
 30
0.0
  0
VERTEX
  5
1937
  8
DOCUMENT-LAYER
 10
63.84417510835024
 20
132.3498507997016
 30
0.0
  0
VERTEX
  5
1938
  8
DOCUMENT-LAYER
 10
63.99403540807082
 20
132.6546514093029
 30
0.0
  0
VERTEX
  5
1939
  8
DOCUMENT-LAYER
 10
64.44869885739772
 20
132.8045142490285
 30
0.0
  0
VERTEX
  5
193A
  8
DOCUMENT-LAYER
 10
65.96508697017393
 20
132.8045142490285
 30
0.0
  0
SEQEND
  5
1D07
  8
DOCUMENT-LAYER
  0
POLYLINE
  5
1331
  8
DOCUMENT-LAYER
 66
     1
 10
0.0
 20
0.0
 30
0.0
 40
0.1
 41
0.1
  0
VERTEX
  5
193B
  8
DOCUMENT-LAYER
 10
64.44869885739772
 20
132.8045142490285
 30
0.0
  0
VERTEX
  5
193C
  8
DOCUMENT-LAYER
 10
63.99403540807082
 20
133.2591776983554
 30
0.0
  0
VERTEX
  5
193D
  8
DOCUMENT-LAYER
 10
63.84417510835024
 20
133.5639783079566
 30
0.0
  0
VERTEX
  5
193E
  8
DOCUMENT-LAYER
 10
63.84417510835024
 20
134.0161017522035
 30
0.0
  0
VERTEX
  5
193F
  8
DOCUMENT-LAYER
 10
63.99403540807082
 20
134.3209049018098
 30
0.0
  0
VERTEX
  5
1940
  8
DOCUMENT-LAYER
 10
64.44869885739772
 20
134.4707652015304
 30
0.0
  0
VERTEX
  5
1941
  8
DOCUMENT-LAYER
 10
65.96508697017393
 20
134.4707652015304
 30
0.0
  0
SEQEND
  5
1D08
  8
DOCUMENT-LAYER
  0
POLYLINE
  5
1332
  8
DOCUMENT-LAYER
 66
     1
 10
0.0
 20
0.0
 30
0.0
 40
0.1
 41
0.1
  0
VERTEX
  5
1942
  8
DOCUMENT-LAYER
 10
56.51833817667636
 20
156.0588932177864
 30
0.0
  0
VERTEX
  5
1943
  8
DOCUMENT-LAYER
 10
69.64048956097912
 20
156.0588932177864
 30
0.0
  0
SEQEND
  5
1D09
  8
DOCUMENT-LAYER
  0
POLYLINE
  5
1333
  8
DOCUMENT-LAYER
 66
     1
 10
0.0
 20
0.0
 30
0.0
 40
0.1
 41
0.1
  0
VERTEX
  5
1944
  8
DOCUMENT-LAYER
 10
56.51892745785492
 20
92.25955361910725
 30
0.0
  0
VERTEX
  5
1945
  8
DOCUMENT-LAYER
 10
69.64001712003426
 20
92.25955361910725
 30
0.0
  0
SEQEND
  5
1D0A
  8
DOCUMENT-LAYER
  0
POLYLINE
  5
1334
  8
DOCUMENT-LAYER
 66
     1
 10
0.0
 20
0.0
 30
0.0
 40
0.1
 41
0.1
  0
VERTEX
  5
1946
  8
DOCUMENT-LAYER
 10
67.10047432094865
 20
156.0588932177864
 30
0.0
  0
VERTEX
  5
1947
  8
DOCUMENT-LAYER
 10
67.29769555539113
 20
155.3228530857062
 30
0.0
  0
SEQEND
  5
1D0B
  8
DOCUMENT-LAYER
  0
POLYLINE
  5
1335
  8
DOCUMENT-LAYER
 66
     1
 10
0.0
 20
0.0
 30
0.0
 40
0.1
 41
0.1
  0
VERTEX
  5
1948
  8
DOCUMENT-LAYER
 10
67.10047432094865
 20
156.0588932177864
 30
0.0
  0
VERTEX
  5
1949
  8
DOCUMENT-LAYER
 10
66.9032530865062
 20
155.3228530857062
 30
0.0
  0
SEQEND
  5
1D0C
  8
DOCUMENT-LAYER
  0
POLYLINE
  5
1336
  8
DOCUMENT-LAYER
 66
     1
 10
0.0
 20
0.0
 30
0.0
 40
0.1
 41
0.1
  0
VERTEX
  5
194A
  8
DOCUMENT-LAYER
 10
67.10047432094865
 20
92.30851221702444
 30
0.0
  0
VERTEX
  5
194B
  8
DOCUMENT-LAYER
 10
67.29769555539113
 20
93.04455234910469
 30
0.0
  0
SEQEND
  5
1D0D
  8
DOCUMENT-LAYER
  0
POLYLINE
  5
1337
  8
DOCUMENT-LAYER
 66
     1
 10
0.0
 20
0.0
 30
0.0
 40
0.1
 41
0.1
  0
VERTEX
  5
194C
  8
DOCUMENT-LAYER
 10
67.10047432094865
 20
92.30851221702444
 30
0.0
  0
VERTEX
  5
194D
  8
DOCUMENT-LAYER
 10
66.9032530865062
 20
93.04455234910469
 30
0.0
  0
SEQEND
  5
1D0E
  8
DOCUMENT-LAYER
  0
POLYLINE
  5
1338
  8
DOCUMENT-LAYER
 66
     1
 10
0.0
 20
0.0
 30
0.0
 40
0.1
 41
0.1
  0
VERTEX
  5
194E
  8
DOCUMENT-LAYER
 10
67.10047432094865
 20
156.0588932177864
 30
0.0
  0
VERTEX
  5
194F
  8
DOCUMENT-LAYER
 10
67.10047432094865
 20
134.5469653539307
 30
0.0
  0
SEQEND
  5
1D0F
  8
DOCUMENT-LAYER
  0
POLYLINE
  5
1339
  8
DOCUMENT-LAYER
 66
     1
 10
0.0
 20
0.0
 30
0.0
 40
0.1
 41
0.1
  0
VERTEX
  5
1950
  8
DOCUMENT-LAYER
 10
67.10047432094865
 20
113.8204400808802
 30
0.0
  0
VERTEX
  5
1951
  8
DOCUMENT-LAYER
 10
67.10047432094865
 20
92.30851221702444
 30
0.0
  0
SEQEND
  5
1D10
  8
DOCUMENT-LAYER
  0
POLYLINE
  5
1340
  8
DOCUMENT-LAYER
 66
     1
 10
0.0
 20
0.0
 30
0.0
 40
0.1
 41
0.1
  0
VERTEX
  5
1952
  8
DOCUMENT-LAYER
 10
132.1063696727394
 20
19.57267274534549
 30
0.0
  0
VERTEX
  5
1953
  8
DOCUMENT-LAYER
 10
130.589976479953
 20
19.57267274534549
 30
0.0
  0
VERTEX
  5
1954
  8
DOCUMENT-LAYER
 10
130.4401161802324
 20
18.20868493736988
 30
0.0
  0
VERTEX
  5
1955
  8
DOCUMENT-LAYER
 10
130.589976479953
 20
18.36108524217048
 30
0.0
  0
VERTEX
  5
1956
  8
DOCUMENT-LAYER
 10
131.044642469285
 20
18.51094554189109
 30
0.0
  0
VERTEX
  5
1957
  8
DOCUMENT-LAYER
 10
131.4993033786068
 20
18.51094554189109
 30
0.0
  0
VERTEX
  5
1958
  8
DOCUMENT-LAYER
 10
131.9539668279337
 20
18.36108524217048
 30
0.0
  0
VERTEX
  5
1959
  8
DOCUMENT-LAYER
 10
132.25622997246
 20
18.05882463764927
 30
0.0
  0
VERTEX
  5
195A
  8
DOCUMENT-LAYER
 10
132.4086302772606
 20
17.60416118832238
 30
0.0
  0
VERTEX
  5
195B
  8
DOCUMENT-LAYER
 10
132.4086302772606
 20
17.29935803871608
 30
0.0
  0
VERTEX
  5
195C
  8
DOCUMENT-LAYER
 10
132.25622997246
 20
16.84469712939426
 30
0.0
  0
VERTEX
  5
195D
  8
DOCUMENT-LAYER
 10
131.9539668279337
 20
16.54243398486797
 30
0.0
  0
VERTEX
  5
195E
  8
DOCUMENT-LAYER
 10
131.4993033786068
 20
16.39003368006736
 30
0.0
  0
VERTEX
  5
195F
  8
DOCUMENT-LAYER
 10
131.044642469285
 20
16.39003368006736
 30
0.0
  0
VERTEX
  5
1960
  8
DOCUMENT-LAYER
 10
130.589976479953
 20
16.54243398486797
 30
0.0
  0
VERTEX
  5
1961
  8
DOCUMENT-LAYER
 10
130.4401161802324
 20
16.69483428966858
 30
0.0
  0
VERTEX
  5
1962
  8
DOCUMENT-LAYER
 10
130.2877158754318
 20
16.99709743419487
 30
0.0
  0
SEQEND
  5
1D11
  8
DOCUMENT-LAYER
  0
POLYLINE
  5
1341
  8
DOCUMENT-LAYER
 66
     1
 10
0.0
 20
0.0
 30
0.0
 40
0.1
 41
0.1
  0
VERTEX
  5
1963
  8
DOCUMENT-LAYER
 10
137.4708807217615
 20
18.51094554189109
 30
0.0
  0
VERTEX
  5
1964
  8
DOCUMENT-LAYER
 10
137.4708807217615
 20
16.39003368006736
 30
0.0
  0
SEQEND
  5
1D12
  8
DOCUMENT-LAYER
  0
POLYLINE
  5
1342
  8
DOCUMENT-LAYER
 66
     1
 10
0.0
 20
0.0
 30
0.0
 40
0.1
 41
0.1
  0
VERTEX
  5
1965
  8
DOCUMENT-LAYER
 10
137.4708807217615
 20
17.90642179284359
 30
0.0
  0
VERTEX
  5
1966
  8
DOCUMENT-LAYER
 10
137.9255416310833
 20
18.36108524217048
 30
0.0
  0
VERTEX
  5
1967
  8
DOCUMENT-LAYER
 10
138.2278022356045
 20
18.51094554189109
 30
0.0
  0
VERTEX
  5
1968
  8
DOCUMENT-LAYER
 10
138.6824682249365
 20
18.51094554189109
 30
0.0
  0
VERTEX
  5
1969
  8
DOCUMENT-LAYER
 10
138.9872688345377
 20
18.36108524217048
 30
0.0
  0
VERTEX
  5
196A
  8
DOCUMENT-LAYER
 10
139.1371291342583
 20
17.90642179284359
 30
0.0
  0
VERTEX
  5
196B
  8
DOCUMENT-LAYER
 10
139.1371291342583
 20
16.39003368006736
 30
0.0
  0
SEQEND
  5
1D13
  8
DOCUMENT-LAYER
  0
POLYLINE
  5
1343
  8
DOCUMENT-LAYER
 66
     1
 10
0.0
 20
0.0
 30
0.0
 40
0.1
 41
0.1
  0
VERTEX
  5
196C
  8
DOCUMENT-LAYER
 10
139.1371291342583
 20
17.90642179284359
 30
0.0
  0
VERTEX
  5
196D
  8
DOCUMENT-LAYER
 10
139.5917925835852
 20
18.36108524217048
 30
0.0
  0
VERTEX
  5
196E
  8
DOCUMENT-LAYER
 10
139.8965957331915
 20
18.51094554189109
 30
0.0
  0
VERTEX
  5
196F
  8
DOCUMENT-LAYER
 10
140.3487166374333
 20
18.51094554189109
 30
0.0
  0
VERTEX
  5
1970
  8
DOCUMENT-LAYER
 10
140.6535172470345
 20
18.36108524217048
 30
0.0
  0
VERTEX
  5
1971
  8
DOCUMENT-LAYER
 10
140.8033775467551
 20
17.90642179284359
 30
0.0
  0
VERTEX
  5
1972
  8
DOCUMENT-LAYER
 10
140.8033775467551
 20
16.39003368006736
 30
0.0
  0
SEQEND
  5
1D14
  8
DOCUMENT-LAYER
  0
POLYLINE
  5
1344
  8
DOCUMENT-LAYER
 66
     1
 10
0.0
 20
0.0
 30
0.0
 40
0.1
 41
0.1
  0
VERTEX
  5
1973
  8
DOCUMENT-LAYER
 10
141.6822243844488
 20
18.51094554189109
 30
0.0
  0
VERTEX
  5
1974
  8
DOCUMENT-LAYER
 10
141.6822243844488
 20
16.39003368006736
 30
0.0
  0
SEQEND
  5
1D15
  8
DOCUMENT-LAYER
  0
POLYLINE
  5
1345
  8
DOCUMENT-LAYER
 66
     1
 10
0.0
 20
0.0
 30
0.0
 40
0.1
 41
0.1
  0
VERTEX
  5
1975
  8
DOCUMENT-LAYER
 10
141.6822243844488
 20
17.90642179284359
 30
0.0
  0
VERTEX
  5
1976
  8
DOCUMENT-LAYER
 10
142.1368878337757
 20
18.36108524217048
 30
0.0
  0
VERTEX
  5
1977
  8
DOCUMENT-LAYER
 10
142.439150978302
 20
18.51094554189109
 30
0.0
  0
VERTEX
  5
1978
  8
DOCUMENT-LAYER
 10
142.8938118876238
 20
18.51094554189109
 30
0.0
  0
VERTEX
  5
1979
  8
DOCUMENT-LAYER
 10
143.198612497225
 20
18.36108524217048
 30
0.0
  0
VERTEX
  5
197A
  8
DOCUMENT-LAYER
 10
143.3484753369507
 20
17.90642179284359
 30
0.0
  0
VERTEX
  5
197B
  8
DOCUMENT-LAYER
 10
143.3484753369507
 20
16.39003368006736
 30
0.0
  0
SEQEND
  5
1D16
  8
DOCUMENT-LAYER
  0
POLYLINE
  5
1346
  8
DOCUMENT-LAYER
 66
     1
 10
0.0
 20
0.0
 30
0.0
 40
0.1
 41
0.1
  0
VERTEX
  5
197C
  8
DOCUMENT-LAYER
 10
143.3484753369507
 20
17.90642179284359
 30
0.0
  0
VERTEX
  5
197D
  8
DOCUMENT-LAYER
 10
143.8031387862776
 20
18.36108524217048
 30
0.0
  0
VERTEX
  5
197E
  8
DOCUMENT-LAYER
 10
144.1079393958788
 20
18.51094554189109
 30
0.0
  0
VERTEX
  5
197F
  8
DOCUMENT-LAYER
 10
144.5600603001207
 20
18.51094554189109
 30
0.0
  0
VERTEX
  5
1980
  8
DOCUMENT-LAYER
 10
144.864865989732
 20
18.36108524217048
 30
0.0
  0
VERTEX
  5
1981
  8
DOCUMENT-LAYER
 10
145.0147262894526
 20
17.90642179284359
 30
0.0
  0
VERTEX
  5
1982
  8
DOCUMENT-LAYER
 10
145.0147262894526
 20
16.39003368006736
 30
0.0
  0
SEQEND
  5
1D17
  8
DOCUMENT-LAYER
  0
POLYLINE
  5
1347
  8
DOCUMENT-LAYER
 66
     1
 10
0.0
 20
0.0
 30
0.0
 40
0.1
 41
0.1
  0
VERTEX
  5
1983
  8
DOCUMENT-LAYER
 10
140.1512363224727
 20
3.984580289160581
 30
0.0
  0
VERTEX
  5
1984
  8
DOCUMENT-LAYER
 10
140.1512363224727
 20
16.5246539493079
 30
0.0
  0
SEQEND
  5
1D18
  8
DOCUMENT-LAYER
  0
POLYLINE
  5
1348
  8
DOCUMENT-LAYER
 66
     1
 10
0.0
 20
0.0
 30
0.0
 40
0.1
 41
0.1
  0
VERTEX
  5
1985
  8
DOCUMENT-LAYER
 10
135.1512058424117
 20
3.984580289160581
 30
0.0
  0
VERTEX
  5
1986
  8
DOCUMENT-LAYER
 10
135.1512058424117
 20
16.5246539493079
 30
0.0
  0
SEQEND
  5
1D19
  8
DOCUMENT-LAYER
  0
POLYLINE
  5
1349
  8
DOCUMENT-LAYER
 66
     1
 10
0.0
 20
0.0
 30
0.0
 40
0.1
 41
0.1
  0
VERTEX
  5
1987
  8
DOCUMENT-LAYER
 10
140.1512363224727
 20
13.98463870927742
 30
0.0
  0
VERTEX
  5
1988
  8
DOCUMENT-LAYER
 10
139.4151961903924
 20
13.78741747483495
 30
0.0
  0
SEQEND
  5
1D1A
  8
DOCUMENT-LAYER
  0
POLYLINE
  5
1350
  8
DOCUMENT-LAYER
 66
     1
 10
0.0
 20
0.0
 30
0.0
 40
0.1
 41
0.1
  0
VERTEX
  5
1989
  8
DOCUMENT-LAYER
 10
140.1512363224727
 20
13.98463870927742
 30
0.0
  0
VERTEX
  5
198A
  8
DOCUMENT-LAYER
 10
139.4151961903924
 20
14.18185994371989
 30
0.0
  0
SEQEND
  5
1D1B
  8
DOCUMENT-LAYER
  0
POLYLINE
  5
1351
  8
DOCUMENT-LAYER
 66
     1
 10
0.0
 20
0.0
 30
0.0
 40
0.1
 41
0.1
  0
VERTEX
  5
198B
  8
DOCUMENT-LAYER
 10
135.1512058424117
 20
13.98463870927742
 30
0.0
  0
VERTEX
  5
198C
  8
DOCUMENT-LAYER
 10
135.8872434344869
 20
13.78741747483495
 30
0.0
  0
SEQEND
  5
1D1C
  8
DOCUMENT-LAYER
  0
POLYLINE
  5
1352
  8
DOCUMENT-LAYER
 66
     1
 10
0.0
 20
0.0
 30
0.0
 40
0.1
 41
0.1
  0
VERTEX
  5
198D
  8
DOCUMENT-LAYER
 10
135.1512058424117
 20
13.98463870927742
 30
0.0
  0
VERTEX
  5
198E
  8
DOCUMENT-LAYER
 10
135.8872434344869
 20
14.18185994371989
 30
0.0
  0
SEQEND
  5
1D1D
  8
DOCUMENT-LAYER
  0
POLYLINE
  5
1353
  8
DOCUMENT-LAYER
 66
     1
 10
0.0
 20
0.0
 30
0.0
 40
0.1
 41
0.1
  0
VERTEX
  5
198F
  8
DOCUMENT-LAYER
 10
140.1512363224727
 20
13.98463870927742
 30
0.0
  0
VERTEX
  5
1990
  8
DOCUMENT-LAYER
 10
135.1512058424117
 20
13.98463870927742
 30
0.0
  0
SEQEND
  5
1D1E
  8
DOCUMENT-LAYER
  0
POLYLINE
  5
1354
  8
DOCUMENT-LAYER
 66
     1
 10
0.0
 20
0.0
 30
0.0
 40
0.1
 41
0.1
  0
VERTEX
  5
1991
  8
DOCUMENT-LAYER
 10
119.5571138942278
 20
-3.95248854497709
 30
0.0
  0
VERTEX
  5
1992
  8
DOCUMENT-LAYER
 10
121.6780232160465
 20
-5.466339192678385
 30
0.0
  0
SEQEND
  5
1D1F
  8
DOCUMENT-LAYER
  0
POLYLINE
  5
1355
  8
DOCUMENT-LAYER
 66
     1
 10
0.0
 20
0.0
 30
0.0
 40
0.1
 41
0.1
  0
VERTEX
  5
1993
  8
DOCUMENT-LAYER
 10
121.6780232160465
 20
-5.466339192678385
 30
0.0
  0
VERTEX
  5
1994
  8
DOCUMENT-LAYER
 10
121.6780232160465
 20
-3.193024486048971
 30
0.0
  0
SEQEND
  5
1D20
  8
DOCUMENT-LAYER
  0
POLYLINE
  5
1356
  8
DOCUMENT-LAYER
 66
     1
 10
0.0
 20
0.0
 30
0.0
 40
0.1
 41
0.1
  0
VERTEX
  5
1995
  8
DOCUMENT-LAYER
 10
119.5571138942278
 20
-3.95248854497709
 30
0.0
  0
VERTEX
  5
1996
  8
DOCUMENT-LAYER
 10
122.7397504195008
 20
-3.95248854497709
 30
0.0
  0
SEQEND
  5
1D21
  8
DOCUMENT-LAYER
  0
POLYLINE
  5
1357
  8
DOCUMENT-LAYER
 66
     1
 10
0.0
 20
0.0
 30
0.0
 40
0.1
 41
0.1
  0
VERTEX
  5
1997
  8
DOCUMENT-LAYER
 10
120.6188385576771
 20
1.869225958451915
 30
0.0
  0
VERTEX
  5
1998
  8
DOCUMENT-LAYER
 10
122.7397504195008
 20
1.869225958451915
 30
0.0
  0
SEQEND
  5
1D22
  8
DOCUMENT-LAYER
  0
POLYLINE
  5
1358
  8
DOCUMENT-LAYER
 66
     1
 10
0.0
 20
0.0
 30
0.0
 40
0.1
 41
0.1
  0
VERTEX
  5
1999
  8
DOCUMENT-LAYER
 10
121.2233623067247
 20
1.869225958451915
 30
0.0
  0
VERTEX
  5
199A
  8
DOCUMENT-LAYER
 10
120.7687013974028
 20
2.323889407778816
 30
0.0
  0
VERTEX
  5
199B
  8
DOCUMENT-LAYER
 10
120.6188385576771
 20
2.626152552305106
 30
0.0
  0
VERTEX
  5
199C
  8
DOCUMENT-LAYER
 10
120.6188385576771
 20
3.080813461626922
 30
0.0
  0
VERTEX
  5
199D
  8
DOCUMENT-LAYER
 10
120.7687013974028
 20
3.385614071228142
 30
0.0
  0
VERTEX
  5
199E
  8
DOCUMENT-LAYER
 10
121.2233623067247
 20
3.535476910953824
 30
0.0
  0
VERTEX
  5
199F
  8
DOCUMENT-LAYER
 10
122.7397504195008
 20
3.535476910953824
 30
0.0
  0
SEQEND
  5
1D23
  8
DOCUMENT-LAYER
  0
POLYLINE
  5
1359
  8
DOCUMENT-LAYER
 66
     1
 10
0.0
 20
0.0
 30
0.0
 40
0.1
 41
0.1
  0
VERTEX
  5
19A0
  8
DOCUMENT-LAYER
 10
121.2233623067247
 20
3.535476910953824
 30
0.0
  0
VERTEX
  5
19A1
  8
DOCUMENT-LAYER
 10
120.7687013974028
 20
3.990140360280721
 30
0.0
  0
VERTEX
  5
19A2
  8
DOCUMENT-LAYER
 10
120.6188385576771
 20
4.294940969881941
 30
0.0
  0
VERTEX
  5
19A3
  8
DOCUMENT-LAYER
 10
120.6188385576771
 20
4.74706187412375
 30
0.0
  0
VERTEX
  5
19A4
  8
DOCUMENT-LAYER
 10
120.7687013974028
 20
5.051865023730047
 30
0.0
  0
VERTEX
  5
19A5
  8
DOCUMENT-LAYER
 10
121.2233623067247
 20
5.201725323450647
 30
0.0
  0
VERTEX
  5
19A6
  8
DOCUMENT-LAYER
 10
122.7397504195008
 20
5.201725323450647
 30
0.0
  0
SEQEND
  5
1D24
  8
DOCUMENT-LAYER
  0
POLYLINE
  5
1360
  8
DOCUMENT-LAYER
 66
     1
 10
0.0
 20
0.0
 30
0.0
 40
0.1
 41
0.1
  0
VERTEX
  5
19A7
  8
DOCUMENT-LAYER
 10
120.6188385576771
 20
6.080572161144323
 30
0.0
  0
VERTEX
  5
19A8
  8
DOCUMENT-LAYER
 10
122.7397504195008
 20
6.080572161144323
 30
0.0
  0
SEQEND
  5
1D25
  8
DOCUMENT-LAYER
  0
POLYLINE
  5
1361
  8
DOCUMENT-LAYER
 66
     1
 10
0.0
 20
0.0
 30
0.0
 40
0.1
 41
0.1
  0
VERTEX
  5
19A9
  8
DOCUMENT-LAYER
 10
121.2233623067247
 20
6.080572161144323
 30
0.0
  0
VERTEX
  5
19AA
  8
DOCUMENT-LAYER
 10
120.7687013974028
 20
6.53523561047122
 30
0.0
  0
VERTEX
  5
19AB
  8
DOCUMENT-LAYER
 10
120.6188385576771
 20
6.837496214992433
 30
0.0
  0
VERTEX
  5
19AC
  8
DOCUMENT-LAYER
 10
120.6188385576771
 20
7.29215966431933
 30
0.0
  0
VERTEX
  5
19AD
  8
DOCUMENT-LAYER
 10
120.7687013974028
 20
7.596960273920546
 30
0.0
  0
VERTEX
  5
19AE
  8
DOCUMENT-LAYER
 10
121.2233623067247
 20
7.746823113646228
 30
0.0
  0
VERTEX
  5
19AF
  8
DOCUMENT-LAYER
 10
122.7397504195008
 20
7.746823113646228
 30
0.0
  0
SEQEND
  5
1D26
  8
DOCUMENT-LAYER
  0
POLYLINE
  5
1362
  8
DOCUMENT-LAYER
 66
     1
 10
0.0
 20
0.0
 30
0.0
 40
0.1
 41
0.1
  0
VERTEX
  5
19B0
  8
DOCUMENT-LAYER
 10
121.2233623067247
 20
7.746823113646228
 30
0.0
  0
VERTEX
  5
19B1
  8
DOCUMENT-LAYER
 10
120.7687013974028
 20
8.201484022968048
 30
0.0
  0
VERTEX
  5
19B2
  8
DOCUMENT-LAYER
 10
120.6188385576771
 20
8.506287172574345
 30
0.0
  0
VERTEX
  5
19B3
  8
DOCUMENT-LAYER
 10
120.6188385576771
 20
8.958410616821235
 30
0.0
  0
VERTEX
  5
19B4
  8
DOCUMENT-LAYER
 10
120.7687013974028
 20
9.263211226422454
 30
0.0
  0
VERTEX
  5
19B5
  8
DOCUMENT-LAYER
 10
121.2233623067247
 20
9.413071526143055
 30
0.0
  0
VERTEX
  5
19B6
  8
DOCUMENT-LAYER
 10
122.7397504195008
 20
9.413071526143055
 30
0.0
  0
SEQEND
  5
1D27
  8
DOCUMENT-LAYER
  0
POLYLINE
  5
1363
  8
DOCUMENT-LAYER
 66
     1
 10
0.0
 20
0.0
 30
0.0
 40
0.1
 41
0.1
  0
VERTEX
  5
19B7
  8
DOCUMENT-LAYER
 10
135.1452063504127
 20
3.973378866757736
 30
0.0
  0
VERTEX
  5
19B8
  8
DOCUMENT-LAYER
 10
122.6051301502604
 20
3.973378866757736
 30
0.0
  0
SEQEND
  5
1D28
  8
DOCUMENT-LAYER
  0
POLYLINE
  5
1364
  8
DOCUMENT-LAYER
 66
     1
 10
0.0
 20
0.0
 30
0.0
 40
0.1
 41
0.1
  0
VERTEX
  5
19B9
  8
DOCUMENT-LAYER
 10
135.1452063504127
 20
-0.0266439932879869
 30
0.0
  0
VERTEX
  5
19BA
  8
DOCUMENT-LAYER
 10
122.6051301502604
 20
-0.0266439932879869
 30
0.0
  0
SEQEND
  5
1D29
  8
DOCUMENT-LAYER
  0
POLYLINE
  5
1365
  8
DOCUMENT-LAYER
 66
     1
 10
0.0
 20
0.0
 30
0.0
 40
0.1
 41
0.1
  0
VERTEX
  5
19BB
  8
DOCUMENT-LAYER
 10
125.1451453902908
 20
3.973378866757736
 30
0.0
  0
VERTEX
  5
19BC
  8
DOCUMENT-LAYER
 10
125.3423666247333
 20
3.23733873467747
 30
0.0
  0
SEQEND
  5
1D2A
  8
DOCUMENT-LAYER
  0
POLYLINE
  5
1366
  8
DOCUMENT-LAYER
 66
     1
 10
0.0
 20
0.0
 30
0.0
 40
0.1
 41
0.1
  0
VERTEX
  5
19BD
  8
DOCUMENT-LAYER
 10
125.1451453902908
 20
3.973378866757736
 30
0.0
  0
VERTEX
  5
19BE
  8
DOCUMENT-LAYER
 10
124.9479241558483
 20
3.23733873467747
 30
0.0
  0
SEQEND
  5
1D2B
  8
DOCUMENT-LAYER
  0
POLYLINE
  5
1367
  8
DOCUMENT-LAYER
 66
     1
 10
0.0
 20
0.0
 30
0.0
 40
0.1
 41
0.1
  0
VERTEX
  5
19BF
  8
DOCUMENT-LAYER
 10
125.1451453902908
 20
-0.0266439932879869
 30
0.0
  0
VERTEX
  5
19C0
  8
DOCUMENT-LAYER
 10
125.3423666247333
 20
0.709393598787198
 30
0.0
  0
SEQEND
  5
1D2C
  8
DOCUMENT-LAYER
  0
POLYLINE
  5
1368
  8
DOCUMENT-LAYER
 66
     1
 10
0.0
 20
0.0
 30
0.0
 40
0.1
 41
0.1
  0
VERTEX
  5
19C1
  8
DOCUMENT-LAYER
 10
125.1451453902908
 20
-0.0266439932879869
 30
0.0
  0
VERTEX
  5
19C2
  8
DOCUMENT-LAYER
 10
124.9479241558483
 20
0.709393598787198
 30
0.0
  0
SEQEND
  5
1D2D
  8
DOCUMENT-LAYER
  0
POLYLINE
  5
1369
  8
DOCUMENT-LAYER
 66
     1
 10
0.0
 20
0.0
 30
0.0
 40
0.1
 41
0.1
  0
VERTEX
  5
19C3
  8
DOCUMENT-LAYER
 10
125.1451453902908
 20
3.973378866757736
 30
0.0
  0
VERTEX
  5
19C4
  8
DOCUMENT-LAYER
 10
125.1451453902908
 20
-0.0266439932879869
 30
0.0
  0
SEQEND
  5
1D2E
  8
DOCUMENT-LAYER
  0
POLYLINE
  5
1370
  8
DOCUMENT-LAYER
 66
     1
 10
0.0
 20
0.0
 30
0.0
 40
0.1
 41
0.1
  0
VERTEX
  5
19C5
  8
DOCUMENT-LAYER
 10
132.1524682249365
 20
167.6120504441009
 30
0.0
  0
VERTEX
  5
19C6
  8
DOCUMENT-LAYER
 10
130.6360775721552
 20
167.6120504441009
 30
0.0
  0
VERTEX
  5
19C7
  8
DOCUMENT-LAYER
 10
130.4862172724345
 20
166.2480626361253
 30
0.0
  0
VERTEX
  5
19C8
  8
DOCUMENT-LAYER
 10
130.6360775721552
 20
166.4004629409259
 30
0.0
  0
VERTEX
  5
19C9
  8
DOCUMENT-LAYER
 10
131.0907410214821
 20
166.5503257806516
 30
0.0
  0
VERTEX
  5
19CA
  8
DOCUMENT-LAYER
 10
131.545404470809
 20
166.5503257806516
 30
0.0
  0
VERTEX
  5
19CB
  8
DOCUMENT-LAYER
 10
132.0000653801308
 20
166.4004629409259
 30
0.0
  0
VERTEX
  5
19CC
  8
DOCUMENT-LAYER
 10
132.3023285246571
 20
166.0982023364047
 30
0.0
  0
VERTEX
  5
19CD
  8
DOCUMENT-LAYER
 10
132.4547288294577
 20
165.6435388870778
 30
0.0
  0
VERTEX
  5
19CE
  8
DOCUMENT-LAYER
 10
132.4547288294577
 20
165.3387382774766
 30
0.0
  0
VERTEX
  5
19CF
  8
DOCUMENT-LAYER
 10
132.3023285246571
 20
164.8840748281497
 30
0.0
  0
VERTEX
  5
19D0
  8
DOCUMENT-LAYER
 10
132.0000653801308
 20
164.5818116836234
 30
0.0
  0
VERTEX
  5
19D1
  8
DOCUMENT-LAYER
 10
131.545404470809
 20
164.4294113788227
 30
0.0
  0
VERTEX
  5
19D2
  8
DOCUMENT-LAYER
 10
131.0907410214821
 20
164.4294113788227
 30
0.0
  0
VERTEX
  5
19D3
  8
DOCUMENT-LAYER
 10
130.6360775721552
 20
164.5818116836234
 30
0.0
  0
VERTEX
  5
19D4
  8
DOCUMENT-LAYER
 10
130.4862172724345
 20
164.734214528429
 30
0.0
  0
VERTEX
  5
19D5
  8
DOCUMENT-LAYER
 10
130.333816967634
 20
165.0364751329503
 30
0.0
  0
SEQEND
  5
1D2F
  8
DOCUMENT-LAYER
  0
POLYLINE
  5
1371
  8
DOCUMENT-LAYER
 66
     1
 10
0.0
 20
0.0
 30
0.0
 40
0.1
 41
0.1
  0
VERTEX
  5
19D6
  8
DOCUMENT-LAYER
 10
137.5169792739586
 20
166.5503257806516
 30
0.0
  0
VERTEX
  5
19D7
  8
DOCUMENT-LAYER
 10
137.5169792739586
 20
164.4294113788227
 30
0.0
  0
SEQEND
  5
1D30
  8
DOCUMENT-LAYER
  0
POLYLINE
  5
1372
  8
DOCUMENT-LAYER
 66
     1
 10
0.0
 20
0.0
 30
0.0
 40
0.1
 41
0.1
  0
VERTEX
  5
19D8
  8
DOCUMENT-LAYER
 10
137.5169792739586
 20
165.945799491599
 30
0.0
  0
VERTEX
  5
19D9
  8
DOCUMENT-LAYER
 10
137.9716427232855
 20
166.4004629409259
 30
0.0
  0
VERTEX
  5
19DA
  8
DOCUMENT-LAYER
 10
138.2739033278067
 20
166.5503257806516
 30
0.0
  0
VERTEX
  5
19DB
  8
DOCUMENT-LAYER
 10
138.7285667771336
 20
166.5503257806516
 30
0.0
  0
VERTEX
  5
19DC
  8
DOCUMENT-LAYER
 10
139.0333699267399
 20
166.4004629409259
 30
0.0
  0
VERTEX
  5
19DD
  8
DOCUMENT-LAYER
 10
139.1832302264605
 20
165.945799491599
 30
0.0
  0
VERTEX
  5
19DE
  8
DOCUMENT-LAYER
 10
139.1832302264605
 20
164.4294113788227
 30
0.0
  0
SEQEND
  5
1D31
  8
DOCUMENT-LAYER
  0
POLYLINE
  5
1373
  8
DOCUMENT-LAYER
 66
     1
 10
0.0
 20
0.0
 30
0.0
 40
0.1
 41
0.1
  0
VERTEX
  5
19DF
  8
DOCUMENT-LAYER
 10
139.1832302264605
 20
165.945799491599
 30
0.0
  0
VERTEX
  5
19E0
  8
DOCUMENT-LAYER
 10
139.6378911357823
 20
166.4004629409259
 30
0.0
  0
VERTEX
  5
19E1
  8
DOCUMENT-LAYER
 10
139.9426942853886
 20
166.5503257806516
 30
0.0
  0
VERTEX
  5
19E2
  8
DOCUMENT-LAYER
 10
140.3948177296355
 20
166.5503257806516
 30
0.0
  0
VERTEX
  5
19E3
  8
DOCUMENT-LAYER
 10
140.6996183392367
 20
166.4004629409259
 30
0.0
  0
VERTEX
  5
19E4
  8
DOCUMENT-LAYER
 10
140.8494786389573
 20
165.945799491599
 30
0.0
  0
VERTEX
  5
19E5
  8
DOCUMENT-LAYER
 10
140.8494786389573
 20
164.4294113788227
 30
0.0
  0
SEQEND
  5
1D32
  8
DOCUMENT-LAYER
  0
POLYLINE
  5
1374
  8
DOCUMENT-LAYER
 66
     1
 10
0.0
 20
0.0
 30
0.0
 40
0.1
 41
0.1
  0
VERTEX
  5
19E6
  8
DOCUMENT-LAYER
 10
141.728325476651
 20
166.5503257806516
 30
0.0
  0
VERTEX
  5
19E7
  8
DOCUMENT-LAYER
 10
141.728325476651
 20
164.4294113788227
 30
0.0
  0
SEQEND
  5
1D33
  8
DOCUMENT-LAYER
  0
POLYLINE
  5
1375
  8
DOCUMENT-LAYER
 66
     1
 10
0.0
 20
0.0
 30
0.0
 40
0.1
 41
0.1
  0
VERTEX
  5
19E8
  8
DOCUMENT-LAYER
 10
141.728325476651
 20
165.945799491599
 30
0.0
  0
VERTEX
  5
19E9
  8
DOCUMENT-LAYER
 10
142.1829863859728
 20
166.4004629409259
 30
0.0
  0
VERTEX
  5
19EA
  8
DOCUMENT-LAYER
 10
142.4852495304991
 20
166.5503257806516
 30
0.0
  0
VERTEX
  5
19EB
  8
DOCUMENT-LAYER
 10
142.939912979826
 20
166.5503257806516
 30
0.0
  0
VERTEX
  5
19EC
  8
DOCUMENT-LAYER
 10
143.2447135894272
 20
166.4004629409259
 30
0.0
  0
VERTEX
  5
19ED
  8
DOCUMENT-LAYER
 10
143.3945738891478
 20
165.945799491599
 30
0.0
  0
VERTEX
  5
19EE
  8
DOCUMENT-LAYER
 10
143.3945738891478
 20
164.4294113788227
 30
0.0
  0
SEQEND
  5
1D34
  8
DOCUMENT-LAYER
  0
POLYLINE
  5
1376
  8
DOCUMENT-LAYER
 66
     1
 10
0.0
 20
0.0
 30
0.0
 40
0.1
 41
0.1
  0
VERTEX
  5
19EF
  8
DOCUMENT-LAYER
 10
143.3945738891478
 20
165.945799491599
 30
0.0
  0
VERTEX
  5
19F0
  8
DOCUMENT-LAYER
 10
143.8492373384747
 20
166.4004629409259
 30
0.0
  0
VERTEX
  5
19F1
  8
DOCUMENT-LAYER
 10
144.154040488081
 20
166.5503257806516
 30
0.0
  0
VERTEX
  5
19F2
  8
DOCUMENT-LAYER
 10
144.6061613923228
 20
166.5503257806516
 30
0.0
  0
VERTEX
  5
19F3
  8
DOCUMENT-LAYER
 10
144.9109645419291
 20
166.4004629409259
 30
0.0
  0
VERTEX
  5
19F4
  8
DOCUMENT-LAYER
 10
145.0608248416497
 20
165.945799491599
 30
0.0
  0
VERTEX
  5
19F5
  8
DOCUMENT-LAYER
 10
145.0608248416497
 20
164.4294113788227
 30
0.0
  0
SEQEND
  5
1D35
  8
DOCUMENT-LAYER
  0
POLYLINE
  5
1377
  8
DOCUMENT-LAYER
 66
     1
 10
0.0
 20
0.0
 30
0.0
 40
0.1
 41
0.1
  0
VERTEX
  5
19F6
  8
DOCUMENT-LAYER
 10
135.1973069346139
 20
152.023957987916
 30
0.0
  0
VERTEX
  5
19F7
  8
DOCUMENT-LAYER
 10
135.1973069346139
 20
164.5640316480633
 30
0.0
  0
SEQEND
  5
1D36
  8
DOCUMENT-LAYER
  0
POLYLINE
  5
1378
  8
DOCUMENT-LAYER
 66
     1
 10
0.0
 20
0.0
 30
0.0
 40
0.1
 41
0.1
  0
VERTEX
  5
19F8
  8
DOCUMENT-LAYER
 10
140.1973348746698
 20
152.023957987916
 30
0.0
  0
VERTEX
  5
19F9
  8
DOCUMENT-LAYER
 10
140.1973348746698
 20
164.5640316480633
 30
0.0
  0
SEQEND
  5
1D37
  8
DOCUMENT-LAYER
  0
POLYLINE
  5
1379
  8
DOCUMENT-LAYER
 66
     1
 10
0.0
 20
0.0
 30
0.0
 40
0.1
 41
0.1
  0
VERTEX
  5
19FA
  8
DOCUMENT-LAYER
 10
135.1973069346139
 20
162.0240164080328
 30
0.0
  0
VERTEX
  5
19FB
  8
DOCUMENT-LAYER
 10
135.9333445266891
 20
162.2212401824804
 30
0.0
  0
SEQEND
  5
1D38
  8
DOCUMENT-LAYER
  0
POLYLINE
  5
1380
  8
DOCUMENT-LAYER
 66
     1
 10
0.0
 20
0.0
 30
0.0
 40
0.1
 41
0.1
  0
VERTEX
  5
19FC
  8
DOCUMENT-LAYER
 10
135.1973069346139
 20
162.0240164080328
 30
0.0
  0
VERTEX
  5
19FD
  8
DOCUMENT-LAYER
 10
135.9333445266891
 20
161.8267951735904
 30
0.0
  0
SEQEND
  5
1D39
  8
DOCUMENT-LAYER
  0
POLYLINE
  5
1381
  8
DOCUMENT-LAYER
 66
     1
 10
0.0
 20
0.0
 30
0.0
 40
0.1
 41
0.1
  0
VERTEX
  5
19FE
  8
DOCUMENT-LAYER
 10
140.1973348746698
 20
162.0240164080328
 30
0.0
  0
VERTEX
  5
19FF
  8
DOCUMENT-LAYER
 10
139.4612947425895
 20
162.2212401824804
 30
0.0
  0
SEQEND
  5
1D3A
  8
DOCUMENT-LAYER
  0
POLYLINE
  5
1382
  8
DOCUMENT-LAYER
 66
     1
 10
0.0
 20
0.0
 30
0.0
 40
0.1
 41
0.1
  0
VERTEX
  5
1A00
  8
DOCUMENT-LAYER
 10
140.1973348746698
 20
162.0240164080328
 30
0.0
  0
VERTEX
  5
1A01
  8
DOCUMENT-LAYER
 10
139.4612947425895
 20
161.8267951735904
 30
0.0
  0
SEQEND
  5
1D3B
  8
DOCUMENT-LAYER
  0
POLYLINE
  5
1383
  8
DOCUMENT-LAYER
 66
     1
 10
0.0
 20
0.0
 30
0.0
 40
0.1
 41
0.1
  0
VERTEX
  5
1A02
  8
DOCUMENT-LAYER
 10
135.1973069346139
 20
162.0240164080328
 30
0.0
  0
VERTEX
  5
1A03
  8
DOCUMENT-LAYER
 10
140.1973348746698
 20
162.0240164080328
 30
0.0
  0
SEQEND
  5
1D3C
  8
DOCUMENT-LAYER
  0
POLYLINE
  5
1384
  8
DOCUMENT-LAYER
 66
     1
 10
0.0
 20
0.0
 30
0.0
 40
0.1
 41
0.1
  0
VERTEX
  5
1A04
  8
DOCUMENT-LAYER
 10
150.7980994161989
 20
159.9371253742508
 30
0.0
  0
VERTEX
  5
1A05
  8
DOCUMENT-LAYER
 10
148.6771875543751
 20
161.450973481947
 30
0.0
  0
SEQEND
  5
1D3D
  8
DOCUMENT-LAYER
  0
POLYLINE
  5
1385
  8
DOCUMENT-LAYER
 66
     1
 10
0.0
 20
0.0
 30
0.0
 40
0.1
 41
0.1
  0
VERTEX
  5
1A06
  8
DOCUMENT-LAYER
 10
148.6771875543751
 20
161.450973481947
 30
0.0
  0
VERTEX
  5
1A07
  8
DOCUMENT-LAYER
 10
148.6771875543751
 20
159.1776587753176
 30
0.0
  0
SEQEND
  5
1D3E
  8
DOCUMENT-LAYER
  0
POLYLINE
  5
1386
  8
DOCUMENT-LAYER
 66
     1
 10
0.0
 20
0.0
 30
0.0
 40
0.1
 41
0.1
  0
VERTEX
  5
1A08
  8
DOCUMENT-LAYER
 10
150.7980994161989
 20
159.9371253742508
 30
0.0
  0
VERTEX
  5
1A09
  8
DOCUMENT-LAYER
 10
147.6154603509207
 20
159.9371253742508
 30
0.0
  0
SEQEND
  5
1D3F
  8
DOCUMENT-LAYER
  0
POLYLINE
  5
1387
  8
DOCUMENT-LAYER
 66
     1
 10
0.0
 20
0.0
 30
0.0
 40
0.1
 41
0.1
  0
VERTEX
  5
1A0A
  8
DOCUMENT-LAYER
 10
149.7363722127444
 20
154.1154083308167
 30
0.0
  0
VERTEX
  5
1A0B
  8
DOCUMENT-LAYER
 10
147.6154603509207
 20
154.1154083308167
 30
0.0
  0
SEQEND
  5
1D40
  8
DOCUMENT-LAYER
  0
POLYLINE
  5
1388
  8
DOCUMENT-LAYER
 66
     1
 10
0.0
 20
0.0
 30
0.0
 40
0.1
 41
0.1
  0
VERTEX
  5
1A0C
  8
DOCUMENT-LAYER
 10
149.1318484636969
 20
154.1154083308167
 30
0.0
  0
VERTEX
  5
1A0D
  8
DOCUMENT-LAYER
 10
149.5865119130239
 20
153.6607474214949
 30
0.0
  0
VERTEX
  5
1A0E
  8
DOCUMENT-LAYER
 10
149.7363722127444
 20
153.3584868169737
 30
0.0
  0
VERTEX
  5
1A0F
  8
DOCUMENT-LAYER
 10
149.7363722127444
 20
152.9038208276417
 30
0.0
  0
VERTEX
  5
1A10
  8
DOCUMENT-LAYER
 10
149.5865119130239
 20
152.5990202180404
 30
0.0
  0
VERTEX
  5
1A11
  8
DOCUMENT-LAYER
 10
149.1318484636969
 20
152.4491599183199
 30
0.0
  0
VERTEX
  5
1A12
  8
DOCUMENT-LAYER
 10
147.6154603509207
 20
152.4491599183199
 30
0.0
  0
SEQEND
  5
1D41
  8
DOCUMENT-LAYER
  0
POLYLINE
  5
1389
  8
DOCUMENT-LAYER
 66
     1
 10
0.0
 20
0.0
 30
0.0
 40
0.1
 41
0.1
  0
VERTEX
  5
1A13
  8
DOCUMENT-LAYER
 10
149.1318484636969
 20
152.4491599183199
 30
0.0
  0
VERTEX
  5
1A14
  8
DOCUMENT-LAYER
 10
149.5865119130239
 20
151.994499008998
 30
0.0
  0
VERTEX
  5
1A15
  8
DOCUMENT-LAYER
 10
149.7363722127444
 20
151.6896958593917
 30
0.0
  0
VERTEX
  5
1A16
  8
DOCUMENT-LAYER
 10
149.7363722127444
 20
151.2375724151449
 30
0.0
  0
VERTEX
  5
1A17
  8
DOCUMENT-LAYER
 10
149.5865119130239
 20
150.9327718055436
 30
0.0
  0
VERTEX
  5
1A18
  8
DOCUMENT-LAYER
 10
149.1318484636969
 20
150.782908965818
 30
0.0
  0
VERTEX
  5
1A19
  8
DOCUMENT-LAYER
 10
147.6154603509207
 20
150.782908965818
 30
0.0
  0
SEQEND
  5
1D42
  8
DOCUMENT-LAYER
  0
POLYLINE
  5
1390
  8
DOCUMENT-LAYER
 66
     1
 10
0.0
 20
0.0
 30
0.0
 40
0.1
 41
0.1
  0
VERTEX
  5
1A1A
  8
DOCUMENT-LAYER
 10
149.7363722127444
 20
149.9040646681293
 30
0.0
  0
VERTEX
  5
1A1B
  8
DOCUMENT-LAYER
 10
147.6154603509207
 20
149.9040646681293
 30
0.0
  0
SEQEND
  5
1D43
  8
DOCUMENT-LAYER
  0
POLYLINE
  5
1391
  8
DOCUMENT-LAYER
 66
     1
 10
0.0
 20
0.0
 30
0.0
 40
0.1
 41
0.1
  0
VERTEX
  5
1A1C
  8
DOCUMENT-LAYER
 10
149.1318484636969
 20
149.9040646681293
 30
0.0
  0
VERTEX
  5
1A1D
  8
DOCUMENT-LAYER
 10
149.5865119130239
 20
149.4494037588075
 30
0.0
  0
VERTEX
  5
1A1E
  8
DOCUMENT-LAYER
 10
149.7363722127444
 20
149.1471406142813
 30
0.0
  0
VERTEX
  5
1A1F
  8
DOCUMENT-LAYER
 10
149.7363722127444
 20
148.6924771649543
 30
0.0
  0
VERTEX
  5
1A20
  8
DOCUMENT-LAYER
 10
149.5865119130239
 20
148.3876765553532
 30
0.0
  0
VERTEX
  5
1A21
  8
DOCUMENT-LAYER
 10
149.1318484636969
 20
148.2378162556325
 30
0.0
  0
VERTEX
  5
1A22
  8
DOCUMENT-LAYER
 10
147.6154603509207
 20
148.2378162556325
 30
0.0
  0
SEQEND
  5
1D44
  8
DOCUMENT-LAYER
  0
POLYLINE
  5
1392
  8
DOCUMENT-LAYER
 66
     1
 10
0.0
 20
0.0
 30
0.0
 40
0.1
 41
0.1
  0
VERTEX
  5
1A23
  8
DOCUMENT-LAYER
 10
149.1318484636969
 20
148.2378162556325
 30
0.0
  0
VERTEX
  5
1A24
  8
DOCUMENT-LAYER
 10
149.5865119130239
 20
147.7831528063056
 30
0.0
  0
VERTEX
  5
1A25
  8
DOCUMENT-LAYER
 10
149.7363722127444
 20
147.4783496566993
 30
0.0
  0
VERTEX
  5
1A26
  8
DOCUMENT-LAYER
 10
149.7363722127444
 20
147.0262287524575
 30
0.0
  0
VERTEX
  5
1A27
  8
DOCUMENT-LAYER
 10
149.5865119130239
 20
146.7214256028512
 30
0.0
  0
VERTEX
  5
1A28
  8
DOCUMENT-LAYER
 10
149.1318484636969
 20
146.5715653031306
 30
0.0
  0
VERTEX
  5
1A29
  8
DOCUMENT-LAYER
 10
147.6154603509207
 20
146.5715653031306
 30
0.0
  0
SEQEND
  5
1D45
  8
DOCUMENT-LAYER
  0
POLYLINE
  5
1393
  8
DOCUMENT-LAYER
 66
     1
 10
0.0
 20
0.0
 30
0.0
 40
0.1
 41
0.1
  0
VERTEX
  5
1A2A
  8
DOCUMENT-LAYER
 10
135.210006960014
 20
156.0112833625667
 30
0.0
  0
VERTEX
  5
1A2B
  8
DOCUMENT-LAYER
 10
147.7500806201613
 20
156.0112833625667
 30
0.0
  0
SEQEND
  5
1D46
  8
DOCUMENT-LAYER
  0
POLYLINE
  5
1394
  8
DOCUMENT-LAYER
 66
     1
 10
0.0
 20
0.0
 30
0.0
 40
0.1
 41
0.1
  0
VERTEX
  5
1A2C
  8
DOCUMENT-LAYER
 10
135.210006960014
 20
152.0112579625159
 30
0.0
  0
VERTEX
  5
1A2D
  8
DOCUMENT-LAYER
 10
147.7500806201613
 20
152.0112579625159
 30
0.0
  0
SEQEND
  5
1D47
  8
DOCUMENT-LAYER
  0
POLYLINE
  5
1395
  8
DOCUMENT-LAYER
 66
     1
 10
0.0
 20
0.0
 30
0.0
 40
0.1
 41
0.1
  0
VERTEX
  5
1A2E
  8
DOCUMENT-LAYER
 10
145.2100653801308
 20
156.0112833625667
 30
0.0
  0
VERTEX
  5
1A2F
  8
DOCUMENT-LAYER
 10
145.4072866145733
 20
155.2752406904814
 30
0.0
  0
SEQEND
  5
1D48
  8
DOCUMENT-LAYER
  0
POLYLINE
  5
1396
  8
DOCUMENT-LAYER
 66
     1
 10
0.0
 20
0.0
 30
0.0
 40
0.1
 41
0.1
  0
VERTEX
  5
1A30
  8
DOCUMENT-LAYER
 10
145.2100653801308
 20
156.0112833625667
 30
0.0
  0
VERTEX
  5
1A31
  8
DOCUMENT-LAYER
 10
145.0128466856934
 20
155.2752406904814
 30
0.0
  0
SEQEND
  5
1D49
  8
DOCUMENT-LAYER
  0
POLYLINE
  5
1397
  8
DOCUMENT-LAYER
 66
     1
 10
0.0
 20
0.0
 30
0.0
 40
0.1
 41
0.1
  0
VERTEX
  5
1A32
  8
DOCUMENT-LAYER
 10
145.2100653801308
 20
152.0112579625159
 30
0.0
  0
VERTEX
  5
1A33
  8
DOCUMENT-LAYER
 10
145.4072866145733
 20
152.7472980945962
 30
0.0
  0
SEQEND
  5
1D4A
  8
DOCUMENT-LAYER
  0
POLYLINE
  5
1398
  8
DOCUMENT-LAYER
 66
     1
 10
0.0
 20
0.0
 30
0.0
 40
0.1
 41
0.1
  0
VERTEX
  5
1A34
  8
DOCUMENT-LAYER
 10
145.2100653801308
 20
152.0112579625159
 30
0.0
  0
VERTEX
  5
1A35
  8
DOCUMENT-LAYER
 10
145.0128466856934
 20
152.7472980945962
 30
0.0
  0
SEQEND
  5
1D4B
  8
DOCUMENT-LAYER
  0
POLYLINE
  5
1399
  8
DOCUMENT-LAYER
 66
     1
 10
0.0
 20
0.0
 30
0.0
 40
0.1
 41
0.1
  0
VERTEX
  5
1A36
  8
DOCUMENT-LAYER
 10
145.2100653801308
 20
156.0112833625667
 30
0.0
  0
VERTEX
  5
1A37
  8
DOCUMENT-LAYER
 10
145.2100653801308
 20
152.0112579625159
 30
0.0
  0
SEQEND
  5
1D4C
  8
DOCUMENT-LAYER
  0
POLYLINE
  5
1400
  8
DOCUMENT-LAYER
 66
     1
 10
0.0
 20
0.0
 30
0.0
 40
0.1
 41
0.1
  0
VERTEX
  5
1A38
  8
DOCUMENT-LAYER
 10
-2.896343052686106
 20
19.61357190714382
 30
0.0
  0
VERTEX
  5
1A39
  8
DOCUMENT-LAYER
 10
-4.412731165462333
 20
19.61357190714382
 30
0.0
  0
VERTEX
  5
1A3A
  8
DOCUMENT-LAYER
 10
-4.562591465182933
 20
18.24958409916821
 30
0.0
  0
VERTEX
  5
1A3B
  8
DOCUMENT-LAYER
 10
-4.412731165462333
 20
18.40198440396881
 30
0.0
  0
VERTEX
  5
1A3C
  8
DOCUMENT-LAYER
 10
-3.958070256140513
 20
18.55184470368942
 30
0.0
  0
VERTEX
  5
1A3D
  8
DOCUMENT-LAYER
 10
-3.503404266808534
 20
18.55184470368942
 30
0.0
  0
VERTEX
  5
1A3E
  8
DOCUMENT-LAYER
 10
-3.048743357486714
 20
18.40198440396881
 30
0.0
  0
VERTEX
  5
1A3F
  8
DOCUMENT-LAYER
 10
-2.746482752965505
 20
18.0997237994476
 30
0.0
  0
VERTEX
  5
1A40
  8
DOCUMENT-LAYER
 10
-2.594082448164897
 20
17.64506289012579
 30
0.0
  0
VERTEX
  5
1A41
  8
DOCUMENT-LAYER
 10
-2.594082448164897
 20
17.3402572005144
 30
0.0
  0
VERTEX
  5
1A42
  8
DOCUMENT-LAYER
 10
-2.746482752965505
 20
16.88559629119258
 30
0.0
  0
VERTEX
  5
1A43
  8
DOCUMENT-LAYER
 10
-3.048743357486714
 20
16.58333568667138
 30
0.0
  0
VERTEX
  5
1A44
  8
DOCUMENT-LAYER
 10
-3.503404266808534
 20
16.43093538187077
 30
0.0
  0
VERTEX
  5
1A45
  8
DOCUMENT-LAYER
 10
-3.958070256140513
 20
16.43093538187077
 30
0.0
  0
VERTEX
  5
1A46
  8
DOCUMENT-LAYER
 10
-4.412731165462333
 20
16.58333568667138
 30
0.0
  0
VERTEX
  5
1A47
  8
DOCUMENT-LAYER
 10
-4.562591465182933
 20
16.73573599147198
 30
0.0
  0
VERTEX
  5
1A48
  8
DOCUMENT-LAYER
 10
-4.714991769983541
 20
17.03799659599319
 30
0.0
  0
SEQEND
  5
1D4D
  8
DOCUMENT-LAYER
  0
POLYLINE
  5
1401
  8
DOCUMENT-LAYER
 66
     1
 10
0.0
 20
0.0
 30
0.0
 40
0.1
 41
0.1
  0
VERTEX
  5
1A49
  8
DOCUMENT-LAYER
 10
2.468167996335993
 20
18.55184470368942
 30
0.0
  0
VERTEX
  5
1A4A
  8
DOCUMENT-LAYER
 10
2.468167996335993
 20
16.43093538187077
 30
0.0
  0
SEQEND
  5
1D4E
  8
DOCUMENT-LAYER
  0
POLYLINE
  5
1402
  8
DOCUMENT-LAYER
 66
     1
 10
0.0
 20
0.0
 30
0.0
 40
0.1
 41
0.1
  0
VERTEX
  5
1A4B
  8
DOCUMENT-LAYER
 10
2.468167996335993
 20
17.947323494647
 30
0.0
  0
VERTEX
  5
1A4C
  8
DOCUMENT-LAYER
 10
2.922833985667971
 20
18.40198440396881
 30
0.0
  0
VERTEX
  5
1A4D
  8
DOCUMENT-LAYER
 10
3.22509459018918
 20
18.55184470368942
 30
0.0
  0
VERTEX
  5
1A4E
  8
DOCUMENT-LAYER
 10
3.679755499511
 20
18.55184470368942
 30
0.0
  0
VERTEX
  5
1A4F
  8
DOCUMENT-LAYER
 10
3.984558649117297
 20
18.40198440396881
 30
0.0
  0
VERTEX
  5
1A50
  8
DOCUMENT-LAYER
 10
4.134421488842978
 20
17.947323494647
 30
0.0
  0
VERTEX
  5
1A51
  8
DOCUMENT-LAYER
 10
4.134421488842978
 20
16.43093538187077
 30
0.0
  0
SEQEND
  5
1D4F
  8
DOCUMENT-LAYER
  0
POLYLINE
  5
1403
  8
DOCUMENT-LAYER
 66
     1
 10
0.0
 20
0.0
 30
0.0
 40
0.1
 41
0.1
  0
VERTEX
  5
1A52
  8
DOCUMENT-LAYER
 10
4.134421488842978
 20
17.947323494647
 30
0.0
  0
VERTEX
  5
1A53
  8
DOCUMENT-LAYER
 10
4.589082398164798
 20
18.40198440396881
 30
0.0
  0
VERTEX
  5
1A54
  8
DOCUMENT-LAYER
 10
4.893883007766014
 20
18.55184470368942
 30
0.0
  0
VERTEX
  5
1A55
  8
DOCUMENT-LAYER
 10
5.346006452012901
 20
18.55184470368942
 30
0.0
  0
VERTEX
  5
1A56
  8
DOCUMENT-LAYER
 10
5.650809601619201
 20
18.40198440396881
 30
0.0
  0
VERTEX
  5
1A57
  8
DOCUMENT-LAYER
 10
5.800669901339802
 20
17.947323494647
 30
0.0
  0
VERTEX
  5
1A58
  8
DOCUMENT-LAYER
 10
5.800669901339802
 20
16.43093538187077
 30
0.0
  0
SEQEND
  5
1D50
  8
DOCUMENT-LAYER
  0
POLYLINE
  5
1404
  8
DOCUMENT-LAYER
 66
     1
 10
0.0
 20
0.0
 30
0.0
 40
0.1
 41
0.1
  0
VERTEX
  5
1A59
  8
DOCUMENT-LAYER
 10
6.679516739033481
 20
18.55184470368942
 30
0.0
  0
VERTEX
  5
1A5A
  8
DOCUMENT-LAYER
 10
6.679516739033481
 20
16.43093538187077
 30
0.0
  0
SEQEND
  5
1D51
  8
DOCUMENT-LAYER
  0
POLYLINE
  5
1405
  8
DOCUMENT-LAYER
 66
     1
 10
0.0
 20
0.0
 30
0.0
 40
0.1
 41
0.1
  0
VERTEX
  5
1A5B
  8
DOCUMENT-LAYER
 10
6.679516739033481
 20
17.947323494647
 30
0.0
  0
VERTEX
  5
1A5C
  8
DOCUMENT-LAYER
 10
7.134177648355298
 20
18.40198440396881
 30
0.0
  0
VERTEX
  5
1A5D
  8
DOCUMENT-LAYER
 10
7.436438252876506
 20
18.55184470368942
 30
0.0
  0
VERTEX
  5
1A5E
  8
DOCUMENT-LAYER
 10
7.8911017022034
 20
18.55184470368942
 30
0.0
  0
VERTEX
  5
1A5F
  8
DOCUMENT-LAYER
 10
8.195904851809708
 20
18.40198440396881
 30
0.0
  0
VERTEX
  5
1A60
  8
DOCUMENT-LAYER
 10
8.345765151530301
 20
17.947323494647
 30
0.0
  0
VERTEX
  5
1A61
  8
DOCUMENT-LAYER
 10
8.345765151530301
 20
16.43093538187077
 30
0.0
  0
SEQEND
  5
1D52
  8
DOCUMENT-LAYER
  0
POLYLINE
  5
1406
  8
DOCUMENT-LAYER
 66
     1
 10
0.0
 20
0.0
 30
0.0
 40
0.1
 41
0.1
  0
VERTEX
  5
1A62
  8
DOCUMENT-LAYER
 10
8.345765151530301
 20
17.947323494647
 30
0.0
  0
VERTEX
  5
1A63
  8
DOCUMENT-LAYER
 10
8.800426060852125
 20
18.40198440396881
 30
0.0
  0
VERTEX
  5
1A64
  8
DOCUMENT-LAYER
 10
9.105229210458425
 20
18.55184470368942
 30
0.0
  0
VERTEX
  5
1A65
  8
DOCUMENT-LAYER
 10
9.557352654705312
 20
18.55184470368942
 30
0.0
  0
VERTEX
  5
1A66
  8
DOCUMENT-LAYER
 10
9.862153264306528
 20
18.40198440396881
 30
0.0
  0
VERTEX
  5
1A67
  8
DOCUMENT-LAYER
 10
10.01201356402713
 20
17.947323494647
 30
0.0
  0
VERTEX
  5
1A68
  8
DOCUMENT-LAYER
 10
10.01201356402713
 20
16.43093538187077
 30
0.0
  0
SEQEND
  5
1D53
  8
DOCUMENT-LAYER
  0
POLYLINE
  5
1407
  8
DOCUMENT-LAYER
 66
     1
 10
0.0
 20
0.0
 30
0.0
 40
0.1
 41
0.1
  0
VERTEX
  5
1A69
  8
DOCUMENT-LAYER
 10
0.1484956569913152
 20
4.025479450958906
 30
0.0
  0
VERTEX
  5
1A6A
  8
DOCUMENT-LAYER
 10
0.1484956569913152
 20
16.5655556511113
 30
0.0
  0
SEQEND
  5
1D54
  8
DOCUMENT-LAYER
  0
POLYLINE
  5
1408
  8
DOCUMENT-LAYER
 66
     1
 10
0.0
 20
0.0
 30
0.0
 40
0.1
 41
0.1
  0
VERTEX
  5
1A6B
  8
DOCUMENT-LAYER
 10
5.148526137052272
 20
4.025479450958906
 30
0.0
  0
VERTEX
  5
1A6C
  8
DOCUMENT-LAYER
 10
5.148526137052272
 20
16.5655556511113
 30
0.0
  0
SEQEND
  5
1D55
  8
DOCUMENT-LAYER
  0
POLYLINE
  5
1409
  8
DOCUMENT-LAYER
 66
     1
 10
0.0
 20
0.0
 30
0.0
 40
0.1
 41
0.1
  0
VERTEX
  5
1A6D
  8
DOCUMENT-LAYER
 10
0.1484956569913152
 20
14.02554041108082
 30
0.0
  0
VERTEX
  5
1A6E
  8
DOCUMENT-LAYER
 10
0.884535789071581
 20
14.22276164552329
 30
0.0
  0
SEQEND
  5
1D56
  8
DOCUMENT-LAYER
  0
POLYLINE
  5
1410
  8
DOCUMENT-LAYER
 66
     1
 10
0.0
 20
0.0
 30
0.0
 40
0.1
 41
0.1
  0
VERTEX
  5
1A6F
  8
DOCUMENT-LAYER
 10
0.1484956569913152
 20
14.02554041108082
 30
0.0
  0
VERTEX
  5
1A70
  8
DOCUMENT-LAYER
 10
0.884535789071581
 20
13.82831917663836
 30
0.0
  0
SEQEND
  5
1D57
  8
DOCUMENT-LAYER
  0
POLYLINE
  5
1411
  8
DOCUMENT-LAYER
 66
     1
 10
0.0
 20
0.0
 30
0.0
 40
0.1
 41
0.1
  0
VERTEX
  5
1A71
  8
DOCUMENT-LAYER
 10
5.148526137052272
 20
14.02554041108082
 30
0.0
  0
VERTEX
  5
1A72
  8
DOCUMENT-LAYER
 10
4.41248600497201
 20
14.22276164552329
 30
0.0
  0
SEQEND
  5
1D58
  8
DOCUMENT-LAYER
  0
POLYLINE
  5
1412
  8
DOCUMENT-LAYER
 66
     1
 10
0.0
 20
0.0
 30
0.0
 40
0.1
 41
0.1
  0
VERTEX
  5
1A73
  8
DOCUMENT-LAYER
 10
5.148526137052272
 20
14.02554041108082
 30
0.0
  0
VERTEX
  5
1A74
  8
DOCUMENT-LAYER
 10
4.41248600497201
 20
13.82831917663836
 30
0.0
  0
SEQEND
  5
1D59
  8
DOCUMENT-LAYER
  0
POLYLINE
  5
1413
  8
DOCUMENT-LAYER
 66
     1
 10
0.0
 20
0.0
 30
0.0
 40
0.1
 41
0.1
  0
VERTEX
  5
1A75
  8
DOCUMENT-LAYER
 10
0.1484956569913152
 20
14.02554041108082
 30
0.0
  0
VERTEX
  5
1A76
  8
DOCUMENT-LAYER
 10
5.148526137052272
 20
14.02554041108082
 30
0.0
  0
SEQEND
  5
1D5A
  8
DOCUMENT-LAYER
  0
POLYLINE
  5
1414
  8
DOCUMENT-LAYER
 66
     1
 10
0.0
 20
0.0
 30
0.0
 40
0.1
 41
0.1
  0
VERTEX
  5
1A77
  8
DOCUMENT-LAYER
 10
20.73461960923922
 20
7.945321970643944
 30
0.0
  0
VERTEX
  5
1A78
  8
DOCUMENT-LAYER
 10
18.61370520741042
 20
9.45917007834016
 30
0.0
  0
SEQEND
  5
1D5B
  8
DOCUMENT-LAYER
  0
POLYLINE
  5
1415
  8
DOCUMENT-LAYER
 66
     1
 10
0.0
 20
0.0
 30
0.0
 40
0.1
 41
0.1
  0
VERTEX
  5
1A79
  8
DOCUMENT-LAYER
 10
18.61370520741042
 20
9.45917007834016
 30
0.0
  0
VERTEX
  5
1A7A
  8
DOCUMENT-LAYER
 10
18.61370520741042
 20
7.185857911715827
 30
0.0
  0
SEQEND
  5
1D5C
  8
DOCUMENT-LAYER
  0
POLYLINE
  5
1416
  8
DOCUMENT-LAYER
 66
     1
 10
0.0
 20
0.0
 30
0.0
 40
0.1
 41
0.1
  0
VERTEX
  5
1A7B
  8
DOCUMENT-LAYER
 10
20.73461960923922
 20
7.945321970643944
 30
0.0
  0
VERTEX
  5
1A7C
  8
DOCUMENT-LAYER
 10
17.55198054396109
 20
7.945321970643944
 30
0.0
  0
SEQEND
  5
1D5D
  8
DOCUMENT-LAYER
  0
POLYLINE
  5
1417
  8
DOCUMENT-LAYER
 66
     1
 10
0.0
 20
0.0
 30
0.0
 40
0.1
 41
0.1
  0
VERTEX
  5
1A7D
  8
DOCUMENT-LAYER
 10
19.67289240578481
 20
2.123610007220018
 30
0.0
  0
VERTEX
  5
1A7E
  8
DOCUMENT-LAYER
 10
17.55198054396109
 20
2.123610007220018
 30
0.0
  0
SEQEND
  5
1D5E
  8
DOCUMENT-LAYER
  0
POLYLINE
  5
1418
  8
DOCUMENT-LAYER
 66
     1
 10
0.0
 20
0.0
 30
0.0
 40
0.1
 41
0.1
  0
VERTEX
  5
1A7F
  8
DOCUMENT-LAYER
 10
19.06837119674239
 20
2.123610007220018
 30
0.0
  0
VERTEX
  5
1A80
  8
DOCUMENT-LAYER
 10
19.52303210606421
 20
1.668944017888039
 30
0.0
  0
VERTEX
  5
1A81
  8
DOCUMENT-LAYER
 10
19.67289240578481
 20
1.366683413366827
 30
0.0
  0
VERTEX
  5
1A82
  8
DOCUMENT-LAYER
 10
19.67289240578481
 20
0.9120225040450087
 30
0.0
  0
VERTEX
  5
1A83
  8
DOCUMENT-LAYER
 10
19.52303210606421
 20
0.6072193544387101
 30
0.0
  0
VERTEX
  5
1A84
  8
DOCUMENT-LAYER
 10
19.06837119674239
 20
0.4573565147130285
 30
0.0
  0
VERTEX
  5
1A85
  8
DOCUMENT-LAYER
 10
17.55198054396109
 20
0.4573565147130285
 30
0.0
  0
SEQEND
  5
1D5F
  8
DOCUMENT-LAYER
  0
POLYLINE
  5
1419
  8
DOCUMENT-LAYER
 66
     1
 10
0.0
 20
0.0
 30
0.0
 40
0.1
 41
0.1
  0
VERTEX
  5
1A86
  8
DOCUMENT-LAYER
 10
19.06837119674239
 20
0.4573565147130285
 30
0.0
  0
VERTEX
  5
1A87
  8
DOCUMENT-LAYER
 10
19.52303210606421
 20
0.0026956053912102
 30
0.0
  0
VERTEX
  5
1A88
  8
DOCUMENT-LAYER
 10
19.67289240578481
 20
-0.3021050042100075
 30
0.0
  0
VERTEX
  5
1A89
  8
DOCUMENT-LAYER
 10
19.67289240578481
 20
-0.7542309884619769
 30
0.0
  0
VERTEX
  5
1A8A
  8
DOCUMENT-LAYER
 10
19.52303210606421
 20
-1.059031598063196
 30
0.0
  0
VERTEX
  5
1A8B
  8
DOCUMENT-LAYER
 10
19.06837119674239
 20
-1.208891897783795
 30
0.0
  0
VERTEX
  5
1A8C
  8
DOCUMENT-LAYER
 10
17.55198054396109
 20
-1.208891897783795
 30
0.0
  0
SEQEND
  5
1D60
  8
DOCUMENT-LAYER
  0
POLYLINE
  5
1420
  8
DOCUMENT-LAYER
 66
     1
 10
0.0
 20
0.0
 30
0.0
 40
0.1
 41
0.1
  0
VERTEX
  5
1A8D
  8
DOCUMENT-LAYER
 10
19.67289240578481
 20
-2.087738735477473
 30
0.0
  0
VERTEX
  5
1A8E
  8
DOCUMENT-LAYER
 10
17.55198054396109
 20
-2.087738735477473
 30
0.0
  0
SEQEND
  5
1D61
  8
DOCUMENT-LAYER
  0
POLYLINE
  5
1421
  8
DOCUMENT-LAYER
 66
     1
 10
0.0
 20
0.0
 30
0.0
 40
0.1
 41
0.1
  0
VERTEX
  5
1A8F
  8
DOCUMENT-LAYER
 10
19.06837119674239
 20
-2.087738735477473
 30
0.0
  0
VERTEX
  5
1A90
  8
DOCUMENT-LAYER
 10
19.52303210606421
 20
-2.542399644799289
 30
0.0
  0
VERTEX
  5
1A91
  8
DOCUMENT-LAYER
 10
19.67289240578481
 20
-2.8446602493205
 30
0.0
  0
VERTEX
  5
1A92
  8
DOCUMENT-LAYER
 10
19.67289240578481
 20
-3.299326238652478
 30
0.0
  0
VERTEX
  5
1A93
  8
DOCUMENT-LAYER
 10
19.52303210606421
 20
-3.604126848253696
 30
0.0
  0
VERTEX
  5
1A94
  8
DOCUMENT-LAYER
 10
19.06837119674239
 20
-3.753987147974296
 30
0.0
  0
VERTEX
  5
1A95
  8
DOCUMENT-LAYER
 10
17.55198054396109
 20
-3.753987147974296
 30
0.0
  0
SEQEND
  5
1D62
  8
DOCUMENT-LAYER
  0
POLYLINE
  5
1422
  8
DOCUMENT-LAYER
 66
     1
 10
0.0
 20
0.0
 30
0.0
 40
0.1
 41
0.1
  0
VERTEX
  5
1A96
  8
DOCUMENT-LAYER
 10
19.06837119674239
 20
-3.753987147974296
 30
0.0
  0
VERTEX
  5
1A97
  8
DOCUMENT-LAYER
 10
19.52303210606421
 20
-4.208648057296115
 30
0.0
  0
VERTEX
  5
1A98
  8
DOCUMENT-LAYER
 10
19.67289240578481
 20
-4.513451206902413
 30
0.0
  0
VERTEX
  5
1A99
  8
DOCUMENT-LAYER
 10
19.67289240578481
 20
-4.965574651149304
 30
0.0
  0
VERTEX
  5
1A9A
  8
DOCUMENT-LAYER
 10
19.52303210606421
 20
-5.270375260750521
 30
0.0
  0
VERTEX
  5
1A9B
  8
DOCUMENT-LAYER
 10
19.06837119674239
 20
-5.420238100476201
 30
0.0
  0
VERTEX
  5
1A9C
  8
DOCUMENT-LAYER
 10
17.55198054396109
 20
-5.420238100476201
 30
0.0
  0
SEQEND
  5
1D63
  8
DOCUMENT-LAYER
  0
POLYLINE
  5
1423
  8
DOCUMENT-LAYER
 66
     1
 10
0.0
 20
0.0
 30
0.0
 40
0.1
 41
0.1
  0
VERTEX
  5
1A9D
  8
DOCUMENT-LAYER
 10
5.14652461304923
 20
0.0194570989141969
 30
0.0
  0
VERTEX
  5
1A9E
  8
DOCUMENT-LAYER
 10
17.68660081320163
 20
0.0194570989141969
 30
0.0
  0
SEQEND
  5
1D64
  8
DOCUMENT-LAYER
  0
POLYLINE
  5
1424
  8
DOCUMENT-LAYER
 66
     1
 10
0.0
 20
0.0
 30
0.0
 40
0.1
 41
0.1
  0
VERTEX
  5
1A9F
  8
DOCUMENT-LAYER
 10
5.14652461304923
 20
4.019479958959918
 30
0.0
  0
VERTEX
  5
1AA0
  8
DOCUMENT-LAYER
 10
17.68660081320163
 20
4.019479958959918
 30
0.0
  0
SEQEND
  5
1D65
  8
DOCUMENT-LAYER
  0
POLYLINE
  5
1425
  8
DOCUMENT-LAYER
 66
     1
 10
0.0
 20
0.0
 30
0.0
 40
0.1
 41
0.1
  0
VERTEX
  5
1AA1
  8
DOCUMENT-LAYER
 10
15.14658557317114
 20
0.0194570989141969
 30
0.0
  0
VERTEX
  5
1AA2
  8
DOCUMENT-LAYER
 10
14.94936433872869
 20
0.7554946909893836
 30
0.0
  0
SEQEND
  5
1D66
  8
DOCUMENT-LAYER
  0
POLYLINE
  5
1426
  8
DOCUMENT-LAYER
 66
     1
 10
0.0
 20
0.0
 30
0.0
 40
0.1
 41
0.1
  0
VERTEX
  5
1AA3
  8
DOCUMENT-LAYER
 10
15.14658557317114
 20
0.0194570989141969
 30
0.0
  0
VERTEX
  5
1AA4
  8
DOCUMENT-LAYER
 10
15.3438093476187
 20
0.7554946909893836
 30
0.0
  0
SEQEND
  5
1D67
  8
DOCUMENT-LAYER
  0
POLYLINE
  5
1427
  8
DOCUMENT-LAYER
 66
     1
 10
0.0
 20
0.0
 30
0.0
 40
0.1
 41
0.1
  0
VERTEX
  5
1AA5
  8
DOCUMENT-LAYER
 10
15.14658557317114
 20
4.019479958959918
 30
0.0
  0
VERTEX
  5
1AA6
  8
DOCUMENT-LAYER
 10
14.94936433872869
 20
3.283437286874575
 30
0.0
  0
SEQEND
  5
1D68
  8
DOCUMENT-LAYER
  0
POLYLINE
  5
1428
  8
DOCUMENT-LAYER
 66
     1
 10
0.0
 20
0.0
 30
0.0
 40
0.1
 41
0.1
  0
VERTEX
  5
1AA7
  8
DOCUMENT-LAYER
 10
15.14658557317114
 20
4.019479958959918
 30
0.0
  0
VERTEX
  5
1AA8
  8
DOCUMENT-LAYER
 10
15.3438093476187
 20
3.283437286874575
 30
0.0
  0
SEQEND
  5
1D69
  8
DOCUMENT-LAYER
  0
POLYLINE
  5
1429
  8
DOCUMENT-LAYER
 66
     1
 10
0.0
 20
0.0
 30
0.0
 40
0.1
 41
0.1
  0
VERTEX
  5
1AA9
  8
DOCUMENT-LAYER
 10
15.14658557317114
 20
0.0194570989141969
 30
0.0
  0
VERTEX
  5
1AAA
  8
DOCUMENT-LAYER
 10
15.14658557317114
 20
4.019479958959918
 30
0.0
  0
SEQEND
  5
1D6A
  8
DOCUMENT-LAYER
  0
POLYLINE
  5
1430
  8
DOCUMENT-LAYER
 66
     1
 10
0.0
 20
0.0
 30
0.0
 40
0.1
 41
0.1
  0
VERTEX
  5
1AAB
  8
DOCUMENT-LAYER
 10
-24.16514671029342
 20
67.65133162266326
 30
0.0
  0
VERTEX
  5
1AAC
  8
DOCUMENT-LAYER
 10
-20.98250510501021
 20
67.65133162266326
 30
0.0
  0
SEQEND
  5
1D6B
  8
DOCUMENT-LAYER
  0
POLYLINE
  5
1431
  8
DOCUMENT-LAYER
 66
     1
 10
0.0
 20
0.0
 30
0.0
 40
0.1
 41
0.1
  0
VERTEX
  5
1AAD
  8
DOCUMENT-LAYER
 10
-23.55808041616083
 20
66.89441010882024
 30
0.0
  0
VERTEX
  5
1AAE
  8
DOCUMENT-LAYER
 10
-23.71048072096145
 20
67.19667071334146
 30
0.0
  0
VERTEX
  5
1AAF
  8
DOCUMENT-LAYER
 10
-24.16514671029342
 20
67.65133162266326
 30
0.0
  0
SEQEND
  5
1D6C
  8
DOCUMENT-LAYER
  0
POLYLINE
  5
1432
  8
DOCUMENT-LAYER
 66
     1
 10
0.0
 20
0.0
 30
0.0
 40
0.1
 41
0.1
  0
VERTEX
  5
1AB0
  8
DOCUMENT-LAYER
 10
-24.16514671029342
 20
70.34882717765439
 30
0.0
  0
VERTEX
  5
1AB1
  8
DOCUMENT-LAYER
 10
-24.16514671029342
 20
68.83497906995817
 30
0.0
  0
VERTEX
  5
1AB2
  8
DOCUMENT-LAYER
 10
-22.80115636231273
 20
68.68257876515756
 30
0.0
  0
VERTEX
  5
1AB3
  8
DOCUMENT-LAYER
 10
-22.95355920711842
 20
68.83497906995817
 30
0.0
  0
VERTEX
  5
1AB4
  8
DOCUMENT-LAYER
 10
-23.10341950683902
 20
69.28710251420505
 30
0.0
  0
VERTEX
  5
1AB5
  8
DOCUMENT-LAYER
 10
-23.10341950683902
 20
69.74176596353193
 30
0.0
  0
VERTEX
  5
1AB6
  8
DOCUMENT-LAYER
 10
-22.95355920711842
 20
70.19642687285376
 30
0.0
  0
VERTEX
  5
1AB7
  8
DOCUMENT-LAYER
 10
-22.65129606259213
 20
70.50123002246004
 30
0.0
  0
VERTEX
  5
1AB8
  8
DOCUMENT-LAYER
 10
-22.19663261326523
 20
70.65109032218065
 30
0.0
  0
VERTEX
  5
1AB9
  8
DOCUMENT-LAYER
 10
-21.89183200366401
 20
70.65109032218065
 30
0.0
  0
VERTEX
  5
1ABA
  8
DOCUMENT-LAYER
 10
-21.43716855433711
 20
70.50123002246004
 30
0.0
  0
VERTEX
  5
1ABB
  8
DOCUMENT-LAYER
 10
-21.1349079498159
 20
70.19642687285376
 30
0.0
  0
VERTEX
  5
1ABC
  8
DOCUMENT-LAYER
 10
-20.98250510501021
 20
69.74176596353193
 30
0.0
  0
VERTEX
  5
1ABD
  8
DOCUMENT-LAYER
 10
-20.98250510501021
 20
69.28710251420505
 30
0.0
  0
VERTEX
  5
1ABE
  8
DOCUMENT-LAYER
 10
-21.1349079498159
 20
68.83497906995817
 30
0.0
  0
VERTEX
  5
1ABF
  8
DOCUMENT-LAYER
 10
-21.28730825461651
 20
68.68257876515756
 30
0.0
  0
VERTEX
  5
1AC0
  8
DOCUMENT-LAYER
 10
-21.5895713991428
 20
68.53017846035694
 30
0.0
  0
SEQEND
  5
1D6D
  8
DOCUMENT-LAYER
  0
POLYLINE
  5
1433
  8
DOCUMENT-LAYER
 66
     1
 10
0.0
 20
0.0
 30
0.0
 40
0.1
 41
0.1
  0
VERTEX
  5
1AC1
  8
DOCUMENT-LAYER
 10
-23.71048072096145
 20
73.34858841717684
 30
0.0
  0
VERTEX
  5
1AC2
  8
DOCUMENT-LAYER
 10
-24.01274386548773
 20
73.19618557237115
 30
0.0
  0
VERTEX
  5
1AC3
  8
DOCUMENT-LAYER
 10
-24.16514671029342
 20
72.74152212304426
 30
0.0
  0
VERTEX
  5
1AC4
  8
DOCUMENT-LAYER
 10
-24.16514671029342
 20
72.43926151852304
 30
0.0
  0
VERTEX
  5
1AC5
  8
DOCUMENT-LAYER
 10
-24.01274386548773
 20
71.98460060920124
 30
0.0
  0
VERTEX
  5
1AC6
  8
DOCUMENT-LAYER
 10
-23.55808041616083
 20
71.68233492466986
 30
0.0
  0
VERTEX
  5
1AC7
  8
DOCUMENT-LAYER
 10
-22.80115636231273
 20
71.52993461986925
 30
0.0
  0
VERTEX
  5
1AC8
  8
DOCUMENT-LAYER
 10
-22.04423230846462
 20
71.52993461986925
 30
0.0
  0
SEQEND
  5
1D6E
  8
DOCUMENT-LAYER
  0
POLYLINE
  5
1434
  8
DOCUMENT-LAYER
 66
     1
 10
0.0
 20
0.0
 30
0.0
 40
0.1
 41
0.1
  0
VERTEX
  5
1AC9
  8
DOCUMENT-LAYER
 10
-23.10341950683902
 20
81.56299532599067
 30
0.0
  0
VERTEX
  5
1ACA
  8
DOCUMENT-LAYER
 10
-20.98250510501021
 20
81.56299532599067
 30
0.0
  0
SEQEND
  5
1D6F
  8
DOCUMENT-LAYER
  0
POLYLINE
  5
1435
  8
DOCUMENT-LAYER
 66
     1
 10
0.0
 20
0.0
 30
0.0
 40
0.1
 41
0.1
  0
VERTEX
  5
1ACB
  8
DOCUMENT-LAYER
 10
-22.49889575779152
 20
81.56299532599067
 30
0.0
  0
VERTEX
  5
1ACC
  8
DOCUMENT-LAYER
 10
-22.95355920711842
 20
82.01765877531756
 30
0.0
  0
VERTEX
  5
1ACD
  8
DOCUMENT-LAYER
 10
-23.10341950683902
 20
82.31992191984385
 30
0.0
  0
VERTEX
  5
1ACE
  8
DOCUMENT-LAYER
 10
-23.10341950683902
 20
82.77458282916567
 30
0.0
  0
VERTEX
  5
1ACF
  8
DOCUMENT-LAYER
 10
-22.95355920711842
 20
83.0793834387669
 30
0.0
  0
VERTEX
  5
1AD0
  8
DOCUMENT-LAYER
 10
-22.49889575779152
 20
83.22924627849257
 30
0.0
  0
VERTEX
  5
1AD1
  8
DOCUMENT-LAYER
 10
-20.98250510501021
 20
83.22924627849257
 30
0.0
  0
SEQEND
  5
1D70
  8
DOCUMENT-LAYER
  0
POLYLINE
  5
1436
  8
DOCUMENT-LAYER
 66
     1
 10
0.0
 20
0.0
 30
0.0
 40
0.1
 41
0.1
  0
VERTEX
  5
1AD2
  8
DOCUMENT-LAYER
 10
-22.49889575779152
 20
83.22924627849257
 30
0.0
  0
VERTEX
  5
1AD3
  8
DOCUMENT-LAYER
 10
-22.95355920711842
 20
83.68390972781945
 30
0.0
  0
VERTEX
  5
1AD4
  8
DOCUMENT-LAYER
 10
-23.10341950683902
 20
83.98871033742068
 30
0.0
  0
VERTEX
  5
1AD5
  8
DOCUMENT-LAYER
 10
-23.10341950683902
 20
84.44083378166756
 30
0.0
  0
VERTEX
  5
1AD6
  8
DOCUMENT-LAYER
 10
-22.95355920711842
 20
84.74563693127386
 30
0.0
  0
VERTEX
  5
1AD7
  8
DOCUMENT-LAYER
 10
-22.49889575779152
 20
84.89549723099448
 30
0.0
  0
VERTEX
  5
1AD8
  8
DOCUMENT-LAYER
 10
-20.98250510501021
 20
84.89549723099448
 30
0.0
  0
SEQEND
  5
1D71
  8
DOCUMENT-LAYER
  0
POLYLINE
  5
1437
  8
DOCUMENT-LAYER
 66
     1
 10
0.0
 20
0.0
 30
0.0
 40
0.1
 41
0.1
  0
VERTEX
  5
1AD9
  8
DOCUMENT-LAYER
 10
-23.10341950683902
 20
85.77434152868307
 30
0.0
  0
VERTEX
  5
1ADA
  8
DOCUMENT-LAYER
 10
-20.98250510501021
 20
85.77434152868307
 30
0.0
  0
SEQEND
  5
1D72
  8
DOCUMENT-LAYER
  0
POLYLINE
  5
1438
  8
DOCUMENT-LAYER
 66
     1
 10
0.0
 20
0.0
 30
0.0
 40
0.1
 41
0.1
  0
VERTEX
  5
1ADB
  8
DOCUMENT-LAYER
 10
-22.49889575779152
 20
85.77434152868307
 30
0.0
  0
VERTEX
  5
1ADC
  8
DOCUMENT-LAYER
 10
-22.95355920711842
 20
86.22900497800998
 30
0.0
  0
VERTEX
  5
1ADD
  8
DOCUMENT-LAYER
 10
-23.10341950683902
 20
86.53126558253118
 30
0.0
  0
VERTEX
  5
1ADE
  8
DOCUMENT-LAYER
 10
-23.10341950683902
 20
86.98592903185809
 30
0.0
  0
VERTEX
  5
1ADF
  8
DOCUMENT-LAYER
 10
-22.95355920711842
 20
87.29073218146436
 30
0.0
  0
VERTEX
  5
1AE0
  8
DOCUMENT-LAYER
 10
-22.49889575779152
 20
87.44059248118498
 30
0.0
  0
VERTEX
  5
1AE1
  8
DOCUMENT-LAYER
 10
-20.98250510501021
 20
87.44059248118498
 30
0.0
  0
SEQEND
  5
1D73
  8
DOCUMENT-LAYER
  0
POLYLINE
  5
1439
  8
DOCUMENT-LAYER
 66
     1
 10
0.0
 20
0.0
 30
0.0
 40
0.1
 41
0.1
  0
VERTEX
  5
1AE2
  8
DOCUMENT-LAYER
 10
-22.49889575779152
 20
87.44059248118498
 30
0.0
  0
VERTEX
  5
1AE3
  8
DOCUMENT-LAYER
 10
-22.95355920711842
 20
87.89525339050678
 30
0.0
  0
VERTEX
  5
1AE4
  8
DOCUMENT-LAYER
 10
-23.10341950683902
 20
88.20005400010801
 30
0.0
  0
VERTEX
  5
1AE5
  8
DOCUMENT-LAYER
 10
-23.10341950683902
 20
88.65217998435999
 30
0.0
  0
VERTEX
  5
1AE6
  8
DOCUMENT-LAYER
 10
-22.95355920711842
 20
88.95698059396119
 30
0.0
  0
VERTEX
  5
1AE7
  8
DOCUMENT-LAYER
 10
-22.49889575779152
 20
89.1068408936818
 30
0.0
  0
VERTEX
  5
1AE8
  8
DOCUMENT-LAYER
 10
-20.98250510501021
 20
89.1068408936818
 30
0.0
  0
SEQEND
  5
1D74
  8
DOCUMENT-LAYER
  0
POLYLINE
  5
1440
  8
DOCUMENT-LAYER
 66
     1
 10
0.0
 20
0.0
 30
0.0
 40
0.1
 41
0.1
  0
VERTEX
  5
1AE9
  8
DOCUMENT-LAYER
 10
5.038980797961599
 20
156.0012503425007
 30
0.0
  0
VERTEX
  5
1AEA
  8
DOCUMENT-LAYER
 10
-22.38713299426599
 20
156.0012503425007
 30
0.0
  0
SEQEND
  5
1D75
  8
DOCUMENT-LAYER
  0
POLYLINE
  5
1441
  8
DOCUMENT-LAYER
 66
     1
 10
0.0
 20
0.0
 30
0.0
 40
0.1
 41
0.1
  0
VERTEX
  5
1AEB
  8
DOCUMENT-LAYER
 10
5.143204826409651
 20
0.0000006600013194
 30
0.0
  0
VERTEX
  5
1AEC
  8
DOCUMENT-LAYER
 10
-22.38713299426599
 20
0.0000006600013194
 30
0.0
  0
SEQEND
  5
1D76
  8
DOCUMENT-LAYER
  0
POLYLINE
  5
1442
  8
DOCUMENT-LAYER
 66
     1
 10
0.0
 20
0.0
 30
0.0
 40
0.1
 41
0.1
  0
VERTEX
  5
1AED
  8
DOCUMENT-LAYER
 10
-19.84711775423551
 20
156.0012503425007
 30
0.0
  0
VERTEX
  5
1AEE
  8
DOCUMENT-LAYER
 10
-19.64989905979812
 20
155.2652102104204
 30
0.0
  0
SEQEND
  5
1D77
  8
DOCUMENT-LAYER
  0
POLYLINE
  5
1443
  8
DOCUMENT-LAYER
 66
     1
 10
0.0
 20
0.0
 30
0.0
 40
0.1
 41
0.1
  0
VERTEX
  5
1AEF
  8
DOCUMENT-LAYER
 10
-19.84711775423551
 20
156.0012503425007
 30
0.0
  0
VERTEX
  5
1AF0
  8
DOCUMENT-LAYER
 10
-20.04433898867798
 20
155.2652102104204
 30
0.0
  0
SEQEND
  5
1D78
  8
DOCUMENT-LAYER
  0
POLYLINE
  5
1444
  8
DOCUMENT-LAYER
 66
     1
 10
0.0
 20
0.0
 30
0.0
 40
0.1
 41
0.1
  0
VERTEX
  5
1AF1
  8
DOCUMENT-LAYER
 10
-19.84711775423551
 20
0.0000006600013194
 30
0.0
  0
VERTEX
  5
1AF2
  8
DOCUMENT-LAYER
 10
-19.64989905979812
 20
0.7360382520765043
 30
0.0
  0
SEQEND
  5
1D79
  8
DOCUMENT-LAYER
  0
POLYLINE
  5
1445
  8
DOCUMENT-LAYER
 66
     1
 10
0.0
 20
0.0
 30
0.0
 40
0.1
 41
0.1
  0
VERTEX
  5
1AF3
  8
DOCUMENT-LAYER
 10
-19.84711775423551
 20
0.0000006600013194
 30
0.0
  0
VERTEX
  5
1AF4
  8
DOCUMENT-LAYER
 10
-20.04433898867798
 20
0.7360382520765043
 30
0.0
  0
SEQEND
  5
1D7A
  8
DOCUMENT-LAYER
  0
POLYLINE
  5
1446
  8
DOCUMENT-LAYER
 66
     1
 10
0.0
 20
0.0
 30
0.0
 40
0.1
 41
0.1
  0
VERTEX
  5
1AF5
  8
DOCUMENT-LAYER
 10
-19.84711775423551
 20
156.0012503425007
 30
0.0
  0
VERTEX
  5
1AF6
  8
DOCUMENT-LAYER
 10
-19.84711775423551
 20
89.18304104608212
 30
0.0
  0
SEQEND
  5
1D7B
  8
DOCUMENT-LAYER
  0
POLYLINE
  5
1447
  8
DOCUMENT-LAYER
 66
     1
 10
0.0
 20
0.0
 30
0.0
 40
0.1
 41
0.1
  0
VERTEX
  5
1AF7
  8
DOCUMENT-LAYER
 10
-19.84711775423551
 20
66.81820741641484
 30
0.0
  0
VERTEX
  5
1AF8
  8
DOCUMENT-LAYER
 10
-19.84711775423551
 20
0.0000006600013194
 30
0.0
  0
SEQEND
  5
1D7C
  8
DOCUMENT-LAYER
  0
POLYLINE
  5
1448
  8
DOCUMENT-LAYER
 66
     1
 10
0.0
 20
0.0
 30
0.0
 40
0.1
 41
0.1
  0
VERTEX
  5
1AF9
  8
DOCUMENT-LAYER
 10
59.65303718607438
 20
179.3190760981522
 30
0.0
  0
VERTEX
  5
1AFA
  8
DOCUMENT-LAYER
 10
59.65303718607438
 20
176.1364395728792
 30
0.0
  0
SEQEND
  5
1D7D
  8
DOCUMENT-LAYER
  0
POLYLINE
  5
1449
  8
DOCUMENT-LAYER
 66
     1
 10
0.0
 20
0.0
 30
0.0
 40
0.1
 41
0.1
  0
VERTEX
  5
1AFB
  8
DOCUMENT-LAYER
 10
58.89611313222627
 20
178.7120098040196
 30
0.0
  0
VERTEX
  5
1AFC
  8
DOCUMENT-LAYER
 10
59.19837373674748
 20
178.8644151888304
 30
0.0
  0
VERTEX
  5
1AFD
  8
DOCUMENT-LAYER
 10
59.65303718607438
 20
179.3190760981522
 30
0.0
  0
SEQEND
  5
1D7E
  8
DOCUMENT-LAYER
  0
POLYLINE
  5
1450
  8
DOCUMENT-LAYER
 66
     1
 10
0.0
 20
0.0
 30
0.0
 40
0.1
 41
0.1
  0
VERTEX
  5
1AFE
  8
DOCUMENT-LAYER
 10
62.04826959653919
 20
179.3190760981522
 30
0.0
  0
VERTEX
  5
1AFF
  8
DOCUMENT-LAYER
 10
60.53188148376298
 20
177.1981616963234
 30
0.0
  0
SEQEND
  5
1D7F
  8
DOCUMENT-LAYER
  0
POLYLINE
  5
1451
  8
DOCUMENT-LAYER
 66
     1
 10
0.0
 20
0.0
 30
0.0
 40
0.1
 41
0.1
  0
VERTEX
  5
1B00
  8
DOCUMENT-LAYER
 10
60.53188148376298
 20
177.1981616963234
 30
0.0
  0
VERTEX
  5
1B01
  8
DOCUMENT-LAYER
 10
62.80519619039239
 20
177.1981616963234
 30
0.0
  0
SEQEND
  5
1D80
  8
DOCUMENT-LAYER
  0
POLYLINE
  5
1452
  8
DOCUMENT-LAYER
 66
     1
 10
0.0
 20
0.0
 30
0.0
 40
0.1
 41
0.1
  0
VERTEX
  5
1B02
  8
DOCUMENT-LAYER
 10
62.04826959653919
 20
179.3190760981522
 30
0.0
  0
VERTEX
  5
1B03
  8
DOCUMENT-LAYER
 10
62.04826959653919
 20
176.1364395728792
 30
0.0
  0
SEQEND
  5
1D81
  8
DOCUMENT-LAYER
  0
POLYLINE
  5
1453
  8
DOCUMENT-LAYER
 66
     1
 10
0.0
 20
0.0
 30
0.0
 40
0.1
 41
0.1
  0
VERTEX
  5
1B04
  8
DOCUMENT-LAYER
 10
73.86696403392807
 20
178.2573488946978
 30
0.0
  0
VERTEX
  5
1B05
  8
DOCUMENT-LAYER
 10
73.86696403392807
 20
176.1364395728792
 30
0.0
  0
SEQEND
  5
1D82
  8
DOCUMENT-LAYER
  0
POLYLINE
  5
1454
  8
DOCUMENT-LAYER
 66
     1
 10
0.0
 20
0.0
 30
0.0
 40
0.1
 41
0.1
  0
VERTEX
  5
1B06
  8
DOCUMENT-LAYER
 10
73.86696403392807
 20
177.6528276856554
 30
0.0
  0
VERTEX
  5
1B07
  8
DOCUMENT-LAYER
 10
74.3216249432499
 20
178.1074885949772
 30
0.0
  0
VERTEX
  5
1B08
  8
DOCUMENT-LAYER
 10
74.6238855477711
 20
178.2573488946978
 30
0.0
  0
VERTEX
  5
1B09
  8
DOCUMENT-LAYER
 10
75.0785515371031
 20
178.2573488946978
 30
0.0
  0
VERTEX
  5
1B0A
  8
DOCUMENT-LAYER
 10
75.38335214670428
 20
178.1074885949772
 30
0.0
  0
VERTEX
  5
1B0B
  8
DOCUMENT-LAYER
 10
75.5332124464249
 20
177.6528276856554
 30
0.0
  0
VERTEX
  5
1B0C
  8
DOCUMENT-LAYER
 10
75.5332124464249
 20
176.1364395728792
 30
0.0
  0
SEQEND
  5
1D83
  8
DOCUMENT-LAYER
  0
POLYLINE
  5
1455
  8
DOCUMENT-LAYER
 66
     1
 10
0.0
 20
0.0
 30
0.0
 40
0.1
 41
0.1
  0
VERTEX
  5
1B0D
  8
DOCUMENT-LAYER
 10
75.5332124464249
 20
177.6528276856554
 30
0.0
  0
VERTEX
  5
1B0E
  8
DOCUMENT-LAYER
 10
75.98787335574673
 20
178.1074885949772
 30
0.0
  0
VERTEX
  5
1B0F
  8
DOCUMENT-LAYER
 10
76.29267904535811
 20
178.2573488946978
 30
0.0
  0
VERTEX
  5
1B10
  8
DOCUMENT-LAYER
 10
76.74479994959992
 20
178.2573488946978
 30
0.0
  0
VERTEX
  5
1B11
  8
DOCUMENT-LAYER
 10
77.04960055920114
 20
178.1074885949772
 30
0.0
  0
VERTEX
  5
1B12
  8
DOCUMENT-LAYER
 10
77.19946085892173
 20
177.6528276856554
 30
0.0
  0
VERTEX
  5
1B13
  8
DOCUMENT-LAYER
 10
77.19946085892173
 20
176.1364395728792
 30
0.0
  0
SEQEND
  5
1D84
  8
DOCUMENT-LAYER
  0
POLYLINE
  5
1456
  8
DOCUMENT-LAYER
 66
     1
 10
0.0
 20
0.0
 30
0.0
 40
0.1
 41
0.1
  0
VERTEX
  5
1B14
  8
DOCUMENT-LAYER
 10
78.07830769661538
 20
178.2573488946978
 30
0.0
  0
VERTEX
  5
1B15
  8
DOCUMENT-LAYER
 10
78.07830769661538
 20
176.1364395728792
 30
0.0
  0
SEQEND
  5
1D85
  8
DOCUMENT-LAYER
  0
POLYLINE
  5
1457
  8
DOCUMENT-LAYER
 66
     1
 10
0.0
 20
0.0
 30
0.0
 40
0.1
 41
0.1
  0
VERTEX
  5
1B16
  8
DOCUMENT-LAYER
 10
78.07830769661538
 20
177.6528276856554
 30
0.0
  0
VERTEX
  5
1B17
  8
DOCUMENT-LAYER
 10
78.53296860593721
 20
178.1074885949772
 30
0.0
  0
VERTEX
  5
1B18
  8
DOCUMENT-LAYER
 10
78.83523429046858
 20
178.2573488946978
 30
0.0
  0
VERTEX
  5
1B19
  8
DOCUMENT-LAYER
 10
79.28989519979041
 20
178.2573488946978
 30
0.0
  0
VERTEX
  5
1B1A
  8
DOCUMENT-LAYER
 10
79.59469580939162
 20
178.1074885949772
 30
0.0
  0
VERTEX
  5
1B1B
  8
DOCUMENT-LAYER
 10
79.74455610911221
 20
177.6528276856554
 30
0.0
  0
VERTEX
  5
1B1C
  8
DOCUMENT-LAYER
 10
79.74455610911221
 20
176.1364395728792
 30
0.0
  0
SEQEND
  5
1D86
  8
DOCUMENT-LAYER
  0
POLYLINE
  5
1458
  8
DOCUMENT-LAYER
 66
     1
 10
0.0
 20
0.0
 30
0.0
 40
0.1
 41
0.1
  0
VERTEX
  5
1B1D
  8
DOCUMENT-LAYER
 10
79.74455610911221
 20
177.6528276856554
 30
0.0
  0
VERTEX
  5
1B1E
  8
DOCUMENT-LAYER
 10
80.19922209844421
 20
178.1074885949772
 30
0.0
  0
VERTEX
  5
1B1F
  8
DOCUMENT-LAYER
 10
80.50402270804543
 20
178.2573488946978
 30
0.0
  0
VERTEX
  5
1B20
  8
DOCUMENT-LAYER
 10
80.95614361228724
 20
178.2573488946978
 30
0.0
  0
VERTEX
  5
1B21
  8
DOCUMENT-LAYER
 10
81.26094676189354
 20
178.1074885949772
 30
0.0
  0
VERTEX
  5
1B22
  8
DOCUMENT-LAYER
 10
81.4108096016192
 20
177.6528276856554
 30
0.0
  0
VERTEX
  5
1B23
  8
DOCUMENT-LAYER
 10
81.4108096016192
 20
176.1364395728792
 30
0.0
  0
SEQEND
  5
1D87
  8
DOCUMENT-LAYER
  0
POLYLINE
  5
1459
  8
DOCUMENT-LAYER
 66
     1
 10
0.0
 20
0.0
 30
0.0
 40
0.1
 41
0.1
  0
VERTEX
  5
1B24
  8
DOCUMENT-LAYER
 10
0.1530803661607294
 20
152.1157207514415
 30
0.0
  0
VERTEX
  5
1B25
  8
DOCUMENT-LAYER
 10
0.1530803661607294
 20
177.5410674621349
 30
0.0
  0
SEQEND
  5
1D88
  8
DOCUMENT-LAYER
  0
POLYLINE
  5
1460
  8
DOCUMENT-LAYER
 66
     1
 10
0.0
 20
0.0
 30
0.0
 40
0.1
 41
0.1
  0
VERTEX
  5
1B26
  8
DOCUMENT-LAYER
 10
140.1538423676848
 20
152.0009125218251
 30
0.0
  0
VERTEX
  5
1B27
  8
DOCUMENT-LAYER
 10
140.1538423676848
 20
177.5410674621349
 30
0.0
  0
SEQEND
  5
1D89
  8
DOCUMENT-LAYER
  0
POLYLINE
  5
1461
  8
DOCUMENT-LAYER
 66
     1
 10
0.0
 20
0.0
 30
0.0
 40
0.1
 41
0.1
  0
VERTEX
  5
1B28
  8
DOCUMENT-LAYER
 10
0.1530803661607294
 20
175.0010522221045
 30
0.0
  0
VERTEX
  5
1B29
  8
DOCUMENT-LAYER
 10
0.8891179582359179
 20
175.198273456547
 30
0.0
  0
SEQEND
  5
1D8A
  8
DOCUMENT-LAYER
  0
POLYLINE
  5
1462
  8
DOCUMENT-LAYER
 66
     1
 10
0.0
 20
0.0
 30
0.0
 40
0.1
 41
0.1
  0
VERTEX
  5
1B2A
  8
DOCUMENT-LAYER
 10
0.1530803661607294
 20
175.0010522221045
 30
0.0
  0
VERTEX
  5
1B2B
  8
DOCUMENT-LAYER
 10
0.8891179582359179
 20
174.8038284476569
 30
0.0
  0
SEQEND
  5
1D8B
  8
DOCUMENT-LAYER
  0
POLYLINE
  5
1463
  8
DOCUMENT-LAYER
 66
     1
 10
0.0
 20
0.0
 30
0.0
 40
0.1
 41
0.1
  0
VERTEX
  5
1B2C
  8
DOCUMENT-LAYER
 10
140.1538423676848
 20
175.0010522221045
 30
0.0
  0
VERTEX
  5
1B2D
  8
DOCUMENT-LAYER
 10
139.4177996955994
 20
175.198273456547
 30
0.0
  0
SEQEND
  5
1D8C
  8
DOCUMENT-LAYER
  0
POLYLINE
  5
1464
  8
DOCUMENT-LAYER
 66
     1
 10
0.0
 20
0.0
 30
0.0
 40
0.1
 41
0.1
  0
VERTEX
  5
1B2E
  8
DOCUMENT-LAYER
 10
140.1538423676848
 20
175.0010522221045
 30
0.0
  0
VERTEX
  5
1B2F
  8
DOCUMENT-LAYER
 10
139.4177996955994
 20
174.8038284476569
 30
0.0
  0
SEQEND
  5
1D8D
  8
DOCUMENT-LAYER
  0
POLYLINE
  5
1465
  8
DOCUMENT-LAYER
 66
     1
 10
0.0
 20
0.0
 30
0.0
 40
0.1
 41
0.1
  0
VERTEX
  5
1B30
  8
DOCUMENT-LAYER
 10
0.1530803661607294
 20
175.0010522221045
 30
0.0
  0
VERTEX
  5
1B31
  8
DOCUMENT-LAYER
 10
58.81991297982596
 20
175.0010522221045
 30
0.0
  0
SEQEND
  5
1D8E
  8
DOCUMENT-LAYER
  0
POLYLINE
  5
1466
  8
DOCUMENT-LAYER
 66
     1
 10
0.0
 20
0.0
 30
0.0
 40
0.1
 41
0.1
  0
VERTEX
  5
1B32
  8
DOCUMENT-LAYER
 10
81.48700975401951
 20
175.0010522221045
 30
0.0
  0
VERTEX
  5
1B33
  8
DOCUMENT-LAYER
 10
140.1538423676848
 20
175.0010522221045
 30
0.0
  0
SEQEND
  5
1D8F
  8
DOCUMENT-LAYER
  0
POLYLINE
  5
1467
  8
DOCUMENT-LAYER
 66
     1
 10
0.0
 20
0.0
 30
0.0
 40
0.1
 41
0.1
  0
VERTEX
  5
1B34
  8
DOCUMENT-LAYER
 10
54.95153096306193
 20
62.79833187666377
 30
0.0
  0
VERTEX
  5
1B35
  8
DOCUMENT-LAYER
 10
54.20476692953387
 20
61.75438724877452
 30
0.0
  0
VERTEX
  5
1B36
  8
DOCUMENT-LAYER
 10
55.32491170982343
 20
61.75438724877452
 30
0.0
  0
SEQEND
  5
1D90
  8
DOCUMENT-LAYER
  0
POLYLINE
  5
1468
  8
DOCUMENT-LAYER
 66
     1
 10
0.0
 20
0.0
 30
0.0
 40
0.1
 41
0.1
  0
VERTEX
  5
1B37
  8
DOCUMENT-LAYER
 10
54.95153096306193
 20
62.79833187666377
 30
0.0
  0
VERTEX
  5
1B38
  8
DOCUMENT-LAYER
 10
54.95153096306193
 20
61.23368620737241
 30
0.0
  0
SEQEND
  5
1D91
  8
DOCUMENT-LAYER
  0
POLYLINE
  5
1469
  8
DOCUMENT-LAYER
 66
     1
 10
0.0
 20
0.0
 30
0.0
 40
0.1
 41
0.1
  0
VERTEX
  5
1B39
  8
DOCUMENT-LAYER
 10
57.46614107228216
 20
62.27762829525659
 30
0.0
  0
VERTEX
  5
1B3A
  8
DOCUMENT-LAYER
 10
57.46614107228216
 20
61.90424754849511
 30
0.0
  0
VERTEX
  5
1B3B
  8
DOCUMENT-LAYER
 10
57.39248092496184
 20
61.53086680173361
 30
0.0
  0
VERTEX
  5
1B3C
  8
DOCUMENT-LAYER
 10
57.24262062524127
 20
61.30734635469273
 30
0.0
  0
VERTEX
  5
1B3D
  8
DOCUMENT-LAYER
 10
57.01909763819527
 20
61.23368620737241
 30
0.0
  0
VERTEX
  5
1B3E
  8
DOCUMENT-LAYER
 10
56.86923733847468
 20
61.23368620737241
 30
0.0
  0
VERTEX
  5
1B3F
  8
DOCUMENT-LAYER
 10
56.6457168914338
 20
61.30734635469273
 30
0.0
  0
VERTEX
  5
1B40
  8
DOCUMENT-LAYER
 10
56.56951673903348
 20
61.45720665441333
 30
0.0
  0
SEQEND
  5
1D92
  8
DOCUMENT-LAYER
  0
POLYLINE
  5
1470
  8
DOCUMENT-LAYER
 66
     1
 10
0.0
 20
0.0
 30
0.0
 70
     1
 40
0.1
 41
0.1
  0
VERTEX
  5
1B41
  8
DOCUMENT-LAYER
 10
57.46614107228216
 20
62.27762829525659
 30
0.0
  0
VERTEX
  5
1B42
  8
DOCUMENT-LAYER
 10
57.39248092496184
 20
62.05410784821571
 30
0.0
  0
VERTEX
  5
1B43
  8
DOCUMENT-LAYER
 10
57.24262062524127
 20
61.90424754849511
 30
0.0
  0
VERTEX
  5
1B44
  8
DOCUMENT-LAYER
 10
57.01909763819527
 20
61.83058740117481
 30
0.0
  0
VERTEX
  5
1B45
  8
DOCUMENT-LAYER
 10
56.94289748579498
 20
61.83058740117481
 30
0.0
  0
VERTEX
  5
1B46
  8
DOCUMENT-LAYER
 10
56.71937703875408
 20
61.90424754849511
 30
0.0
  0
VERTEX
  5
1B47
  8
DOCUMENT-LAYER
 10
56.56951673903348
 20
62.05410784821571
 30
0.0
  0
VERTEX
  5
1B48
  8
DOCUMENT-LAYER
 10
56.49585659171318
 20
62.27762829525659
 30
0.0
  0
VERTEX
  5
1B49
  8
DOCUMENT-LAYER
 10
56.49585659171318
 20
62.35128844257689
 30
0.0
  0
VERTEX
  5
1B4A
  8
DOCUMENT-LAYER
 10
56.56951673903348
 20
62.57481142962287
 30
0.0
  0
VERTEX
  5
1B4B
  8
DOCUMENT-LAYER
 10
56.71937703875408
 20
62.72467172934347
 30
0.0
  0
VERTEX
  5
1B4C
  8
DOCUMENT-LAYER
 10
56.94289748579498
 20
62.79833187666377
 30
0.0
  0
VERTEX
  5
1B4D
  8
DOCUMENT-LAYER
 10
57.01909763819527
 20
62.79833187666377
 30
0.0
  0
VERTEX
  5
1B4E
  8
DOCUMENT-LAYER
 10
57.24262062524127
 20
62.72467172934347
 30
0.0
  0
VERTEX
  5
1B4F
  8
DOCUMENT-LAYER
 10
57.39248092496184
 20
62.57481142962287
 30
0.0
  0
SEQEND
  5
1D93
  8
DOCUMENT-LAYER
  0
POLYLINE
  5
1471
  8
DOCUMENT-LAYER
 66
     1
 10
0.0
 20
0.0
 30
0.0
 40
0.1
 41
0.1
  0
VERTEX
  5
1B50
  8
DOCUMENT-LAYER
 10
59.02062672125346
 20
62.79833187666377
 30
0.0
  0
VERTEX
  5
1B51
  8
DOCUMENT-LAYER
 10
58.27640269280538
 20
61.23368620737241
 30
0.0
  0
SEQEND
  5
1D94
  8
DOCUMENT-LAYER
  0
POLYLINE
  5
1472
  8
DOCUMENT-LAYER
 66
     1
 10
0.0
 20
0.0
 30
0.0
 40
0.1
 41
0.1
  0
VERTEX
  5
1B52
  8
DOCUMENT-LAYER
 10
57.9766820933642
 20
62.79833187666377
 30
0.0
  0
VERTEX
  5
1B53
  8
DOCUMENT-LAYER
 10
59.02062672125346
 20
62.79833187666377
 30
0.0
  0
SEQEND
  5
1D95
  8
DOCUMENT-LAYER
  0
POLYLINE
  5
1473
  8
DOCUMENT-LAYER
 66
     1
 10
0.0
 20
0.0
 30
0.0
 40
0.1
 41
0.1
  0
VERTEX
  5
1B54
  8
DOCUMENT-LAYER
 10
59.53116774233549
 20
62.27762829525659
 30
0.0
  0
VERTEX
  5
1B55
  8
DOCUMENT-LAYER
 10
59.53116774233549
 20
61.23368620737241
 30
0.0
  0
SEQEND
  5
1D96
  8
DOCUMENT-LAYER
  0
POLYLINE
  5
1474
  8
DOCUMENT-LAYER
 66
     1
 10
0.0
 20
0.0
 30
0.0
 40
0.1
 41
0.1
  0
VERTEX
  5
1B56
  8
DOCUMENT-LAYER
 10
59.53116774233549
 20
61.9779076958154
 30
0.0
  0
VERTEX
  5
1B57
  8
DOCUMENT-LAYER
 10
59.75469072938146
 20
62.2014281428563
 30
0.0
  0
VERTEX
  5
1B58
  8
DOCUMENT-LAYER
 10
59.90455102910206
 20
62.27762829525659
 30
0.0
  0
VERTEX
  5
1B59
  8
DOCUMENT-LAYER
 10
60.12807147614296
 20
62.27762829525659
 30
0.0
  0
VERTEX
  5
1B5A
  8
DOCUMENT-LAYER
 10
60.27793177586357
 20
62.2014281428563
 30
0.0
  0
VERTEX
  5
1B5B
  8
DOCUMENT-LAYER
 10
60.35159192318385
 20
61.9779076958154
 30
0.0
  0
VERTEX
  5
1B5C
  8
DOCUMENT-LAYER
 10
60.35159192318385
 20
61.23368620737241
 30
0.0
  0
SEQEND
  5
1D97
  8
DOCUMENT-LAYER
  0
POLYLINE
  5
1475
  8
DOCUMENT-LAYER
 66
     1
 10
0.0
 20
0.0
 30
0.0
 40
0.1
 41
0.1
  0
VERTEX
  5
1B5D
  8
DOCUMENT-LAYER
 10
60.35159192318385
 20
61.9779076958154
 30
0.0
  0
VERTEX
  5
1B5E
  8
DOCUMENT-LAYER
 10
60.57511237022474
 20
62.2014281428563
 30
0.0
  0
VERTEX
  5
1B5F
  8
DOCUMENT-LAYER
 10
60.72497266994535
 20
62.27762829525659
 30
0.0
  0
VERTEX
  5
1B60
  8
DOCUMENT-LAYER
 10
60.94849311698625
 20
62.27762829525659
 30
0.0
  0
VERTEX
  5
1B61
  8
DOCUMENT-LAYER
 10
61.09835595671192
 20
62.2014281428563
 30
0.0
  0
VERTEX
  5
1B62
  8
DOCUMENT-LAYER
 10
61.17201610403222
 20
61.9779076958154
 30
0.0
  0
VERTEX
  5
1B63
  8
DOCUMENT-LAYER
 10
61.17201610403222
 20
61.23368620737241
 30
0.0
  0
SEQEND
  5
1D98
  8
DOCUMENT-LAYER
  0
POLYLINE
  5
1476
  8
DOCUMENT-LAYER
 66
     1
 10
0.0
 20
0.0
 30
0.0
 40
0.1
 41
0.1
  0
VERTEX
  5
1B64
  8
DOCUMENT-LAYER
 10
61.68255712511425
 20
62.27762829525659
 30
0.0
  0
VERTEX
  5
1B65
  8
DOCUMENT-LAYER
 10
61.68255712511425
 20
61.23368620737241
 30
0.0
  0
SEQEND
  5
1D99
  8
DOCUMENT-LAYER
  0
POLYLINE
  5
1477
  8
DOCUMENT-LAYER
 66
     1
 10
0.0
 20
0.0
 30
0.0
 40
0.1
 41
0.1
  0
VERTEX
  5
1B66
  8
DOCUMENT-LAYER
 10
61.68255712511425
 20
61.9779076958154
 30
0.0
  0
VERTEX
  5
1B67
  8
DOCUMENT-LAYER
 10
61.90607757215515
 20
62.2014281428563
 30
0.0
  0
VERTEX
  5
1B68
  8
DOCUMENT-LAYER
 10
62.05593787187575
 20
62.27762829525659
 30
0.0
  0
VERTEX
  5
1B69
  8
DOCUMENT-LAYER
 10
62.27946085892172
 20
62.27762829525659
 30
0.0
  0
VERTEX
  5
1B6A
  8
DOCUMENT-LAYER
 10
62.42932115864233
 20
62.2014281428563
 30
0.0
  0
VERTEX
  5
1B6B
  8
DOCUMENT-LAYER
 10
62.50298130596261
 20
61.9779076958154
 30
0.0
  0
VERTEX
  5
1B6C
  8
DOCUMENT-LAYER
 10
62.50298130596261
 20
61.23368620737241
 30
0.0
  0
SEQEND
  5
1D9A
  8
DOCUMENT-LAYER
  0
POLYLINE
  5
1478
  8
DOCUMENT-LAYER
 66
     1
 10
0.0
 20
0.0
 30
0.0
 40
0.1
 41
0.1
  0
VERTEX
  5
1B6D
  8
DOCUMENT-LAYER
 10
62.50298130596261
 20
61.9779076958154
 30
0.0
  0
VERTEX
  5
1B6E
  8
DOCUMENT-LAYER
 10
62.72650175300351
 20
62.2014281428563
 30
0.0
  0
VERTEX
  5
1B6F
  8
DOCUMENT-LAYER
 10
62.87636205272411
 20
62.27762829525659
 30
0.0
  0
VERTEX
  5
1B70
  8
DOCUMENT-LAYER
 10
63.09988249976501
 20
62.27762829525659
 30
0.0
  0
VERTEX
  5
1B71
  8
DOCUMENT-LAYER
 10
63.24974279948561
 20
62.2014281428563
 30
0.0
  0
VERTEX
  5
1B72
  8
DOCUMENT-LAYER
 10
63.32340294680589
 20
61.9779076958154
 30
0.0
  0
VERTEX
  5
1B73
  8
DOCUMENT-LAYER
 10
63.32340294680589
 20
61.23368620737241
 30
0.0
  0
SEQEND
  5
1D9B
  8
DOCUMENT-LAYER
  0
POLYLINE
  5
1479
  8
DOCUMENT-LAYER
 66
     1
 10
0.0
 20
0.0
 30
0.0
 40
0.1
 41
0.1
  0
VERTEX
  5
1B74
  8
DOCUMENT-LAYER
 10
56.2784092968186
 20
56.23630241260484
 30
0.0
  0
VERTEX
  5
1B75
  8
DOCUMENT-LAYER
 10
56.2784092968186
 20
61.90424754849511
 30
0.0
  0
SEQEND
  5
1D9C
  8
DOCUMENT-LAYER
  0
POLYLINE
  5
1480
  8
DOCUMENT-LAYER
 66
     1
 10
0.0
 20
0.0
 30
0.0
 40
0.1
 41
0.1
  0
VERTEX
  5
1B76
  8
DOCUMENT-LAYER
 10
61.24976311952626
 20
56.23630241260484
 30
0.0
  0
VERTEX
  5
1B77
  8
DOCUMENT-LAYER
 10
61.24976311952626
 20
61.90424754849511
 30
0.0
  0
SEQEND
  5
1D9D
  8
DOCUMENT-LAYER
  0
POLYLINE
  5
1481
  8
DOCUMENT-LAYER
 66
     1
 10
0.0
 20
0.0
 30
0.0
 40
0.1
 41
0.1
  0
VERTEX
  5
1B78
  8
DOCUMENT-LAYER
 10
56.2784092968186
 20
59.36423738847479
 30
0.0
  0
VERTEX
  5
1B79
  8
DOCUMENT-LAYER
 10
57.01444688889379
 20
59.56145862291727
 30
0.0
  0
SEQEND
  5
1D9E
  8
DOCUMENT-LAYER
  0
POLYLINE
  5
1482
  8
DOCUMENT-LAYER
 66
     1
 10
0.0
 20
0.0
 30
0.0
 40
0.1
 41
0.1
  0
VERTEX
  5
1B7A
  8
DOCUMENT-LAYER
 10
56.2784092968186
 20
59.36423738847479
 30
0.0
  0
VERTEX
  5
1B7B
  8
DOCUMENT-LAYER
 10
57.01444688889379
 20
59.16701615403232
 30
0.0
  0
SEQEND
  5
1D9F
  8
DOCUMENT-LAYER
  0
POLYLINE
  5
1483
  8
DOCUMENT-LAYER
 66
     1
 10
0.0
 20
0.0
 30
0.0
 40
0.1
 41
0.1
  0
VERTEX
  5
1B7C
  8
DOCUMENT-LAYER
 10
61.24976311952626
 20
59.36423738847479
 30
0.0
  0
VERTEX
  5
1B7D
  8
DOCUMENT-LAYER
 10
60.51372298744598
 20
59.56145862291727
 30
0.0
  0
SEQEND
  5
1DA0
  8
DOCUMENT-LAYER
  0
POLYLINE
  5
1484
  8
DOCUMENT-LAYER
 66
     1
 10
0.0
 20
0.0
 30
0.0
 40
0.1
 41
0.1
  0
VERTEX
  5
1B7E
  8
DOCUMENT-LAYER
 10
61.24976311952626
 20
59.36423738847479
 30
0.0
  0
VERTEX
  5
1B7F
  8
DOCUMENT-LAYER
 10
60.51372298744598
 20
59.16701615403232
 30
0.0
  0
SEQEND
  5
1DA1
  8
DOCUMENT-LAYER
  0
POLYLINE
  5
1485
  8
DOCUMENT-LAYER
 66
     1
 10
0.0
 20
0.0
 30
0.0
 40
0.1
 41
0.1
  0
VERTEX
  5
1B80
  8
DOCUMENT-LAYER
 10
56.2784092968186
 20
59.36423738847479
 30
0.0
  0
VERTEX
  5
1B81
  8
DOCUMENT-LAYER
 10
61.24976311952626
 20
59.36423738847479
 30
0.0
  0
SEQEND
  5
1DA2
  8
DOCUMENT-LAYER
  0
POLYLINE
  5
1486
  8
DOCUMENT-LAYER
 66
     1
 10
0.0
 20
0.0
 30
0.0
 40
0.1
 41
0.1
  0
VERTEX
  5
1B82
  8
DOCUMENT-LAYER
 10
67.91019238038476
 20
69.10475046950094
 30
0.0
  0
VERTEX
  5
1B83
  8
DOCUMENT-LAYER
 10
67.91019238038476
 20
69.9251746503493
 30
0.0
  0
VERTEX
  5
1B84
  8
DOCUMENT-LAYER
 10
68.50709357418714
 20
69.47813121626244
 30
0.0
  0
VERTEX
  5
1B85
  8
DOCUMENT-LAYER
 10
68.50709357418714
 20
69.70165166330334
 30
0.0
  0
VERTEX
  5
1B86
  8
DOCUMENT-LAYER
 10
68.58075372150748
 20
69.85151196302394
 30
0.0
  0
VERTEX
  5
1B87
  8
DOCUMENT-LAYER
 10
68.65441386882776
 20
69.9251746503493
 30
0.0
  0
VERTEX
  5
1B88
  8
DOCUMENT-LAYER
 10
68.87793431586863
 20
69.99883479766962
 30
0.0
  0
VERTEX
  5
1B89
  8
DOCUMENT-LAYER
 10
69.02779715559433
 20
69.99883479766962
 30
0.0
  0
VERTEX
  5
1B8A
  8
DOCUMENT-LAYER
 10
69.25131760263523
 20
69.9251746503493
 30
0.0
  0
VERTEX
  5
1B8B
  8
DOCUMENT-LAYER
 10
69.40117790235581
 20
69.77531181062365
 30
0.0
  0
VERTEX
  5
1B8C
  8
DOCUMENT-LAYER
 10
69.47483804967612
 20
69.55179136358272
 30
0.0
  0
VERTEX
  5
1B8D
  8
DOCUMENT-LAYER
 10
69.47483804967612
 20
69.32827091654184
 30
0.0
  0
VERTEX
  5
1B8E
  8
DOCUMENT-LAYER
 10
69.40117790235581
 20
69.10475046950094
 30
0.0
  0
VERTEX
  5
1B8F
  8
DOCUMENT-LAYER
 10
69.3275177550355
 20
69.02855031710065
 30
0.0
  0
VERTEX
  5
1B90
  8
DOCUMENT-LAYER
 10
69.17765745531494
 20
68.95489016978036
 30
0.0
  0
SEQEND
  5
1DA3
  8
DOCUMENT-LAYER
  0
POLYLINE
  5
1487
  8
DOCUMENT-LAYER
 66
     1
 10
0.0
 20
0.0
 30
0.0
 40
0.1
 41
0.1
  0
VERTEX
  5
1B91
  8
DOCUMENT-LAYER
 10
68.13371282742568
 20
71.4060001520003
 30
0.0
  0
VERTEX
  5
1B92
  8
DOCUMENT-LAYER
 10
67.98385252770507
 20
71.32979999960001
 30
0.0
  0
VERTEX
  5
1B93
  8
DOCUMENT-LAYER
 10
67.91019238038476
 20
71.10627955255912
 30
0.0
  0
VERTEX
  5
1B94
  8
DOCUMENT-LAYER
 10
67.91019238038476
 20
70.95641671283344
 30
0.0
  0
VERTEX
  5
1B95
  8
DOCUMENT-LAYER
 10
67.98385252770507
 20
70.73289626579255
 30
0.0
  0
VERTEX
  5
1B96
  8
DOCUMENT-LAYER
 10
68.20737297474597
 20
70.58303596607195
 30
0.0
  0
VERTEX
  5
1B97
  8
DOCUMENT-LAYER
 10
68.58075372150748
 20
70.50937581875165
 30
0.0
  0
VERTEX
  5
1B98
  8
DOCUMENT-LAYER
 10
68.95413700827405
 20
70.50937581875165
 30
0.0
  0
SEQEND
  5
1DA4
  8
DOCUMENT-LAYER
  0
POLYLINE
  5
1488
  8
DOCUMENT-LAYER
 66
     1
 10
0.0
 20
0.0
 30
0.0
 70
     1
 40
0.1
 41
0.1
  0
VERTEX
  5
1B99
  8
DOCUMENT-LAYER
 10
68.95413700827405
 20
70.50937581875165
 30
0.0
  0
VERTEX
  5
1B9A
  8
DOCUMENT-LAYER
 10
68.73061402122804
 20
70.58303596607195
 30
0.0
  0
VERTEX
  5
1B9B
  8
DOCUMENT-LAYER
 10
68.58075372150748
 20
70.73289626579255
 30
0.0
  0
VERTEX
  5
1B9C
  8
DOCUMENT-LAYER
 10
68.50709357418714
 20
70.95641671283344
 30
0.0
  0
VERTEX
  5
1B9D
  8
DOCUMENT-LAYER
 10
68.50709357418714
 20
71.03261686523373
 30
0.0
  0
VERTEX
  5
1B9E
  8
DOCUMENT-LAYER
 10
68.58075372150748
 20
71.2561398522797
 30
0.0
  0
VERTEX
  5
1B9F
  8
DOCUMENT-LAYER
 10
68.73061402122804
 20
71.4060001520003
 30
0.0
  0
VERTEX
  5
1BA0
  8
DOCUMENT-LAYER
 10
68.95413700827405
 20
71.47966029932063
 30
0.0
  0
VERTEX
  5
1BA1
  8
DOCUMENT-LAYER
 10
69.02779715559433
 20
71.47966029932063
 30
0.0
  0
VERTEX
  5
1BA2
  8
DOCUMENT-LAYER
 10
69.25131760263523
 20
71.4060001520003
 30
0.0
  0
VERTEX
  5
1BA3
  8
DOCUMENT-LAYER
 10
69.40117790235581
 20
71.2561398522797
 30
0.0
  0
VERTEX
  5
1BA4
  8
DOCUMENT-LAYER
 10
69.47483804967612
 20
71.03261686523373
 30
0.0
  0
VERTEX
  5
1BA5
  8
DOCUMENT-LAYER
 10
69.47483804967612
 20
70.95641671283344
 30
0.0
  0
VERTEX
  5
1BA6
  8
DOCUMENT-LAYER
 10
69.40117790235581
 20
70.73289626579255
 30
0.0
  0
VERTEX
  5
1BA7
  8
DOCUMENT-LAYER
 10
69.25131760263523
 20
70.58303596607195
 30
0.0
  0
SEQEND
  5
1DA5
  8
DOCUMENT-LAYER
  0
POLYLINE
  5
1489
  8
DOCUMENT-LAYER
 66
     1
 10
0.0
 20
0.0
 30
0.0
 40
0.1
 41
0.1
  0
VERTEX
  5
1BA8
  8
DOCUMENT-LAYER
 10
68.43089342178686
 20
75.75957647915297
 30
0.0
  0
VERTEX
  5
1BA9
  8
DOCUMENT-LAYER
 10
69.47483804967612
 20
75.75957647915297
 30
0.0
  0
SEQEND
  5
1DA6
  8
DOCUMENT-LAYER
  0
POLYLINE
  5
1490
  8
DOCUMENT-LAYER
 66
     1
 10
0.0
 20
0.0
 30
0.0
 40
0.1
 41
0.1
  0
VERTEX
  5
1BAA
  8
DOCUMENT-LAYER
 10
68.73061402122804
 20
75.75957647915297
 30
0.0
  0
VERTEX
  5
1BAB
  8
DOCUMENT-LAYER
 10
68.50709357418714
 20
75.98309692619387
 30
0.0
  0
VERTEX
  5
1BAC
  8
DOCUMENT-LAYER
 10
68.43089342178686
 20
76.13295722591447
 30
0.0
  0
VERTEX
  5
1BAD
  8
DOCUMENT-LAYER
 10
68.43089342178686
 20
76.35648021296043
 30
0.0
  0
VERTEX
  5
1BAE
  8
DOCUMENT-LAYER
 10
68.50709357418714
 20
76.50634051268105
 30
0.0
  0
VERTEX
  5
1BAF
  8
DOCUMENT-LAYER
 10
68.73061402122804
 20
76.58000066000133
 30
0.0
  0
VERTEX
  5
1BB0
  8
DOCUMENT-LAYER
 10
69.47483804967612
 20
76.58000066000133
 30
0.0
  0
SEQEND
  5
1DA7
  8
DOCUMENT-LAYER
  0
POLYLINE
  5
1491
  8
DOCUMENT-LAYER
 66
     1
 10
0.0
 20
0.0
 30
0.0
 40
0.1
 41
0.1
  0
VERTEX
  5
1BB1
  8
DOCUMENT-LAYER
 10
68.73061402122804
 20
76.58000066000133
 30
0.0
  0
VERTEX
  5
1BB2
  8
DOCUMENT-LAYER
 10
68.50709357418714
 20
76.80352110704223
 30
0.0
  0
VERTEX
  5
1BB3
  8
DOCUMENT-LAYER
 10
68.43089342178686
 20
76.95338140676283
 30
0.0
  0
VERTEX
  5
1BB4
  8
DOCUMENT-LAYER
 10
68.43089342178686
 20
77.17690185380373
 30
0.0
  0
VERTEX
  5
1BB5
  8
DOCUMENT-LAYER
 10
68.50709357418714
 20
77.32676215352433
 30
0.0
  0
VERTEX
  5
1BB6
  8
DOCUMENT-LAYER
 10
68.73061402122804
 20
77.40042230084461
 30
0.0
  0
VERTEX
  5
1BB7
  8
DOCUMENT-LAYER
 10
69.47483804967612
 20
77.40042230084461
 30
0.0
  0
SEQEND
  5
1DA8
  8
DOCUMENT-LAYER
  0
POLYLINE
  5
1492
  8
DOCUMENT-LAYER
 66
     1
 10
0.0
 20
0.0
 30
0.0
 40
0.1
 41
0.1
  0
VERTEX
  5
1BB8
  8
DOCUMENT-LAYER
 10
68.43089342178686
 20
77.91096586193173
 30
0.0
  0
VERTEX
  5
1BB9
  8
DOCUMENT-LAYER
 10
69.47483804967612
 20
77.91096586193173
 30
0.0
  0
SEQEND
  5
1DA9
  8
DOCUMENT-LAYER
  0
POLYLINE
  5
1493
  8
DOCUMENT-LAYER
 66
     1
 10
0.0
 20
0.0
 30
0.0
 40
0.1
 41
0.1
  0
VERTEX
  5
1BBA
  8
DOCUMENT-LAYER
 10
68.73061402122804
 20
77.91096586193173
 30
0.0
  0
VERTEX
  5
1BBB
  8
DOCUMENT-LAYER
 10
68.50709357418714
 20
78.13448630897263
 30
0.0
  0
VERTEX
  5
1BBC
  8
DOCUMENT-LAYER
 10
68.43089342178686
 20
78.28434660869323
 30
0.0
  0
VERTEX
  5
1BBD
  8
DOCUMENT-LAYER
 10
68.43089342178686
 20
78.50786705573412
 30
0.0
  0
VERTEX
  5
1BBE
  8
DOCUMENT-LAYER
 10
68.50709357418714
 20
78.65772735545472
 30
0.0
  0
VERTEX
  5
1BBF
  8
DOCUMENT-LAYER
 10
68.73061402122804
 20
78.73139004278009
 30
0.0
  0
VERTEX
  5
1BC0
  8
DOCUMENT-LAYER
 10
69.47483804967612
 20
78.73139004278009
 30
0.0
  0
SEQEND
  5
1DAA
  8
DOCUMENT-LAYER
  0
POLYLINE
  5
1494
  8
DOCUMENT-LAYER
 66
     1
 10
0.0
 20
0.0
 30
0.0
 40
0.1
 41
0.1
  0
VERTEX
  5
1BC1
  8
DOCUMENT-LAYER
 10
68.73061402122804
 20
78.73139004278009
 30
0.0
  0
VERTEX
  5
1BC2
  8
DOCUMENT-LAYER
 10
68.50709357418714
 20
78.95491048982099
 30
0.0
  0
VERTEX
  5
1BC3
  8
DOCUMENT-LAYER
 10
68.43089342178686
 20
79.10477078954159
 30
0.0
  0
VERTEX
  5
1BC4
  8
DOCUMENT-LAYER
 10
68.43089342178686
 20
79.32829123658249
 30
0.0
  0
VERTEX
  5
1BC5
  8
DOCUMENT-LAYER
 10
68.50709357418714
 20
79.47815153630309
 30
0.0
  0
VERTEX
  5
1BC6
  8
DOCUMENT-LAYER
 10
68.73061402122804
 20
79.55181168362337
 30
0.0
  0
VERTEX
  5
1BC7
  8
DOCUMENT-LAYER
 10
69.47483804967612
 20
79.55181168362337
 30
0.0
  0
SEQEND
  5
1DAB
  8
DOCUMENT-LAYER
  0
POLYLINE
  5
1495
  8
DOCUMENT-LAYER
 66
     1
 10
0.0
 20
0.0
 30
0.0
 40
0.1
 41
0.1
  0
VERTEX
  5
1BC8
  8
DOCUMENT-LAYER
 10
61.21747965495931
 20
92.25347538695078
 30
0.0
  0
VERTEX
  5
1BC9
  8
DOCUMENT-LAYER
 10
72.61428940857883
 20
92.25347538695078
 30
0.0
  0
SEQEND
  5
1DAC
  8
DOCUMENT-LAYER
  0
POLYLINE
  5
1496
  8
DOCUMENT-LAYER
 66
     1
 10
0.0
 20
0.0
 30
0.0
 40
0.1
 41
0.1
  0
VERTEX
  5
1BCA
  8
DOCUMENT-LAYER
 10
61.20024572049143
 20
56.25322646645293
 30
0.0
  0
VERTEX
  5
1BCB
  8
DOCUMENT-LAYER
 10
72.61428940857883
 20
56.25322646645293
 30
0.0
  0
SEQEND
  5
1DAD
  8
DOCUMENT-LAYER
  0
POLYLINE
  5
1497
  8
DOCUMENT-LAYER
 66
     1
 10
0.0
 20
0.0
 30
0.0
 40
0.1
 41
0.1
  0
VERTEX
  5
1BCC
  8
DOCUMENT-LAYER
 10
70.0742792485585
 20
92.25347538695078
 30
0.0
  0
VERTEX
  5
1BCD
  8
DOCUMENT-LAYER
 10
70.27150048300095
 20
91.51743779487559
 30
0.0
  0
SEQEND
  5
1DAE
  8
DOCUMENT-LAYER
  0
POLYLINE
  5
1498
  8
DOCUMENT-LAYER
 66
     1
 10
0.0
 20
0.0
 30
0.0
 40
0.1
 41
0.1
  0
VERTEX
  5
1BCE
  8
DOCUMENT-LAYER
 10
70.0742792485585
 20
92.25347538695078
 30
0.0
  0
VERTEX
  5
1BCF
  8
DOCUMENT-LAYER
 10
69.87706055412113
 20
91.51743779487559
 30
0.0
  0
SEQEND
  5
1DAF
  8
DOCUMENT-LAYER
  0
POLYLINE
  5
1499
  8
DOCUMENT-LAYER
 66
     1
 10
0.0
 20
0.0
 30
0.0
 40
0.1
 41
0.1
  0
VERTEX
  5
1BD0
  8
DOCUMENT-LAYER
 10
70.0742792485585
 20
56.25322646645293
 30
0.0
  0
VERTEX
  5
1BD1
  8
DOCUMENT-LAYER
 10
70.27150048300095
 20
56.98926405852812
 30
0.0
  0
SEQEND
  5
1DB0
  8
DOCUMENT-LAYER
  0
POLYLINE
  5
1500
  8
DOCUMENT-LAYER
 66
     1
 10
0.0
 20
0.0
 30
0.0
 40
0.1
 41
0.1
  0
VERTEX
  5
1BD2
  8
DOCUMENT-LAYER
 10
70.0742792485585
 20
56.25322646645293
 30
0.0
  0
VERTEX
  5
1BD3
  8
DOCUMENT-LAYER
 10
69.87706055412113
 20
56.98926405852812
 30
0.0
  0
SEQEND
  5
1DB1
  8
DOCUMENT-LAYER
  0
POLYLINE
  5
1501
  8
DOCUMENT-LAYER
 66
     1
 10
0.0
 20
0.0
 30
0.0
 40
0.1
 41
0.1
  0
VERTEX
  5
1BD4
  8
DOCUMENT-LAYER
 10
70.0742792485585
 20
92.25347538695078
 30
0.0
  0
VERTEX
  5
1BD5
  8
DOCUMENT-LAYER
 10
70.0742792485585
 20
79.6280118360237
 30
0.0
  0
SEQEND
  5
1DB2
  8
DOCUMENT-LAYER
  0
POLYLINE
  5
1502
  8
DOCUMENT-LAYER
 66
     1
 10
0.0
 20
0.0
 30
0.0
 40
0.1
 41
0.1
  0
VERTEX
  5
1BD6
  8
DOCUMENT-LAYER
 10
70.0742792485585
 20
68.87869001738004
 30
0.0
  0
VERTEX
  5
1BD7
  8
DOCUMENT-LAYER
 10
70.0742792485585
 20
56.25322646645293
 30
0.0
  0
SEQEND
  5
1DB3
  8
DOCUMENT-LAYER
  0
ENDSEC
  0
EOF
