  0
SECTION
  2
HEADER
  9
$ACADVER
  1
AC1009
  9
$DWGCODEPAGE
  3
ansi_936
  9
$INSBASE
 10
0.0
 20
0.0
 30
0.0
  9
$EXTMIN
 10
-11.91519599133265
 20
-8.619300990601984
 30
0.0
  9
$EXTMAX
 10
182.9285847091695
 20
144.3007624727937
 30
0.0
  9
$LIMMIN
 10
0.0
 20
0.0
  9
$LIMMAX
 10
12.0
 20
9.0
  9
$ORTHOMODE
 70
     0
  9
$REGENMODE
 70
     1
  9
$FILLMODE
 70
     1
  9
$QTEXTMODE
 70
     0
  9
$MIRRTEXT
 70
     0
  9
$DRAGMODE
 70
     2
  9
$LTSCALE
 40
1.0
  9
$OSMODE
 70
  4133
  9
$ATTMODE
 70
     1
  9
$TEXTSIZE
 40
0.2
  9
$TRACEWID
 40
0.05
  9
$TEXTSTYLE
  7
STANDARD
  9
$CLAYER
  8
0
  9
$CELTYPE
  6
BYLAYER
  9
$CECOLOR
 62
   256
  9
$DIMSCALE
 40
1.0
  9
$DIMASZ
 40
0.18
  9
$DIMEXO
 40
0.0625
  9
$DIMDLI
 40
0.38
  9
$DIMRND
 40
0.0
  9
$DIMDLE
 40
0.0
  9
$DIMEXE
 40
0.18
  9
$DIMTP
 40
0.0
  9
$DIMTM
 40
0.0
  9
$DIMTXT
 40
0.18
  9
$DIMCEN
 40
0.09
  9
$DIMTSZ
 40
0.0
  9
$DIMTOL
 70
     0
  9
$DIMLIM
 70
     0
  9
$DIMTIH
 70
     1
  9
$DIMTOH
 70
     1
  9
$DIMSE1
 70
     0
  9
$DIMSE2
 70
     0
  9
$DIMTAD
 70
     0
  9
$DIMZIN
 70
     0
  9
$DIMTOFFSET
 70
     1
  9
$DIMBLK
  1

  9
$DIMASO
 70
     1
  9
$DIMSHO
 70
     1
  9
$DIMPOST
  1

  9
$DIMAPOST
  1

  9
$DIMALT
 70
     0
  9
$DIMALTD
 70
     2
  9
$DIMALTF
 40
25.4
  9
$DIMLFAC
 40
1.0
  9
$DIMTOFL
 70
     0
  9
$DIMTVP
 40
0.0
  9
$DIMTIX
 70
     0
  9
$DIMSOXD
 70
     0
  9
$DIMSAH
 70
     0
  9
$DIMBLK1
  1

  9
$DIMBLK2
  1

  9
$DIMSTYLE
  2
STANDARD
  9
$DIMCLRD
 70
     0
  9
$DIMCLRE
 70
     0
  9
$DIMCLRT
 70
     0
  9
$DIMTFAC
 40
1.0
  9
$DIMGAP
 40
0.09
  9
$LUNITS
 70
     2
  9
$LUPREC
 70
     4
  9
$SKETCHINC
 40
0.1
  9
$FILLETRAD
 40
0.0
  9
$AUNITS
 70
     0
  9
$AUPREC
 70
     0
  9
$MENU
  1
.
  9
$ELEVATION
 40
0.0
  9
$PELEVATION
 40
0.0
  9
$THICKNESS
 40
0.0
  9
$LIMCHECK
 70
     0
  9
$CHAMFERA
 40
0.0
  9
$CHAMFERB
 40
0.0
  9
$SKPOLY
 70
     0
  9
$TDCREATE
 40
2460560.605914352
  9
$TDUPDATE
 40
2461185.704880394
  9
$TDINDWG
 40
0.024124456
  9
$TDUSRTIMER
 40
0.0241243981
  9
$USRTIMER
 70
     1
  9
$ANGBASE
 50
0.0
  9
$ANGDIR
 70
     0
  9
$PDMODE
 70
     0
  9
$PDSIZE
 40
0.0
  9
$PLINEWID
 40
0.0
  9
$COORDS
 70
     1
  9
$SPLFRAME
 70
     0
  9
$SPLINETYPE
 70
     6
  9
$SPLINESEGS
 70
     8
  9
$ATTDIA
 70
     1
  9
$ATTREQ
 70
     1
  9
$HANDLING
 70
     1
  9
$HANDSEED
  5
2C27
  9
$SURFTAB1
 70
     6
  9
$SURFTAB2
 70
     6
  9
$SURFTYPE
 70
     6
  9
$SURFU
 70
     6
  9
$SURFV
 70
     6
  9
$UCSNAME
  2

  9
$UCSORG
 10
0.0
 20
0.0
 30
0.0
  9
$UCSXDIR
 10
1.0
 20
0.0
 30
0.0
  9
$UCSYDIR
 10
0.0
 20
1.0
 30
0.0
  9
$PUCSNAME
  2

  9
$PUCSORG
 10
0.0
 20
0.0
 30
0.0
  9
$PUCSXDIR
 10
1.0
 20
0.0
 30
0.0
  9
$PUCSYDIR
 10
0.0
 20
1.0
 30
0.0
  9
$USERI1
 70
     0
  9
$USERI2
 70
     0
  9
$USERI3
 70
     0
  9
$USERI4
 70
     0
  9
$USERI5
 70
     0
  9
$USERR1
 40
0.0
  9
$USERR2
 40
0.0
  9
$USERR3
 40
0.0
  9
$USERR4
 40
0.0
  9
$USERR5
 40
0.0
  9
$WORLDVIEW
 70
     1
  9
$SHADEDGE
 70
     3
  9
$SHADEDIF
 70
    70
  9
$TILEMODE
 70
     1
  9
$MAXACTVP
 70
    64
  9
$PLIMCHECK
 70
     0
  9
$PEXTMIN
 10
0.0
 20
0.0
 30
0.0
  9
$PEXTMAX
 10
0.0
 20
0.0
 30
0.0
  9
$PLIMMIN
 10
0.0
 20
0.0
  9
$PLIMMAX
 10
12.0
 20
9.0
  9
$UNITMODE
 70
     0
  9
$VISRETAIN
 70
     1
  9
$PLINEGEN
 70
     0
  9
$PSLTSCALE
 70
     1
  0
ENDSEC
  0
SECTION
  2
TABLES
  0
TABLE
  2
VPORT
 70
     1
  0
VPORT
  2
*ACTIVE
 70
     0
 10
0.0
 20
0.0
 11
1.0
 21
1.0
 12
97.5486911906951
 22
42.51345460271504
 13
0.0
 23
0.0
 14
0.5
 24
0.5
 15
0.5
 25
0.5
 16
0.0
 26
0.0
 36
1.0
 17
0.0
 27
0.0
 37
0.0
 40
78.45799938217576
 41
2.260869565217391
 42
50.0
 43
0.0
 44
0.0
 50
0.0
 51
0.0
 71
     0
 72
  1000
 73
     1
 74
     3
 75
     0
 76
     1
 77
     0
 78
     0
  0
ENDTAB
  0
TABLE
  2
LTYPE
 70
     3
  0
LTYPE
  2
CONTINUOUS
 70
     0
  3
Solid line
 72
    65
 73
     0
 40
0.0
  0
LTYPE
  2
DASHED
 70
     0
  3
Dashed __ __ __ __ __ __ __ __ __ __ __ __ __ _
 72
    65
 73
     2
 40
19.05
 49
12.7
 49
-6.35
  0
LTYPE
  2
PHANTOM2
 70
     0
  3
Phantom (.5x) ___ _ _ ___ _ _ ___ _ _ ___ _ _ _
 72
    65
 73
     6
 40
31.75
 49
15.875
 49
-3.175
 49
3.175
 49
-3.175
 49
3.175
 49
-3.175
  0
ENDTAB
  0
TABLE
  2
LAYER
 70
     5
  0
LAYER
  2
TOP-ASSEMBLY-LAYER
 70
     0
 62
   113
  6
CONTINUOUS
  0
LAYER
  2
BOARD-OUTLINE-LAYER
 70
     0
 62
     6
  6
CONTINUOUS
  0
LAYER
  2
DOCUMENT-LAYER
 70
     0
 62
     7
  6
CONTINUOUS
  0
LAYER
  2
0
 70
     0
 62
     7
  6
CONTINUOUS
  0
LAYER
  2
GSTARFASTVIEW4_2-ABCDEFGHI
 70
     0
 62
     7
  6
CONTINUOUS
  0
ENDTAB
  0
TABLE
  2
STYLE
 70
     3
  0
STYLE
  2
STANDARD
 70
     0
 40
0.0
 41
1.0
 50
0.0
 71
     0
 42
0.2
  3
arial.ttf
  4

  0
STYLE
  2
ANNOTATIVE
 70
     0
 40
0.0
 41
1.0
 50
0.0
 71
     0
 42
0.2
  3
arial.ttf
  4

  0
STYLE
  2
GSTARFASTVIEW4_2-ABCDEFGHI
 70
     0
 40
0.0
 41
1.0
 50
0.0
 71
     0
 42
0.2
  3
ARIALUNI.TTF
  4

  0
ENDTAB
  0
TABLE
  2
VIEW
 70
     0
  0
ENDTAB
  0
TABLE
  2
UCS
 70
     0
  0
ENDTAB
  0
TABLE
  2
APPID
 70
     7
  0
APPID
  2
ACAD
 70
     0
  0
APPID
  2
ACADANNOPO
 70
     0
  0
APPID
  2
ACADANNOTATIVE
 70
     0
  0
APPID
  2
ACAD_DSTYLE_DIMJAG
 70
     0
  0
APPID
  2
ACAD_DSTYLE_DIMTALN
 70
     0
  0
APPID
  2
ACAD_MLEADERVER
 70
     0
  0
APPID
  2
ACAD_NAV_VCDISPLAY
 70
     0
  0
ENDTAB
  0
TABLE
  2
DIMSTYLE
 70
     2
  0
DIMSTYLE
  2
STANDARD
 70
     0
  3

  4

  5

  6

  7

 40
1.0
 41
0.18
 42
0.0625
 43
0.38
 44
0.18
 45
0.0
 46
0.0
 47
0.0
 48
0.0
140
0.18
141
0.09
142
0.0
143
25.4
144
1.0
145
0.0
146
1.0
147
0.09
 71
     0
 72
     0
 73
     1
 74
     1
 75
     0
 76
     0
 77
     0
 78
     0
170
     0
171
     2
172
     0
173
     0
174
     0
175
     0
176
     0
177
     0
178
     0
  0
DIMSTYLE
  2
ANNOTATIVE
 70
     0
  3

  4

  5

  6

  7

 40
0.0
 41
0.18
 42
0.0625
 43
0.38
 44
0.18
 45
0.0
 46
0.0
 47
0.0
 48
0.0
140
0.18
141
0.09
142
0.0
143
25.4
144
1.0
145
0.0
146
1.0
147
0.09
 71
     0
 72
     0
 73
     1
 74
     1
 75
     0
 76
     0
 77
     0
 78
     0
170
     0
171
     2
172
     0
173
     0
174
     0
175
     0
176
     0
177
     0
178
     0
  0
ENDTAB
  0
ENDSEC
  0
SECTION
  2
BLOCKS
  0
BLOCK
  8
0
  2
$MODEL_SPACE
 70
     0
 10
0.0
 20
0.0
 30
0.0
  3
$MODEL_SPACE
  1

  0
ENDBLK
  5
21
  8
0
  0
BLOCK
 67
     1
  8
0
  2
$PAPER_SPACE
 70
     0
 10
0.0
 20
0.0
 30
0.0
  3
$PAPER_SPACE
  1

  0
ENDBLK
  5
76
 67
     1
  8
0
  0
ENDSEC
  0
SECTION
  2
ENTITIES
  0
POLYLINE
  5
1027
  8
TOP-ASSEMBLY-LAYER
 66
     1
 10
0.0
 20
0.0
 30
0.0
 40
0.1
 41
0.1
  0
VERTEX
  5
207D
  8
TOP-ASSEMBLY-LAYER
 10
3.425006858013721
 20
95.00018999653375
 30
0.0
 42
1.0
  0
VERTEX
  5
207E
  8
TOP-ASSEMBLY-LAYER
 10
6.575012954025913
 20
95.00018999099338
 30
0.0
  0
VERTEX
  5
207F
  8
TOP-ASSEMBLY-LAYER
 10
6.575012954025913
 20
95.00018998822624
 30
0.0
 42
1.0
  0
VERTEX
  5
2080
  8
TOP-ASSEMBLY-LAYER
 10
3.425006858013721
 20
95.0001899937666
 30
0.0
  0
SEQEND
  5
2849
  8
TOP-ASSEMBLY-LAYER
  0
POLYLINE
  5
1028
  8
TOP-ASSEMBLY-LAYER
 66
     1
 10
0.0
 20
0.0
 30
0.0
 40
0.1
 41
0.1
  0
VERTEX
  5
2081
  8
TOP-ASSEMBLY-LAYER
 10
162.6253253746508
 20
95.00018999290016
 30
0.0
 42
1.0
  0
VERTEX
  5
2082
  8
TOP-ASSEMBLY-LAYER
 10
165.775331470663
 20
95.00018999290016
 30
0.0
  0
VERTEX
  5
2083
  8
TOP-ASSEMBLY-LAYER
 10
165.775331470663
 20
95.00018999185983
 30
0.0
 42
1.0
  0
VERTEX
  5
2084
  8
TOP-ASSEMBLY-LAYER
 10
162.6253253746508
 20
95.00018999185983
 30
0.0
  0
SEQEND
  5
284A
  8
TOP-ASSEMBLY-LAYER
  0
POLYLINE
  5
1029
  8
TOP-ASSEMBLY-LAYER
 66
     1
 10
0.0
 20
0.0
 30
0.0
 40
0.1
 41
0.1
  0
VERTEX
  5
2085
  8
TOP-ASSEMBLY-LAYER
 10
162.6253253746508
 20
46.00009194870406
 30
0.0
 42
1.0
  0
VERTEX
  5
2086
  8
TOP-ASSEMBLY-LAYER
 10
165.775331470663
 20
46.00009194870406
 30
0.0
  0
VERTEX
  5
2087
  8
TOP-ASSEMBLY-LAYER
 10
165.775331470663
 20
46.00009194766373
 30
0.0
 42
1.0
  0
VERTEX
  5
2088
  8
TOP-ASSEMBLY-LAYER
 10
162.6253253746508
 20
46.00009194766373
 30
0.0
  0
SEQEND
  5
284B
  8
TOP-ASSEMBLY-LAYER
  0
POLYLINE
  5
1030
  8
TOP-ASSEMBLY-LAYER
 66
     1
 10
0.0
 20
0.0
 30
0.0
 40
0.1
 41
0.1
  0
VERTEX
  5
2089
  8
TOP-ASSEMBLY-LAYER
 10
3.425006858013721
 20
5.000009910173572
 30
0.0
 42
1.0
  0
VERTEX
  5
208A
  8
TOP-ASSEMBLY-LAYER
 10
6.575012954025913
 20
5.000009904633202
 30
0.0
  0
VERTEX
  5
208B
  8
TOP-ASSEMBLY-LAYER
 10
6.575012954025913
 20
5.000009901866063
 30
0.0
 42
1.0
  0
VERTEX
  5
208C
  8
TOP-ASSEMBLY-LAYER
 10
3.425006858013721
 20
5.000009907406431
 30
0.0
  0
SEQEND
  5
284C
  8
TOP-ASSEMBLY-LAYER
  0
POLYLINE
  5
1031
  8
TOP-ASSEMBLY-LAYER
 66
     1
 10
0.0
 20
0.0
 30
0.0
 40
0.1
 41
0.1
  0
VERTEX
  5
208D
  8
TOP-ASSEMBLY-LAYER
 10
104.6252092964186
 20
5.000009906539985
 30
0.0
 42
1.0
  0
VERTEX
  5
208E
  8
TOP-ASSEMBLY-LAYER
 10
107.7752153924308
 20
5.000009906539984
 30
0.0
  0
VERTEX
  5
208F
  8
TOP-ASSEMBLY-LAYER
 10
107.7752153924308
 20
5.00000990549965
 30
0.0
 42
1.0
  0
VERTEX
  5
2090
  8
TOP-ASSEMBLY-LAYER
 10
104.6252092964186
 20
5.00000990549965
 30
0.0
  0
SEQEND
  5
284D
  8
TOP-ASSEMBLY-LAYER
  0
POLYLINE
  5
1032
  8
TOP-ASSEMBLY-LAYER
 66
     1
 10
0.0
 20
0.0
 30
0.0
 70
     1
 40
0.1
 41
0.1
  0
VERTEX
  5
2091
  8
TOP-ASSEMBLY-LAYER
 10
30.34209474218949
 20
92.4505455930912
 30
0.0
 42
-1.0
  0
VERTEX
  5
2092
  8
TOP-ASSEMBLY-LAYER
 10
32.94205943611887
 20
92.4505455930912
 30
0.0
 42
-1.0
  0
SEQEND
  5
284E
  8
TOP-ASSEMBLY-LAYER
  0
POLYLINE
  5
1033
  8
TOP-ASSEMBLY-LAYER
 66
     1
 10
0.0
 20
0.0
 30
0.0
 70
     1
 40
0.1
 41
0.1
  0
VERTEX
  5
2093
  8
TOP-ASSEMBLY-LAYER
 10
25.10203352806707
 20
92.4505455930912
 30
0.0
 42
-1.0
  0
VERTEX
  5
2094
  8
TOP-ASSEMBLY-LAYER
 10
27.70199796799595
 20
92.4505455930912
 30
0.0
 42
-1.0
  0
SEQEND
  5
284F
  8
TOP-ASSEMBLY-LAYER
  0
POLYLINE
  5
1034
  8
TOP-ASSEMBLY-LAYER
 66
     1
 10
0.0
 20
0.0
 30
0.0
 70
     1
 40
0.1
 41
0.1
  0
VERTEX
  5
2095
  8
TOP-ASSEMBLY-LAYER
 10
15.10197282194565
 20
92.4505455930912
 30
0.0
 42
-1.0
  0
VERTEX
  5
2096
  8
TOP-ASSEMBLY-LAYER
 10
17.70193751587504
 20
92.4505455930912
 30
0.0
 42
-1.0
  0
SEQEND
  5
2850
  8
TOP-ASSEMBLY-LAYER
  0
POLYLINE
  5
1035
  8
TOP-ASSEMBLY-LAYER
 66
     1
 10
0.0
 20
0.0
 30
0.0
 70
     1
 40
0.1
 41
0.1
  0
VERTEX
  5
2097
  8
TOP-ASSEMBLY-LAYER
 10
40.34215544831091
 20
92.4505455930912
 30
0.0
 42
-1.0
  0
VERTEX
  5
2098
  8
TOP-ASSEMBLY-LAYER
 10
42.94211988823979
 20
92.4505455930912
 30
0.0
 42
-1.0
  0
SEQEND
  5
2851
  8
TOP-ASSEMBLY-LAYER
  0
POLYLINE
  5
1036
  8
TOP-ASSEMBLY-LAYER
 66
     1
 10
0.0
 20
0.0
 30
0.0
 70
     1
 40
0.1
 41
0.1
  0
VERTEX
  5
2099
  8
TOP-ASSEMBLY-LAYER
 10
55.78627838455677
 20
92.44954229108458
 30
0.0
 42
-1.0
  0
VERTEX
  5
209A
  8
TOP-ASSEMBLY-LAYER
 10
58.38624282448566
 20
92.44954229108458
 30
0.0
 42
-1.0
  0
SEQEND
  5
2852
  8
TOP-ASSEMBLY-LAYER
  0
POLYLINE
  5
1037
  8
TOP-ASSEMBLY-LAYER
 66
     1
 10
0.0
 20
0.0
 30
0.0
 70
     1
 40
0.1
 41
0.1
  0
VERTEX
  5
209B
  8
TOP-ASSEMBLY-LAYER
 10
45.78621513843029
 20
92.44954229108458
 30
0.0
 42
-1.0
  0
VERTEX
  5
209C
  8
TOP-ASSEMBLY-LAYER
 10
48.38617957835915
 20
92.44954229108458
 30
0.0
 42
-1.0
  0
SEQEND
  5
2853
  8
TOP-ASSEMBLY-LAYER
  0
POLYLINE
  5
1038
  8
TOP-ASSEMBLY-LAYER
 66
     1
 10
0.0
 20
0.0
 30
0.0
 70
     1
 40
0.1
 41
0.1
  0
VERTEX
  5
209D
  8
TOP-ASSEMBLY-LAYER
 10
67.61295173990348
 20
97.83817627635256
 30
0.0
 42
-1.0
  0
VERTEX
  5
209E
  8
TOP-ASSEMBLY-LAYER
 10
68.61296901193802
 20
97.83817627635256
 30
0.0
 42
-1.0
  0
SEQEND
  5
2854
  8
TOP-ASSEMBLY-LAYER
  0
POLYLINE
  5
1039
  8
TOP-ASSEMBLY-LAYER
 66
     1
 10
0.0
 20
0.0
 30
0.0
 70
     1
 40
0.1
 41
0.1
  0
VERTEX
  5
209F
  8
TOP-ASSEMBLY-LAYER
 10
65.61294005588014
 20
97.83817627635256
 30
0.0
 42
-1.0
  0
VERTEX
  5
20A0
  8
TOP-ASSEMBLY-LAYER
 10
66.61295224790453
 20
97.83817627635256
 30
0.0
 42
-1.0
  0
SEQEND
  5
2855
  8
TOP-ASSEMBLY-LAYER
  0
POLYLINE
  5
1040
  8
TOP-ASSEMBLY-LAYER
 66
     1
 10
0.0
 20
0.0
 30
0.0
 70
     1
 40
0.1
 41
0.1
  0
VERTEX
  5
20A1
  8
TOP-ASSEMBLY-LAYER
 10
69.61294030988063
 20
97.83825247650496
 30
0.0
 42
-1.0
  0
VERTEX
  5
20A2
  8
TOP-ASSEMBLY-LAYER
 10
70.61295250190501
 20
97.83825247650496
 30
0.0
 42
-1.0
  0
SEQEND
  5
2856
  8
TOP-ASSEMBLY-LAYER
  0
POLYLINE
  5
1041
  8
TOP-ASSEMBLY-LAYER
 66
     1
 10
0.0
 20
0.0
 30
0.0
 70
     1
 40
0.1
 41
0.1
  0
VERTEX
  5
20A3
  8
TOP-ASSEMBLY-LAYER
 10
80.87175641351284
 20
97.84117348234697
 30
0.0
 42
-1.0
  0
VERTEX
  5
20A4
  8
TOP-ASSEMBLY-LAYER
 10
81.87176860553723
 20
97.84117348234697
 30
0.0
 42
-1.0
  0
SEQEND
  5
2857
  8
TOP-ASSEMBLY-LAYER
  0
POLYLINE
  5
1042
  8
TOP-ASSEMBLY-LAYER
 66
     1
 10
0.0
 20
0.0
 30
0.0
 70
     1
 40
0.1
 41
0.1
  0
VERTEX
  5
20A5
  8
TOP-ASSEMBLY-LAYER
 10
82.87177317754636
 20
97.84117348234697
 30
0.0
 42
-1.0
  0
VERTEX
  5
20A6
  8
TOP-ASSEMBLY-LAYER
 10
83.87178282956567
 20
97.84117348234697
 30
0.0
 42
-1.0
  0
SEQEND
  5
2858
  8
TOP-ASSEMBLY-LAYER
  0
POLYLINE
  5
1043
  8
TOP-ASSEMBLY-LAYER
 66
     1
 10
0.0
 20
0.0
 30
0.0
 70
     1
 40
0.1
 41
0.1
  0
VERTEX
  5
20A7
  8
TOP-ASSEMBLY-LAYER
 10
100.414429514859
 20
88.08458572517146
 30
0.0
 42
-1.0
  0
VERTEX
  5
20A8
  8
TOP-ASSEMBLY-LAYER
 10
101.3144668529337
 20
88.08458572517146
 30
0.0
 42
-1.0
  0
SEQEND
  5
2859
  8
TOP-ASSEMBLY-LAYER
  0
POLYLINE
  5
1044
  8
TOP-ASSEMBLY-LAYER
 66
     1
 10
0.0
 20
0.0
 30
0.0
 70
     1
 40
0.1
 41
0.1
  0
VERTEX
  5
20A9
  8
TOP-ASSEMBLY-LAYER
 10
111.8445184150368
 20
88.08458572517146
 30
0.0
 42
-1.0
  0
VERTEX
  5
20AA
  8
TOP-ASSEMBLY-LAYER
 10
112.7445557531115
 20
88.08458572517146
 30
0.0
 42
-1.0
  0
SEQEND
  5
285A
  8
TOP-ASSEMBLY-LAYER
  0
POLYLINE
  5
1045
  8
TOP-ASSEMBLY-LAYER
 66
     1
 10
0.0
 20
0.0
 30
0.0
 70
     1
 40
0.1
 41
0.1
  0
VERTEX
  5
20AB
  8
TOP-ASSEMBLY-LAYER
 10
98.12439700279401
 20
88.08458572517146
 30
0.0
 42
-1.0
  0
VERTEX
  5
20AC
  8
TOP-ASSEMBLY-LAYER
 10
99.0244343408687
 20
88.08458572517146
 30
0.0
 42
-1.0
  0
SEQEND
  5
285B
  8
TOP-ASSEMBLY-LAYER
  0
POLYLINE
  5
1046
  8
TOP-ASSEMBLY-LAYER
 66
     1
 10
0.0
 20
0.0
 30
0.0
 70
     1
 40
0.1
 41
0.1
  0
VERTEX
  5
20AD
  8
TOP-ASSEMBLY-LAYER
 10
109.554490982982
 20
88.08458572517146
 30
0.0
 42
-1.0
  0
VERTEX
  5
20AE
  8
TOP-ASSEMBLY-LAYER
 10
110.4545181610363
 20
88.08458572517146
 30
0.0
 42
-1.0
  0
SEQEND
  5
285C
  8
TOP-ASSEMBLY-LAYER
  0
POLYLINE
  5
1047
  8
TOP-ASSEMBLY-LAYER
 66
     1
 10
0.0
 20
0.0
 30
0.0
 70
     1
 40
0.1
 41
0.1
  0
VERTEX
  5
20AF
  8
TOP-ASSEMBLY-LAYER
 10
96.35438582677165
 20
93.65465252730506
 30
0.0
 42
-1.0
  0
VERTEX
  5
20B0
  8
TOP-ASSEMBLY-LAYER
 10
98.25442519685039
 20
93.65465252730506
 30
0.0
 42
-1.0
  0
SEQEND
  5
285D
  8
TOP-ASSEMBLY-LAYER
  0
POLYLINE
  5
1048
  8
TOP-ASSEMBLY-LAYER
 66
     1
 10
0.0
 20
0.0
 30
0.0
 70
     1
 40
0.1
 41
0.1
  0
VERTEX
  5
20B1
  8
TOP-ASSEMBLY-LAYER
 10
112.6145300990602
 20
93.65465252730506
 30
0.0
 42
-1.0
  0
VERTEX
  5
20B2
  8
TOP-ASSEMBLY-LAYER
 10
114.514569469139
 20
93.65465252730506
 30
0.0
 42
-1.0
  0
SEQEND
  5
285E
  8
TOP-ASSEMBLY-LAYER
  0
POLYLINE
  5
1049
  8
TOP-ASSEMBLY-LAYER
 66
     1
 10
0.0
 20
0.0
 30
0.0
 70
     1
 40
0.1
 41
0.1
  0
VERTEX
  5
20B3
  8
TOP-ASSEMBLY-LAYER
 10
84.87176200152402
 20
97.84124968249938
 30
0.0
 42
-1.0
  0
VERTEX
  5
20B4
  8
TOP-ASSEMBLY-LAYER
 10
85.87176631953264
 20
97.84124968249938
 30
0.0
 42
-1.0
  0
SEQEND
  5
285F
  8
TOP-ASSEMBLY-LAYER
  0
POLYLINE
  5
1050
  8
TOP-ASSEMBLY-LAYER
 66
     1
 10
0.0
 20
0.0
 30
0.0
 70
     1
 40
0.1
 41
0.1
  0
VERTEX
  5
20B5
  8
TOP-ASSEMBLY-LAYER
 10
102.4344310388621
 20
92.89462052324107
 30
0.0
 42
-1.0
  0
VERTEX
  5
20B6
  8
TOP-ASSEMBLY-LAYER
 10
103.3344683769368
 20
92.89462052324107
 30
0.0
 42
-1.0
  0
SEQEND
  5
2860
  8
TOP-ASSEMBLY-LAYER
  0
POLYLINE
  5
1051
  8
TOP-ASSEMBLY-LAYER
 66
     1
 10
0.0
 20
0.0
 30
0.0
 70
     1
 40
0.1
 41
0.1
  0
VERTEX
  5
20B7
  8
TOP-ASSEMBLY-LAYER
 10
104.4744503429007
 20
92.89462052324107
 30
0.0
 42
-1.0
  0
VERTEX
  5
20B8
  8
TOP-ASSEMBLY-LAYER
 10
105.3744876809754
 20
92.89462052324107
 30
0.0
 42
-1.0
  0
SEQEND
  5
2861
  8
TOP-ASSEMBLY-LAYER
  0
POLYLINE
  5
1052
  8
TOP-ASSEMBLY-LAYER
 66
     1
 10
0.0
 20
0.0
 30
0.0
 70
     1
 40
0.1
 41
0.1
  0
VERTEX
  5
20B9
  8
TOP-ASSEMBLY-LAYER
 10
107.5344869189738
 20
94.67464947929896
 30
0.0
 42
-1.0
  0
VERTEX
  5
20BA
  8
TOP-ASSEMBLY-LAYER
 10
108.4345217170434
 20
94.67464947929896
 30
0.0
 42
-1.0
  0
SEQEND
  5
2862
  8
TOP-ASSEMBLY-LAYER
  0
POLYLINE
  5
1053
  8
TOP-ASSEMBLY-LAYER
 66
     1
 10
0.0
 20
0.0
 30
0.0
 70
     1
 40
0.1
 41
0.1
  0
VERTEX
  5
20BB
  8
TOP-ASSEMBLY-LAYER
 10
101.4144366268733
 20
94.67464947929896
 30
0.0
 42
-1.0
  0
VERTEX
  5
20BC
  8
TOP-ASSEMBLY-LAYER
 10
102.3144714249429
 20
94.67464947929896
 30
0.0
 42
-1.0
  0
SEQEND
  5
2863
  8
TOP-ASSEMBLY-LAYER
  0
POLYLINE
  5
1054
  8
TOP-ASSEMBLY-LAYER
 66
     1
 10
0.0
 20
0.0
 30
0.0
 70
     1
 40
0.1
 41
0.1
  0
VERTEX
  5
20BD
  8
TOP-ASSEMBLY-LAYER
 10
103.4544508509017
 20
94.67464947929896
 30
0.0
 42
-1.0
  0
VERTEX
  5
20BE
  8
TOP-ASSEMBLY-LAYER
 10
104.3544856489713
 20
94.67464947929896
 30
0.0
 42
-1.0
  0
SEQEND
  5
2864
  8
TOP-ASSEMBLY-LAYER
  0
POLYLINE
  5
1055
  8
TOP-ASSEMBLY-LAYER
 66
     1
 10
0.0
 20
0.0
 30
0.0
 70
     1
 40
0.1
 41
0.1
  0
VERTEX
  5
20BF
  8
TOP-ASSEMBLY-LAYER
 10
108.5544813309627
 20
92.89462052324107
 30
0.0
 42
-1.0
  0
VERTEX
  5
20C0
  8
TOP-ASSEMBLY-LAYER
 10
109.4545161290323
 20
92.89462052324107
 30
0.0
 42
-1.0
  0
SEQEND
  5
2865
  8
TOP-ASSEMBLY-LAYER
  0
POLYLINE
  5
1056
  8
TOP-ASSEMBLY-LAYER
 66
     1
 10
0.0
 20
0.0
 30
0.0
 70
     1
 40
0.1
 41
0.1
  0
VERTEX
  5
20C1
  8
TOP-ASSEMBLY-LAYER
 10
105.4944676149352
 20
94.67464947929896
 30
0.0
 42
-1.0
  0
VERTEX
  5
20C2
  8
TOP-ASSEMBLY-LAYER
 10
106.3944998729998
 20
94.67464947929896
 30
0.0
 42
-1.0
  0
SEQEND
  5
2866
  8
TOP-ASSEMBLY-LAYER
  0
POLYLINE
  5
1057
  8
TOP-ASSEMBLY-LAYER
 66
     1
 10
0.0
 20
0.0
 30
0.0
 70
     1
 40
0.1
 41
0.1
  0
VERTEX
  5
20C3
  8
TOP-ASSEMBLY-LAYER
 10
106.5144696469393
 20
92.89462052324107
 30
0.0
 42
-1.0
  0
VERTEX
  5
20C4
  8
TOP-ASSEMBLY-LAYER
 10
107.4144993649987
 20
92.89462052324107
 30
0.0
 42
-1.0
  0
SEQEND
  5
2867
  8
TOP-ASSEMBLY-LAYER
  0
POLYLINE
  5
1058
  8
TOP-ASSEMBLY-LAYER
 66
     1
 10
0.0
 20
0.0
 30
0.0
 70
     1
 40
0.1
 41
0.1
  0
VERTEX
  5
20C5
  8
TOP-ASSEMBLY-LAYER
 10
127.0243886207772
 20
82.97054940309881
 30
0.0
 42
-1.0
  0
VERTEX
  5
20C6
  8
TOP-ASSEMBLY-LAYER
 10
128.9244229108458
 20
82.97054940309881
 30
0.0
 42
-1.0
  0
SEQEND
  5
2868
  8
TOP-ASSEMBLY-LAYER
  0
POLYLINE
  5
1059
  8
TOP-ASSEMBLY-LAYER
 66
     1
 10
0.0
 20
0.0
 30
0.0
 70
     1
 40
0.1
 41
0.1
  0
VERTEX
  5
20C7
  8
TOP-ASSEMBLY-LAYER
 10
127.0243886207772
 20
89.9708503937008
 30
0.0
 42
-1.0
  0
VERTEX
  5
20C8
  8
TOP-ASSEMBLY-LAYER
 10
128.9244229108458
 20
89.9708503937008
 30
0.0
 42
-1.0
  0
SEQEND
  5
2869
  8
TOP-ASSEMBLY-LAYER
  0
POLYLINE
  5
1060
  8
TOP-ASSEMBLY-LAYER
 66
     1
 10
0.0
 20
0.0
 30
0.0
 70
     1
 40
0.1
 41
0.1
  0
VERTEX
  5
20C9
  8
TOP-ASSEMBLY-LAYER
 10
132.5244505969012
 20
89.9708503937008
 30
0.0
 42
-1.0
  0
VERTEX
  5
20CA
  8
TOP-ASSEMBLY-LAYER
 10
134.4244823469647
 20
89.9708503937008
 30
0.0
 42
-1.0
  0
SEQEND
  5
286A
  8
TOP-ASSEMBLY-LAYER
  0
POLYLINE
  5
1061
  8
TOP-ASSEMBLY-LAYER
 66
     1
 10
0.0
 20
0.0
 30
0.0
 70
     1
 40
0.1
 41
0.1
  0
VERTEX
  5
20CB
  8
TOP-ASSEMBLY-LAYER
 10
132.5244505969012
 20
82.97054940309881
 30
0.0
 42
-1.0
  0
VERTEX
  5
20CC
  8
TOP-ASSEMBLY-LAYER
 10
134.4244823469647
 20
82.97054940309881
 30
0.0
 42
-1.0
  0
SEQEND
  5
286B
  8
TOP-ASSEMBLY-LAYER
  0
POLYLINE
  5
1062
  8
TOP-ASSEMBLY-LAYER
 66
     1
 10
0.0
 20
0.0
 30
0.0
 70
     1
 40
0.1
 41
0.1
  0
VERTEX
  5
20CD
  8
TOP-ASSEMBLY-LAYER
 10
130.2244307848616
 20
89.47071475742952
 30
0.0
 42
-1.0
  0
VERTEX
  5
20CE
  8
TOP-ASSEMBLY-LAYER
 10
131.224442976886
 20
89.47071475742952
 30
0.0
 42
-1.0
  0
SEQEND
  5
286C
  8
TOP-ASSEMBLY-LAYER
  0
POLYLINE
  5
1063
  8
TOP-ASSEMBLY-LAYER
 66
     1
 10
0.0
 20
0.0
 30
0.0
 70
     1
 40
0.1
 41
0.1
  0
VERTEX
  5
20CF
  8
TOP-ASSEMBLY-LAYER
 10
130.2244307848616
 20
87.47070586741174
 30
0.0
 42
-1.0
  0
VERTEX
  5
20D0
  8
TOP-ASSEMBLY-LAYER
 10
131.224442976886
 20
87.47070586741174
 30
0.0
 42
-1.0
  0
SEQEND
  5
286D
  8
TOP-ASSEMBLY-LAYER
  0
POLYLINE
  5
1064
  8
TOP-ASSEMBLY-LAYER
 66
     1
 10
0.0
 20
0.0
 30
0.0
 70
     1
 40
0.1
 41
0.1
  0
VERTEX
  5
20D1
  8
TOP-ASSEMBLY-LAYER
 10
130.2244307848616
 20
85.47069164338329
 30
0.0
 42
-1.0
  0
VERTEX
  5
20D2
  8
TOP-ASSEMBLY-LAYER
 10
131.224442976886
 20
85.47069164338329
 30
0.0
 42
-1.0
  0
SEQEND
  5
286E
  8
TOP-ASSEMBLY-LAYER
  0
POLYLINE
  5
1065
  8
TOP-ASSEMBLY-LAYER
 66
     1
 10
0.0
 20
0.0
 30
0.0
 70
     1
 40
0.1
 41
0.1
  0
VERTEX
  5
20D3
  8
TOP-ASSEMBLY-LAYER
 10
130.2244307848616
 20
83.47093649987302
 30
0.0
 42
-1.0
  0
VERTEX
  5
20D4
  8
TOP-ASSEMBLY-LAYER
 10
131.224442976886
 20
83.47093649987302
 30
0.0
 42
-1.0
  0
SEQEND
  5
286F
  8
TOP-ASSEMBLY-LAYER
  0
POLYLINE
  5
1087
  8
TOP-ASSEMBLY-LAYER
 66
     1
 10
0.0
 20
0.0
 30
0.0
 40
0.1
 41
0.1
  0
VERTEX
  5
20D5
  8
TOP-ASSEMBLY-LAYER
 10
16.88849657099314
 20
22.9880190500381
 30
0.0
  0
VERTEX
  5
20D6
  8
TOP-ASSEMBLY-LAYER
 10
18.08855499110999
 20
21.78801168402337
 30
0.0
  0
SEQEND
  5
2870
  8
TOP-ASSEMBLY-LAYER
  0
POLYLINE
  5
1088
  8
TOP-ASSEMBLY-LAYER
 66
     1
 10
0.0
 20
0.0
 30
0.0
 40
0.1
 41
0.1
  0
VERTEX
  5
20D7
  8
TOP-ASSEMBLY-LAYER
 10
16.88849657099314
 20
22.9880190500381
 30
0.0
  0
VERTEX
  5
20D8
  8
TOP-ASSEMBLY-LAYER
 10
16.88849657099314
 20
26.18804318008636
 30
0.0
  0
SEQEND
  5
2871
  8
TOP-ASSEMBLY-LAYER
  0
POLYLINE
  5
1089
  8
TOP-ASSEMBLY-LAYER
 66
     1
 10
0.0
 20
0.0
 30
0.0
 40
0.1
 41
0.1
  0
VERTEX
  5
20D9
  8
TOP-ASSEMBLY-LAYER
 10
20.10200330200661
 20
96.95298018796039
 30
0.0
  0
VERTEX
  5
20DA
  8
TOP-ASSEMBLY-LAYER
 10
20.20095935991873
 20
97.45046405892812
 30
0.0
  0
SEQEND
  5
2872
  8
TOP-ASSEMBLY-LAYER
  0
POLYLINE
  5
1090
  8
TOP-ASSEMBLY-LAYER
 66
     1
 10
0.0
 20
0.0
 30
0.0
 40
0.1
 41
0.1
  0
VERTEX
  5
20DB
  8
TOP-ASSEMBLY-LAYER
 10
22.60301397002794
 20
96.4504188468377
 30
0.0
  0
VERTEX
  5
20DC
  8
TOP-ASSEMBLY-LAYER
 10
22.70196774193549
 20
96.9478976377953
 30
0.0
  0
SEQEND
  5
2873
  8
TOP-ASSEMBLY-LAYER
  0
POLYLINE
  5
1091
  8
TOP-ASSEMBLY-LAYER
 66
     1
 10
0.0
 20
0.0
 30
0.0
 40
0.1
 41
0.1
  0
VERTEX
  5
20DD
  8
TOP-ASSEMBLY-LAYER
 10
20.55209804419609
 20
92.4506725933452
 30
0.0
  0
VERTEX
  5
20DE
  8
TOP-ASSEMBLY-LAYER
 10
20.63626136652273
 20
92.81942113284227
 30
0.0
  0
SEQEND
  5
2874
  8
TOP-ASSEMBLY-LAYER
  0
POLYLINE
  5
1092
  8
TOP-ASSEMBLY-LAYER
 66
     1
 10
0.0
 20
0.0
 30
0.0
 40
0.1
 41
0.1
  0
VERTEX
  5
20DF
  8
TOP-ASSEMBLY-LAYER
 10
22.16770967741936
 20
92.0816598933198
 30
0.0
  0
VERTEX
  5
20E0
  8
TOP-ASSEMBLY-LAYER
 10
22.25187782575565
 20
92.4504185928372
 30
0.0
  0
SEQEND
  5
2875
  8
TOP-ASSEMBLY-LAYER
  0
POLYLINE
  5
1093
  8
TOP-ASSEMBLY-LAYER
 66
     1
 10
0.0
 20
0.0
 30
0.0
 40
0.1
 41
0.1
  0
VERTEX
  5
20E1
  8
TOP-ASSEMBLY-LAYER
 10
20.20095935991873
 20
97.45046405892812
 30
0.0
  0
VERTEX
  5
20E2
  8
TOP-ASSEMBLY-LAYER
 10
20.4827584455169
 20
97.87220497840995
 30
0.0
  0
SEQEND
  5
2876
  8
TOP-ASSEMBLY-LAYER
  0
POLYLINE
  5
1094
  8
TOP-ASSEMBLY-LAYER
 66
     1
 10
0.0
 20
0.0
 30
0.0
 40
0.1
 41
0.1
  0
VERTEX
  5
20E3
  8
TOP-ASSEMBLY-LAYER
 10
22.32121259842519
 20
96.02867818135638
 30
0.0
  0
VERTEX
  5
20E4
  8
TOP-ASSEMBLY-LAYER
 10
22.60301397002794
 20
96.4504188468377
 30
0.0
  0
SEQEND
  5
2877
  8
TOP-ASSEMBLY-LAYER
  0
POLYLINE
  5
1095
  8
TOP-ASSEMBLY-LAYER
 66
     1
 10
0.0
 20
0.0
 30
0.0
 40
0.1
 41
0.1
  0
VERTEX
  5
20E5
  8
TOP-ASSEMBLY-LAYER
 10
20.63626136652273
 20
92.81942113284227
 30
0.0
  0
VERTEX
  5
20E6
  8
TOP-ASSEMBLY-LAYER
 10
20.87208610617222
 20
93.11513919227839
 30
0.0
  0
SEQEND
  5
2878
  8
TOP-ASSEMBLY-LAYER
  0
POLYLINE
  5
1096
  8
TOP-ASSEMBLY-LAYER
 66
     1
 10
0.0
 20
0.0
 30
0.0
 40
0.1
 41
0.1
  0
VERTEX
  5
20E7
  8
TOP-ASSEMBLY-LAYER
 10
21.93188493776987
 20
91.78594183388367
 30
0.0
  0
VERTEX
  5
20E8
  8
TOP-ASSEMBLY-LAYER
 10
22.16770967741936
 20
92.0816598933198
 30
0.0
  0
SEQEND
  5
2879
  8
TOP-ASSEMBLY-LAYER
  0
POLYLINE
  5
1097
  8
TOP-ASSEMBLY-LAYER
 66
     1
 10
0.0
 20
0.0
 30
0.0
 40
0.1
 41
0.1
  0
VERTEX
  5
20E9
  8
TOP-ASSEMBLY-LAYER
 10
20.4827584455169
 20
97.87220497840995
 30
0.0
  0
VERTEX
  5
20EA
  8
TOP-ASSEMBLY-LAYER
 10
20.9045016510033
 20
98.1540088900178
 30
0.0
  0
SEQEND
  5
287A
  8
TOP-ASSEMBLY-LAYER
  0
POLYLINE
  5
1098
  8
TOP-ASSEMBLY-LAYER
 66
     1
 10
0.0
 20
0.0
 30
0.0
 40
0.1
 41
0.1
  0
VERTEX
  5
20EB
  8
TOP-ASSEMBLY-LAYER
 10
35.34212522225045
 20
96.95298018796039
 30
0.0
  0
VERTEX
  5
20EC
  8
TOP-ASSEMBLY-LAYER
 10
35.44108128016257
 20
97.45046405892812
 30
0.0
  0
SEQEND
  5
287B
  8
TOP-ASSEMBLY-LAYER
  0
POLYLINE
  5
1099
  8
TOP-ASSEMBLY-LAYER
 66
     1
 10
0.0
 20
0.0
 30
0.0
 40
0.1
 41
0.1
  0
VERTEX
  5
20ED
  8
TOP-ASSEMBLY-LAYER
 10
35.79221996443994
 20
92.4506725933452
 30
0.0
  0
VERTEX
  5
20EE
  8
TOP-ASSEMBLY-LAYER
 10
35.87638074676151
 20
92.81942113284227
 30
0.0
  0
SEQEND
  5
287C
  8
TOP-ASSEMBLY-LAYER
  0
POLYLINE
  5
1100
  8
TOP-ASSEMBLY-LAYER
 66
     1
 10
0.0
 20
0.0
 30
0.0
 40
0.1
 41
0.1
  0
VERTEX
  5
20EF
  8
TOP-ASSEMBLY-LAYER
 10
35.44108128016257
 20
97.45046405892812
 30
0.0
  0
VERTEX
  5
20F0
  8
TOP-ASSEMBLY-LAYER
 10
35.72288036576074
 20
97.87220497840995
 30
0.0
  0
SEQEND
  5
287D
  8
TOP-ASSEMBLY-LAYER
  0
POLYLINE
  5
1101
  8
TOP-ASSEMBLY-LAYER
 66
     1
 10
0.0
 20
0.0
 30
0.0
 40
0.1
 41
0.1
  0
VERTEX
  5
20F1
  8
TOP-ASSEMBLY-LAYER
 10
37.56133451866904
 20
96.02867818135638
 30
0.0
  0
VERTEX
  5
20F2
  8
TOP-ASSEMBLY-LAYER
 10
37.84313589027179
 20
96.4504188468377
 30
0.0
  0
SEQEND
  5
287E
  8
TOP-ASSEMBLY-LAYER
  0
POLYLINE
  5
1102
  8
TOP-ASSEMBLY-LAYER
 66
     1
 10
0.0
 20
0.0
 30
0.0
 40
0.1
 41
0.1
  0
VERTEX
  5
20F3
  8
TOP-ASSEMBLY-LAYER
 10
35.87638074676151
 20
92.81942113284227
 30
0.0
  0
VERTEX
  5
20F4
  8
TOP-ASSEMBLY-LAYER
 10
36.11220802641606
 20
93.11513919227839
 30
0.0
  0
SEQEND
  5
287F
  8
TOP-ASSEMBLY-LAYER
  0
POLYLINE
  5
1103
  8
TOP-ASSEMBLY-LAYER
 66
     1
 10
0.0
 20
0.0
 30
0.0
 40
0.1
 41
0.1
  0
VERTEX
  5
20F5
  8
TOP-ASSEMBLY-LAYER
 10
21.89946939293879
 20
95.74687426974855
 30
0.0
  0
VERTEX
  5
20F6
  8
TOP-ASSEMBLY-LAYER
 10
22.32121259842519
 20
96.02867818135638
 30
0.0
  0
SEQEND
  5
2880
  8
TOP-ASSEMBLY-LAYER
  0
POLYLINE
  5
1104
  8
TOP-ASSEMBLY-LAYER
 66
     1
 10
0.0
 20
0.0
 30
0.0
 40
0.1
 41
0.1
  0
VERTEX
  5
20F7
  8
TOP-ASSEMBLY-LAYER
 10
22.16770967741936
 20
92.81942113284227
 30
0.0
  0
VERTEX
  5
20F8
  8
TOP-ASSEMBLY-LAYER
 10
22.25187782575565
 20
92.4506725933452
 30
0.0
  0
SEQEND
  5
2881
  8
TOP-ASSEMBLY-LAYER
  0
POLYLINE
  5
1105
  8
TOP-ASSEMBLY-LAYER
 66
     1
 10
0.0
 20
0.0
 30
0.0
 40
0.1
 41
0.1
  0
VERTEX
  5
20F9
  8
TOP-ASSEMBLY-LAYER
 10
20.55209804419609
 20
92.4504185928372
 30
0.0
  0
VERTEX
  5
20FA
  8
TOP-ASSEMBLY-LAYER
 10
20.63626136652273
 20
92.0816598933198
 30
0.0
  0
SEQEND
  5
2882
  8
TOP-ASSEMBLY-LAYER
  0
POLYLINE
  5
1106
  8
TOP-ASSEMBLY-LAYER
 66
     1
 10
0.0
 20
0.0
 30
0.0
 40
0.1
 41
0.1
  0
VERTEX
  5
20FB
  8
TOP-ASSEMBLY-LAYER
 10
20.10200330200661
 20
96.9478976377953
 30
0.0
  0
VERTEX
  5
20FC
  8
TOP-ASSEMBLY-LAYER
 10
20.20095935991873
 20
96.4504188468377
 30
0.0
  0
SEQEND
  5
2883
  8
TOP-ASSEMBLY-LAYER
  0
POLYLINE
  5
1107
  8
TOP-ASSEMBLY-LAYER
 66
     1
 10
0.0
 20
0.0
 30
0.0
 40
0.1
 41
0.1
  0
VERTEX
  5
20FD
  8
TOP-ASSEMBLY-LAYER
 10
22.60301397002794
 20
97.45046405892812
 30
0.0
  0
VERTEX
  5
20FE
  8
TOP-ASSEMBLY-LAYER
 10
22.70196774193549
 20
96.95298018796039
 30
0.0
  0
SEQEND
  5
2884
  8
TOP-ASSEMBLY-LAYER
  0
POLYLINE
  5
1108
  8
TOP-ASSEMBLY-LAYER
 66
     1
 10
0.0
 20
0.0
 30
0.0
 40
0.1
 41
0.1
  0
VERTEX
  5
20FF
  8
TOP-ASSEMBLY-LAYER
 10
37.84313589027179
 20
96.4504188468377
 30
0.0
  0
VERTEX
  5
2100
  8
TOP-ASSEMBLY-LAYER
 10
37.94208966217933
 20
96.9478976377953
 30
0.0
  0
SEQEND
  5
2885
  8
TOP-ASSEMBLY-LAYER
  0
POLYLINE
  5
1109
  8
TOP-ASSEMBLY-LAYER
 66
     1
 10
0.0
 20
0.0
 30
0.0
 40
0.1
 41
0.1
  0
VERTEX
  5
2101
  8
TOP-ASSEMBLY-LAYER
 10
37.4078315976632
 20
92.0816598933198
 30
0.0
  0
VERTEX
  5
2102
  8
TOP-ASSEMBLY-LAYER
 10
37.49199974599949
 20
92.4504185928372
 30
0.0
  0
SEQEND
  5
2886
  8
TOP-ASSEMBLY-LAYER
  0
POLYLINE
  5
1110
  8
TOP-ASSEMBLY-LAYER
 66
     1
 10
0.0
 20
0.0
 30
0.0
 40
0.1
 41
0.1
  0
VERTEX
  5
2103
  8
TOP-ASSEMBLY-LAYER
 10
37.17200685801372
 20
91.78594183388367
 30
0.0
  0
VERTEX
  5
2104
  8
TOP-ASSEMBLY-LAYER
 10
37.4078315976632
 20
92.0816598933198
 30
0.0
  0
SEQEND
  5
2887
  8
TOP-ASSEMBLY-LAYER
  0
POLYLINE
  5
1111
  8
TOP-ASSEMBLY-LAYER
 66
     1
 10
0.0
 20
0.0
 30
0.0
 40
0.1
 41
0.1
  0
VERTEX
  5
2105
  8
TOP-ASSEMBLY-LAYER
 10
35.72288036576074
 20
97.87220497840995
 30
0.0
  0
VERTEX
  5
2106
  8
TOP-ASSEMBLY-LAYER
 10
36.14462357124714
 20
98.1540088900178
 30
0.0
  0
SEQEND
  5
2888
  8
TOP-ASSEMBLY-LAYER
  0
POLYLINE
  5
1112
  8
TOP-ASSEMBLY-LAYER
 66
     1
 10
0.0
 20
0.0
 30
0.0
 40
0.1
 41
0.1
  0
VERTEX
  5
2107
  8
TOP-ASSEMBLY-LAYER
 10
37.13959131318263
 20
95.74687426974855
 30
0.0
  0
VERTEX
  5
2108
  8
TOP-ASSEMBLY-LAYER
 10
37.56133451866904
 20
96.02867818135638
 30
0.0
  0
SEQEND
  5
2889
  8
TOP-ASSEMBLY-LAYER
  0
POLYLINE
  5
1113
  8
TOP-ASSEMBLY-LAYER
 66
     1
 10
0.0
 20
0.0
 30
0.0
 40
0.1
 41
0.1
  0
VERTEX
  5
2109
  8
TOP-ASSEMBLY-LAYER
 10
20.87208610617222
 20
93.11513919227839
 30
0.0
  0
VERTEX
  5
210A
  8
TOP-ASSEMBLY-LAYER
 10
21.21287147574296
 20
93.27924917449836
 30
0.0
  0
SEQEND
  5
288A
  8
TOP-ASSEMBLY-LAYER
  0
POLYLINE
  5
1114
  8
TOP-ASSEMBLY-LAYER
 66
     1
 10
0.0
 20
0.0
 30
0.0
 40
0.1
 41
0.1
  0
VERTEX
  5
210B
  8
TOP-ASSEMBLY-LAYER
 10
21.5911043942088
 20
91.62182905765813
 30
0.0
  0
VERTEX
  5
210C
  8
TOP-ASSEMBLY-LAYER
 10
21.93188493776987
 20
91.78594183388367
 30
0.0
  0
SEQEND
  5
288B
  8
TOP-ASSEMBLY-LAYER
  0
POLYLINE
  5
1115
  8
TOP-ASSEMBLY-LAYER
 66
     1
 10
0.0
 20
0.0
 30
0.0
 40
0.1
 41
0.1
  0
VERTEX
  5
210D
  8
TOP-ASSEMBLY-LAYER
 10
50.78624790449582
 20
96.95198196596394
 30
0.0
  0
VERTEX
  5
210E
  8
TOP-ASSEMBLY-LAYER
 10
50.88520167640336
 20
97.44946583693168
 30
0.0
  0
SEQEND
  5
288C
  8
TOP-ASSEMBLY-LAYER
  0
POLYLINE
  5
1116
  8
TOP-ASSEMBLY-LAYER
 66
     1
 10
0.0
 20
0.0
 30
0.0
 40
0.1
 41
0.1
  0
VERTEX
  5
210F
  8
TOP-ASSEMBLY-LAYER
 10
50.88520167640336
 20
97.44946583693168
 30
0.0
  0
VERTEX
  5
2110
  8
TOP-ASSEMBLY-LAYER
 10
51.16700558801119
 20
97.87120675641353
 30
0.0
  0
SEQEND
  5
288D
  8
TOP-ASSEMBLY-LAYER
  0
POLYLINE
  5
1117
  8
TOP-ASSEMBLY-LAYER
 66
     1
 10
0.0
 20
0.0
 30
0.0
 40
0.1
 41
0.1
  0
VERTEX
  5
2111
  8
TOP-ASSEMBLY-LAYER
 10
53.00545999492
 20
96.02768249936501
 30
0.0
  0
VERTEX
  5
2112
  8
TOP-ASSEMBLY-LAYER
 10
53.28725882651765
 20
96.44942062484125
 30
0.0
  0
SEQEND
  5
288E
  8
TOP-ASSEMBLY-LAYER
  0
POLYLINE
  5
1118
  8
TOP-ASSEMBLY-LAYER
 66
     1
 10
0.0
 20
0.0
 30
0.0
 40
0.1
 41
0.1
  0
VERTEX
  5
2113
  8
TOP-ASSEMBLY-LAYER
 10
51.32050342900686
 20
92.81842291084584
 30
0.0
  0
VERTEX
  5
2114
  8
TOP-ASSEMBLY-LAYER
 10
51.5563332486665
 20
93.11413843027687
 30
0.0
  0
SEQEND
  5
288F
  8
TOP-ASSEMBLY-LAYER
  0
POLYLINE
  5
1119
  8
TOP-ASSEMBLY-LAYER
 66
     1
 10
0.0
 20
0.0
 30
0.0
 40
0.1
 41
0.1
  0
VERTEX
  5
2115
  8
TOP-ASSEMBLY-LAYER
 10
52.6161272542545
 20
91.78494361188724
 30
0.0
  0
VERTEX
  5
2116
  8
TOP-ASSEMBLY-LAYER
 10
52.85195681991366
 20
92.08065913131827
 30
0.0
  0
SEQEND
  5
2890
  8
TOP-ASSEMBLY-LAYER
  0
POLYLINE
  5
1120
  8
TOP-ASSEMBLY-LAYER
 66
     1
 10
0.0
 20
0.0
 30
0.0
 40
0.1
 41
0.1
  0
VERTEX
  5
2117
  8
TOP-ASSEMBLY-LAYER
 10
51.16700558801119
 20
97.87120675641353
 30
0.0
  0
VERTEX
  5
2118
  8
TOP-ASSEMBLY-LAYER
 10
51.5887487934976
 20
98.15300812801628
 30
0.0
  0
SEQEND
  5
2891
  8
TOP-ASSEMBLY-LAYER
  0
POLYLINE
  5
1121
  8
TOP-ASSEMBLY-LAYER
 66
     1
 10
0.0
 20
0.0
 30
0.0
 40
0.1
 41
0.1
  0
VERTEX
  5
2119
  8
TOP-ASSEMBLY-LAYER
 10
52.58371145542291
 20
95.74587350774702
 30
0.0
  0
VERTEX
  5
211A
  8
TOP-ASSEMBLY-LAYER
 10
53.00545999492
 20
96.02768249936501
 30
0.0
  0
SEQEND
  5
2892
  8
TOP-ASSEMBLY-LAYER
  0
POLYLINE
  5
1122
  8
TOP-ASSEMBLY-LAYER
 66
     1
 10
0.0
 20
0.0
 30
0.0
 40
0.1
 41
0.1
  0
VERTEX
  5
211B
  8
TOP-ASSEMBLY-LAYER
 10
36.11220802641606
 20
93.11513919227839
 30
0.0
  0
VERTEX
  5
211C
  8
TOP-ASSEMBLY-LAYER
 10
36.4529933959868
 20
93.27924917449836
 30
0.0
  0
SEQEND
  5
2893
  8
TOP-ASSEMBLY-LAYER
  0
POLYLINE
  5
1123
  8
TOP-ASSEMBLY-LAYER
 66
     1
 10
0.0
 20
0.0
 30
0.0
 40
0.1
 41
0.1
  0
VERTEX
  5
211D
  8
TOP-ASSEMBLY-LAYER
 10
36.83122631445264
 20
91.62182905765813
 30
0.0
  0
VERTEX
  5
211E
  8
TOP-ASSEMBLY-LAYER
 10
37.17200685801372
 20
91.78594183388367
 30
0.0
  0
SEQEND
  5
2894
  8
TOP-ASSEMBLY-LAYER
  0
POLYLINE
  5
1124
  8
TOP-ASSEMBLY-LAYER
 66
     1
 10
0.0
 20
0.0
 30
0.0
 40
0.1
 41
0.1
  0
VERTEX
  5
211F
  8
TOP-ASSEMBLY-LAYER
 10
18.08855499110999
 20
21.78801168402337
 30
0.0
  0
VERTEX
  5
2120
  8
TOP-ASSEMBLY-LAYER
 10
20.70744246888495
 20
21.78801168402337
 30
0.0
  0
SEQEND
  5
2895
  8
TOP-ASSEMBLY-LAYER
  0
POLYLINE
  5
1125
  8
TOP-ASSEMBLY-LAYER
 66
     1
 10
0.0
 20
0.0
 30
0.0
 40
0.1
 41
0.1
  0
VERTEX
  5
2121
  8
TOP-ASSEMBLY-LAYER
 10
60.9700985521971
 20
21.78801168402337
 30
0.0
  0
VERTEX
  5
2122
  8
TOP-ASSEMBLY-LAYER
 10
64.78894284988571
 20
21.78801168402337
 30
0.0
  0
SEQEND
  5
2896
  8
TOP-ASSEMBLY-LAYER
  0
POLYLINE
  5
1126
  8
TOP-ASSEMBLY-LAYER
 66
     1
 10
0.0
 20
0.0
 30
0.0
 40
0.1
 41
0.1
  0
VERTEX
  5
2123
  8
TOP-ASSEMBLY-LAYER
 10
16.88849657099314
 20
26.18804318008636
 30
0.0
  0
VERTEX
  5
2124
  8
TOP-ASSEMBLY-LAYER
 10
20.70744246888495
 20
26.18804318008636
 30
0.0
  0
SEQEND
  5
2897
  8
TOP-ASSEMBLY-LAYER
  0
POLYLINE
  5
1127
  8
TOP-ASSEMBLY-LAYER
 66
     1
 10
0.0
 20
0.0
 30
0.0
 40
0.1
 41
0.1
  0
VERTEX
  5
2125
  8
TOP-ASSEMBLY-LAYER
 10
60.9700985521971
 20
26.18804318008636
 30
0.0
  0
VERTEX
  5
2126
  8
TOP-ASSEMBLY-LAYER
 10
64.78894284988571
 20
26.18804318008636
 30
0.0
  0
SEQEND
  5
2898
  8
TOP-ASSEMBLY-LAYER
  0
POLYLINE
  5
1128
  8
TOP-ASSEMBLY-LAYER
 66
     1
 10
0.0
 20
0.0
 30
0.0
 40
0.1
 41
0.1
  0
VERTEX
  5
2127
  8
TOP-ASSEMBLY-LAYER
 10
37.4078315976632
 20
92.81942113284227
 30
0.0
  0
VERTEX
  5
2128
  8
TOP-ASSEMBLY-LAYER
 10
37.49199974599949
 20
92.4506725933452
 30
0.0
  0
SEQEND
  5
2899
  8
TOP-ASSEMBLY-LAYER
  0
POLYLINE
  5
1129
  8
TOP-ASSEMBLY-LAYER
 66
     1
 10
0.0
 20
0.0
 30
0.0
 40
0.1
 41
0.1
  0
VERTEX
  5
2129
  8
TOP-ASSEMBLY-LAYER
 10
35.79221996443994
 20
92.4504185928372
 30
0.0
  0
VERTEX
  5
212A
  8
TOP-ASSEMBLY-LAYER
 10
35.87638074676151
 20
92.0816598933198
 30
0.0
  0
SEQEND
  5
289A
  8
TOP-ASSEMBLY-LAYER
  0
POLYLINE
  5
1130
  8
TOP-ASSEMBLY-LAYER
 66
     1
 10
0.0
 20
0.0
 30
0.0
 40
0.1
 41
0.1
  0
VERTEX
  5
212B
  8
TOP-ASSEMBLY-LAYER
 10
35.34212522225045
 20
96.9478976377953
 30
0.0
  0
VERTEX
  5
212C
  8
TOP-ASSEMBLY-LAYER
 10
35.44108128016257
 20
96.4504188468377
 30
0.0
  0
SEQEND
  5
289B
  8
TOP-ASSEMBLY-LAYER
  0
POLYLINE
  5
1131
  8
TOP-ASSEMBLY-LAYER
 66
     1
 10
0.0
 20
0.0
 30
0.0
 40
0.1
 41
0.1
  0
VERTEX
  5
212D
  8
TOP-ASSEMBLY-LAYER
 10
37.84313589027179
 20
97.45046405892812
 30
0.0
  0
VERTEX
  5
212E
  8
TOP-ASSEMBLY-LAYER
 10
37.94208966217933
 20
96.95298018796039
 30
0.0
  0
SEQEND
  5
289C
  8
TOP-ASSEMBLY-LAYER
  0
POLYLINE
  5
1132
  8
TOP-ASSEMBLY-LAYER
 66
     1
 10
0.0
 20
0.0
 30
0.0
 40
0.1
 41
0.1
  0
VERTEX
  5
212F
  8
TOP-ASSEMBLY-LAYER
 10
53.28725882651765
 20
96.44942062484125
 30
0.0
  0
VERTEX
  5
2130
  8
TOP-ASSEMBLY-LAYER
 10
53.38621005842013
 20
96.94689941579884
 30
0.0
  0
SEQEND
  5
289D
  8
TOP-ASSEMBLY-LAYER
  0
POLYLINE
  5
1133
  8
TOP-ASSEMBLY-LAYER
 66
     1
 10
0.0
 20
0.0
 30
0.0
 40
0.1
 41
0.1
  0
VERTEX
  5
2131
  8
TOP-ASSEMBLY-LAYER
 10
51.23634290068581
 20
92.4496692913386
 30
0.0
  0
VERTEX
  5
2132
  8
TOP-ASSEMBLY-LAYER
 10
51.32050342900686
 20
92.81842291084584
 30
0.0
  0
SEQEND
  5
289E
  8
TOP-ASSEMBLY-LAYER
  0
POLYLINE
  5
1134
  8
TOP-ASSEMBLY-LAYER
 66
     1
 10
0.0
 20
0.0
 30
0.0
 40
0.1
 41
0.1
  0
VERTEX
  5
2133
  8
TOP-ASSEMBLY-LAYER
 10
52.85195681991366
 20
92.08065913131827
 30
0.0
  0
VERTEX
  5
2134
  8
TOP-ASSEMBLY-LAYER
 10
52.93612268224538
 20
92.44941529083059
 30
0.0
  0
SEQEND
  5
289F
  8
TOP-ASSEMBLY-LAYER
  0
POLYLINE
  5
1135
  8
TOP-ASSEMBLY-LAYER
 66
     1
 10
0.0
 20
0.0
 30
0.0
 40
0.1
 41
0.1
  0
VERTEX
  5
2135
  8
TOP-ASSEMBLY-LAYER
 10
63.55830810261622
 20
98.33207366014733
 30
0.0
  0
VERTEX
  5
2136
  8
TOP-ASSEMBLY-LAYER
 10
63.80831115062229
 20
98.51371501143002
 30
0.0
  0
SEQEND
  5
28A0
  8
TOP-ASSEMBLY-LAYER
  0
POLYLINE
  5
1136
  8
TOP-ASSEMBLY-LAYER
 66
     1
 10
0.0
 20
0.0
 30
0.0
 40
0.1
 41
0.1
  0
VERTEX
  5
2137
  8
TOP-ASSEMBLY-LAYER
 10
64.11732867665737
 20
97.16264541529084
 30
0.0
  0
VERTEX
  5
2138
  8
TOP-ASSEMBLY-LAYER
 10
64.36733172466346
 20
97.34428397256796
 30
0.0
  0
SEQEND
  5
28A1
  8
TOP-ASSEMBLY-LAYER
  0
POLYLINE
  5
1137
  8
TOP-ASSEMBLY-LAYER
 66
     1
 10
0.0
 20
0.0
 30
0.0
 40
0.1
 41
0.1
  0
VERTEX
  5
2139
  8
TOP-ASSEMBLY-LAYER
 10
71.85858877317754
 20
98.33207366014733
 30
0.0
  0
VERTEX
  5
213A
  8
TOP-ASSEMBLY-LAYER
 10
72.10858928117858
 20
98.51371501143002
 30
0.0
  0
SEQEND
  5
28A2
  8
TOP-ASSEMBLY-LAYER
  0
POLYLINE
  5
1138
  8
TOP-ASSEMBLY-LAYER
 66
     1
 10
0.0
 20
0.0
 30
0.0
 40
0.1
 41
0.1
  0
VERTEX
  5
213B
  8
TOP-ASSEMBLY-LAYER
 10
51.5563332486665
 20
93.11413843027687
 30
0.0
  0
VERTEX
  5
213C
  8
TOP-ASSEMBLY-LAYER
 10
51.89711633223266
 20
93.27824841249682
 30
0.0
  0
SEQEND
  5
28A3
  8
TOP-ASSEMBLY-LAYER
  0
POLYLINE
  5
1139
  8
TOP-ASSEMBLY-LAYER
 66
     1
 10
0.0
 20
0.0
 30
0.0
 40
0.1
 41
0.1
  0
VERTEX
  5
213D
  8
TOP-ASSEMBLY-LAYER
 10
52.27534671069343
 20
91.62083083566168
 30
0.0
  0
VERTEX
  5
213E
  8
TOP-ASSEMBLY-LAYER
 10
52.6161272542545
 20
91.78494361188724
 30
0.0
  0
SEQEND
  5
28A4
  8
TOP-ASSEMBLY-LAYER
  0
POLYLINE
  5
1140
  8
TOP-ASSEMBLY-LAYER
 66
     1
 10
0.0
 20
0.0
 30
0.0
 40
0.1
 41
0.1
  0
VERTEX
  5
213F
  8
TOP-ASSEMBLY-LAYER
 10
20.63626136652273
 20
92.0816598933198
 30
0.0
  0
VERTEX
  5
2140
  8
TOP-ASSEMBLY-LAYER
 10
20.87208610617222
 20
91.78594183388367
 30
0.0
  0
SEQEND
  5
28A5
  8
TOP-ASSEMBLY-LAYER
  0
POLYLINE
  5
1141
  8
TOP-ASSEMBLY-LAYER
 66
     1
 10
0.0
 20
0.0
 30
0.0
 40
0.1
 41
0.1
  0
VERTEX
  5
2141
  8
TOP-ASSEMBLY-LAYER
 10
21.93188493776987
 20
93.11513919227839
 30
0.0
  0
VERTEX
  5
2142
  8
TOP-ASSEMBLY-LAYER
 10
22.16770967741936
 20
92.81942113284227
 30
0.0
  0
SEQEND
  5
28A6
  8
TOP-ASSEMBLY-LAYER
  0
POLYLINE
  5
1142
  8
TOP-ASSEMBLY-LAYER
 66
     1
 10
0.0
 20
0.0
 30
0.0
 40
0.1
 41
0.1
  0
VERTEX
  5
2143
  8
TOP-ASSEMBLY-LAYER
 10
20.20095935991873
 20
96.4504188468377
 30
0.0
  0
VERTEX
  5
2144
  8
TOP-ASSEMBLY-LAYER
 10
20.4827584455169
 20
96.02867818135638
 30
0.0
  0
SEQEND
  5
28A7
  8
TOP-ASSEMBLY-LAYER
  0
POLYLINE
  5
1143
  8
TOP-ASSEMBLY-LAYER
 66
     1
 10
0.0
 20
0.0
 30
0.0
 40
0.1
 41
0.1
  0
VERTEX
  5
2145
  8
TOP-ASSEMBLY-LAYER
 10
22.32121259842519
 20
97.87220497840995
 30
0.0
  0
VERTEX
  5
2146
  8
TOP-ASSEMBLY-LAYER
 10
22.60301397002794
 20
97.45046405892812
 30
0.0
  0
SEQEND
  5
28A8
  8
TOP-ASSEMBLY-LAYER
  0
POLYLINE
  5
1144
  8
TOP-ASSEMBLY-LAYER
 66
     1
 10
0.0
 20
0.0
 30
0.0
 40
0.1
 41
0.1
  0
VERTEX
  5
2147
  8
TOP-ASSEMBLY-LAYER
 10
63.46281635763273
 20
98.03817678435358
 30
0.0
  0
VERTEX
  5
2148
  8
TOP-ASSEMBLY-LAYER
 10
63.55830810261622
 20
98.33207366014733
 30
0.0
  0
SEQEND
  5
28A9
  8
TOP-ASSEMBLY-LAYER
  0
POLYLINE
  5
1145
  8
TOP-ASSEMBLY-LAYER
 66
     1
 10
0.0
 20
0.0
 30
0.0
 40
0.1
 41
0.1
  0
VERTEX
  5
2149
  8
TOP-ASSEMBLY-LAYER
 10
64.36733172466346
 20
97.34428397256796
 30
0.0
  0
VERTEX
  5
214A
  8
TOP-ASSEMBLY-LAYER
 10
64.46282346964693
 20
97.63817856235713
 30
0.0
  0
SEQEND
  5
28AA
  8
TOP-ASSEMBLY-LAYER
  0
POLYLINE
  5
1146
  8
TOP-ASSEMBLY-LAYER
 66
     1
 10
0.0
 20
0.0
 30
0.0
 40
0.1
 41
0.1
  0
VERTEX
  5
214B
  8
TOP-ASSEMBLY-LAYER
 10
72.41760680721362
 20
97.16264541529084
 30
0.0
  0
VERTEX
  5
214C
  8
TOP-ASSEMBLY-LAYER
 10
72.66760985521974
 20
97.34428397256796
 30
0.0
  0
SEQEND
  5
28AB
  8
TOP-ASSEMBLY-LAYER
  0
POLYLINE
  5
1147
  8
TOP-ASSEMBLY-LAYER
 66
     1
 10
0.0
 20
0.0
 30
0.0
 40
0.1
 41
0.1
  0
VERTEX
  5
214D
  8
TOP-ASSEMBLY-LAYER
 10
78.81712446024892
 20
98.33507086614175
 30
0.0
  0
VERTEX
  5
214E
  8
TOP-ASSEMBLY-LAYER
 10
79.0671300482601
 20
98.51671221742446
 30
0.0
  0
SEQEND
  5
28AC
  8
TOP-ASSEMBLY-LAYER
  0
POLYLINE
  5
1148
  8
TOP-ASSEMBLY-LAYER
 66
     1
 10
0.0
 20
0.0
 30
0.0
 40
0.1
 41
0.1
  0
VERTEX
  5
214F
  8
TOP-ASSEMBLY-LAYER
 10
79.37614503429008
 20
97.16564262128526
 30
0.0
  0
VERTEX
  5
2150
  8
TOP-ASSEMBLY-LAYER
 10
79.62614808229618
 20
97.34728143256287
 30
0.0
  0
SEQEND
  5
28AD
  8
TOP-ASSEMBLY-LAYER
  0
POLYLINE
  5
1149
  8
TOP-ASSEMBLY-LAYER
 66
     1
 10
0.0
 20
0.0
 30
0.0
 40
0.1
 41
0.1
  0
VERTEX
  5
2151
  8
TOP-ASSEMBLY-LAYER
 10
51.23634290068581
 20
92.44941529083059
 30
0.0
  0
VERTEX
  5
2152
  8
TOP-ASSEMBLY-LAYER
 10
51.32050342900686
 20
92.08065913131827
 30
0.0
  0
SEQEND
  5
28AE
  8
TOP-ASSEMBLY-LAYER
  0
POLYLINE
  5
1150
  8
TOP-ASSEMBLY-LAYER
 66
     1
 10
0.0
 20
0.0
 30
0.0
 40
0.1
 41
0.1
  0
VERTEX
  5
2153
  8
TOP-ASSEMBLY-LAYER
 10
50.78624790449582
 20
96.94689941579884
 30
0.0
  0
VERTEX
  5
2154
  8
TOP-ASSEMBLY-LAYER
 10
50.88520167640336
 20
96.44942062484125
 30
0.0
  0
SEQEND
  5
28AF
  8
TOP-ASSEMBLY-LAYER
  0
POLYLINE
  5
1151
  8
TOP-ASSEMBLY-LAYER
 66
     1
 10
0.0
 20
0.0
 30
0.0
 40
0.1
 41
0.1
  0
VERTEX
  5
2155
  8
TOP-ASSEMBLY-LAYER
 10
63.46281635763273
 20
97.63817856235713
 30
0.0
  0
VERTEX
  5
2156
  8
TOP-ASSEMBLY-LAYER
 10
63.46281635763273
 20
98.03817678435358
 30
0.0
  0
SEQEND
  5
28B0
  8
TOP-ASSEMBLY-LAYER
  0
POLYLINE
  5
1152
  8
TOP-ASSEMBLY-LAYER
 66
     1
 10
0.0
 20
0.0
 30
0.0
 40
0.1
 41
0.1
  0
VERTEX
  5
2157
  8
TOP-ASSEMBLY-LAYER
 10
64.46282346964693
 20
97.63817856235713
 30
0.0
  0
VERTEX
  5
2158
  8
TOP-ASSEMBLY-LAYER
 10
64.46282346964693
 20
98.03817678435358
 30
0.0
  0
SEQEND
  5
28B1
  8
TOP-ASSEMBLY-LAYER
  0
POLYLINE
  5
1153
  8
TOP-ASSEMBLY-LAYER
 66
     1
 10
0.0
 20
0.0
 30
0.0
 40
0.1
 41
0.1
  0
VERTEX
  5
2159
  8
TOP-ASSEMBLY-LAYER
 10
64.78894284988571
 20
21.78801168402337
 30
0.0
  0
VERTEX
  5
215A
  8
TOP-ASSEMBLY-LAYER
 10
64.78894284988571
 20
26.18804318008636
 30
0.0
  0
SEQEND
  5
28B2
  8
TOP-ASSEMBLY-LAYER
  0
POLYLINE
  5
1154
  8
TOP-ASSEMBLY-LAYER
 66
     1
 10
0.0
 20
0.0
 30
0.0
 40
0.1
 41
0.1
  0
VERTEX
  5
215B
  8
TOP-ASSEMBLY-LAYER
 10
71.76309448818898
 20
98.03817678435358
 30
0.0
  0
VERTEX
  5
215C
  8
TOP-ASSEMBLY-LAYER
 10
71.85858877317754
 20
98.33207366014733
 30
0.0
  0
SEQEND
  5
28B3
  8
TOP-ASSEMBLY-LAYER
  0
POLYLINE
  5
1155
  8
TOP-ASSEMBLY-LAYER
 66
     1
 10
0.0
 20
0.0
 30
0.0
 40
0.1
 41
0.1
  0
VERTEX
  5
215D
  8
TOP-ASSEMBLY-LAYER
 10
72.66760985521974
 20
97.34428397256796
 30
0.0
  0
VERTEX
  5
215E
  8
TOP-ASSEMBLY-LAYER
 10
72.7631041402083
 20
97.63817856235713
 30
0.0
  0
SEQEND
  5
28B4
  8
TOP-ASSEMBLY-LAYER
  0
POLYLINE
  5
1156
  8
TOP-ASSEMBLY-LAYER
 66
     1
 10
0.0
 20
0.0
 30
0.0
 40
0.1
 41
0.1
  0
VERTEX
  5
215F
  8
TOP-ASSEMBLY-LAYER
 10
87.11740513081027
 20
98.33507086614175
 30
0.0
  0
VERTEX
  5
2160
  8
TOP-ASSEMBLY-LAYER
 10
87.36740563881128
 20
98.51671221742446
 30
0.0
  0
SEQEND
  5
28B5
  8
TOP-ASSEMBLY-LAYER
  0
POLYLINE
  5
1157
  8
TOP-ASSEMBLY-LAYER
 66
     1
 10
0.0
 20
0.0
 30
0.0
 40
0.1
 41
0.1
  0
VERTEX
  5
2161
  8
TOP-ASSEMBLY-LAYER
 10
87.67642341884687
 20
97.16564262128526
 30
0.0
  0
VERTEX
  5
2162
  8
TOP-ASSEMBLY-LAYER
 10
87.92642900685802
 20
97.34728143256287
 30
0.0
  0
SEQEND
  5
28B6
  8
TOP-ASSEMBLY-LAYER
  0
POLYLINE
  5
1158
  8
TOP-ASSEMBLY-LAYER
 66
     1
 10
0.0
 20
0.0
 30
0.0
 40
0.1
 41
0.1
  0
VERTEX
  5
2163
  8
TOP-ASSEMBLY-LAYER
 10
35.87638074676151
 20
92.0816598933198
 30
0.0
  0
VERTEX
  5
2164
  8
TOP-ASSEMBLY-LAYER
 10
36.11220802641606
 20
91.78594183388367
 30
0.0
  0
SEQEND
  5
28B7
  8
TOP-ASSEMBLY-LAYER
  0
POLYLINE
  5
1159
  8
TOP-ASSEMBLY-LAYER
 66
     1
 10
0.0
 20
0.0
 30
0.0
 40
0.1
 41
0.1
  0
VERTEX
  5
2165
  8
TOP-ASSEMBLY-LAYER
 10
37.17200685801372
 20
93.11513919227839
 30
0.0
  0
VERTEX
  5
2166
  8
TOP-ASSEMBLY-LAYER
 10
37.4078315976632
 20
92.81942113284227
 30
0.0
  0
SEQEND
  5
28B8
  8
TOP-ASSEMBLY-LAYER
  0
POLYLINE
  5
1160
  8
TOP-ASSEMBLY-LAYER
 66
     1
 10
0.0
 20
0.0
 30
0.0
 40
0.1
 41
0.1
  0
VERTEX
  5
2167
  8
TOP-ASSEMBLY-LAYER
 10
35.44108128016257
 20
96.4504188468377
 30
0.0
  0
VERTEX
  5
2168
  8
TOP-ASSEMBLY-LAYER
 10
35.72288036576074
 20
96.02867818135638
 30
0.0
  0
SEQEND
  5
28B9
  8
TOP-ASSEMBLY-LAYER
  0
POLYLINE
  5
1161
  8
TOP-ASSEMBLY-LAYER
 66
     1
 10
0.0
 20
0.0
 30
0.0
 40
0.1
 41
0.1
  0
VERTEX
  5
2169
  8
TOP-ASSEMBLY-LAYER
 10
37.56133451866904
 20
97.87220497840995
 30
0.0
  0
VERTEX
  5
216A
  8
TOP-ASSEMBLY-LAYER
 10
37.84313589027179
 20
97.45046405892812
 30
0.0
  0
SEQEND
  5
28BA
  8
TOP-ASSEMBLY-LAYER
  0
POLYLINE
  5
1162
  8
TOP-ASSEMBLY-LAYER
 66
     1
 10
0.0
 20
0.0
 30
0.0
 40
0.1
 41
0.1
  0
VERTEX
  5
216B
  8
TOP-ASSEMBLY-LAYER
 10
52.85195681991366
 20
92.81842291084584
 30
0.0
  0
VERTEX
  5
216C
  8
TOP-ASSEMBLY-LAYER
 10
52.93612268224538
 20
92.4496692913386
 30
0.0
  0
SEQEND
  5
28BB
  8
TOP-ASSEMBLY-LAYER
  0
POLYLINE
  5
1163
  8
TOP-ASSEMBLY-LAYER
 66
     1
 10
0.0
 20
0.0
 30
0.0
 40
0.1
 41
0.1
  0
VERTEX
  5
216D
  8
TOP-ASSEMBLY-LAYER
 10
53.28725882651765
 20
97.44946583693168
 30
0.0
  0
VERTEX
  5
216E
  8
TOP-ASSEMBLY-LAYER
 10
53.38621005842013
 20
96.95198196596394
 30
0.0
  0
SEQEND
  5
28BC
  8
TOP-ASSEMBLY-LAYER
  0
POLYLINE
  5
1164
  8
TOP-ASSEMBLY-LAYER
 66
     1
 10
0.0
 20
0.0
 30
0.0
 40
0.1
 41
0.1
  0
VERTEX
  5
216F
  8
TOP-ASSEMBLY-LAYER
 10
71.76309448818898
 20
97.63817856235713
 30
0.0
  0
VERTEX
  5
2170
  8
TOP-ASSEMBLY-LAYER
 10
71.76309448818898
 20
98.03817678435358
 30
0.0
  0
SEQEND
  5
28BD
  8
TOP-ASSEMBLY-LAYER
  0
POLYLINE
  5
1165
  8
TOP-ASSEMBLY-LAYER
 66
     1
 10
0.0
 20
0.0
 30
0.0
 40
0.1
 41
0.1
  0
VERTEX
  5
2171
  8
TOP-ASSEMBLY-LAYER
 10
72.7631041402083
 20
97.63817856235713
 30
0.0
  0
VERTEX
  5
2172
  8
TOP-ASSEMBLY-LAYER
 10
72.7631041402083
 20
98.03817678435358
 30
0.0
  0
SEQEND
  5
28BE
  8
TOP-ASSEMBLY-LAYER
  0
POLYLINE
  5
1166
  8
TOP-ASSEMBLY-LAYER
 66
     1
 10
0.0
 20
0.0
 30
0.0
 40
0.1
 41
0.1
  0
VERTEX
  5
2173
  8
TOP-ASSEMBLY-LAYER
 10
78.72163271526543
 20
98.04117399034799
 30
0.0
  0
VERTEX
  5
2174
  8
TOP-ASSEMBLY-LAYER
 10
78.81712446024892
 20
98.33507086614175
 30
0.0
  0
SEQEND
  5
28BF
  8
TOP-ASSEMBLY-LAYER
  0
POLYLINE
  5
1167
  8
TOP-ASSEMBLY-LAYER
 66
     1
 10
0.0
 20
0.0
 30
0.0
 40
0.1
 41
0.1
  0
VERTEX
  5
2175
  8
TOP-ASSEMBLY-LAYER
 10
79.62614808229618
 20
97.34728143256287
 30
0.0
  0
VERTEX
  5
2176
  8
TOP-ASSEMBLY-LAYER
 10
79.72163982727967
 20
97.64117576835154
 30
0.0
  0
SEQEND
  5
28C0
  8
TOP-ASSEMBLY-LAYER
  0
POLYLINE
  5
1168
  8
TOP-ASSEMBLY-LAYER
 66
     1
 10
0.0
 20
0.0
 30
0.0
 40
0.1
 41
0.1
  0
VERTEX
  5
2177
  8
TOP-ASSEMBLY-LAYER
 10
158.6996388112777
 20
52.31481635763272
 30
0.0
  0
VERTEX
  5
2178
  8
TOP-ASSEMBLY-LAYER
 10
158.9777647955296
 20
52.31481635763272
 30
0.0
  0
SEQEND
  5
28C1
  8
TOP-ASSEMBLY-LAYER
  0
POLYLINE
  5
1169
  8
TOP-ASSEMBLY-LAYER
 66
     1
 10
0.0
 20
0.0
 30
0.0
 40
0.1
 41
0.1
  0
VERTEX
  5
2179
  8
TOP-ASSEMBLY-LAYER
 10
164.7004356108712
 20
52.31481635763272
 30
0.0
  0
VERTEX
  5
217A
  8
TOP-ASSEMBLY-LAYER
 10
164.9785615951232
 20
52.31481635763272
 30
0.0
  0
SEQEND
  5
28C2
  8
TOP-ASSEMBLY-LAYER
  0
POLYLINE
  5
1170
  8
TOP-ASSEMBLY-LAYER
 66
     1
 10
0.0
 20
0.0
 30
0.0
 40
0.1
 41
0.1
  0
VERTEX
  5
217B
  8
TOP-ASSEMBLY-LAYER
 10
78.72163271526543
 20
97.64117576835154
 30
0.0
  0
VERTEX
  5
217C
  8
TOP-ASSEMBLY-LAYER
 10
78.72163271526543
 20
98.04117399034799
 30
0.0
  0
SEQEND
  5
28C3
  8
TOP-ASSEMBLY-LAYER
  0
POLYLINE
  5
1171
  8
TOP-ASSEMBLY-LAYER
 66
     1
 10
0.0
 20
0.0
 30
0.0
 40
0.1
 41
0.1
  0
VERTEX
  5
217D
  8
TOP-ASSEMBLY-LAYER
 10
87.02191338582679
 20
98.04117399034799
 30
0.0
  0
VERTEX
  5
217E
  8
TOP-ASSEMBLY-LAYER
 10
87.11740513081027
 20
98.33507086614175
 30
0.0
  0
SEQEND
  5
28C4
  8
TOP-ASSEMBLY-LAYER
  0
POLYLINE
  5
1172
  8
TOP-ASSEMBLY-LAYER
 66
     1
 10
0.0
 20
0.0
 30
0.0
 40
0.1
 41
0.1
  0
VERTEX
  5
217F
  8
TOP-ASSEMBLY-LAYER
 10
87.92642900685802
 20
97.34728143256287
 30
0.0
  0
VERTEX
  5
2180
  8
TOP-ASSEMBLY-LAYER
 10
88.021920497841
 20
97.64117576835154
 30
0.0
  0
SEQEND
  5
28C5
  8
TOP-ASSEMBLY-LAYER
  0
POLYLINE
  5
1173
  8
TOP-ASSEMBLY-LAYER
 66
     1
 10
0.0
 20
0.0
 30
0.0
 40
0.1
 41
0.1
  0
VERTEX
  5
2181
  8
TOP-ASSEMBLY-LAYER
 10
158.6996388112777
 20
55.37096926593853
 30
0.0
  0
VERTEX
  5
2182
  8
TOP-ASSEMBLY-LAYER
 10
158.9777647955296
 20
55.37096926593853
 30
0.0
  0
SEQEND
  5
28C6
  8
TOP-ASSEMBLY-LAYER
  0
POLYLINE
  5
1174
  8
TOP-ASSEMBLY-LAYER
 66
     1
 10
0.0
 20
0.0
 30
0.0
 40
0.1
 41
0.1
  0
VERTEX
  5
2183
  8
TOP-ASSEMBLY-LAYER
 10
164.7004356108712
 20
55.37096926593853
 30
0.0
  0
VERTEX
  5
2184
  8
TOP-ASSEMBLY-LAYER
 10
164.9785615951232
 20
55.37096926593853
 30
0.0
  0
SEQEND
  5
28C7
  8
TOP-ASSEMBLY-LAYER
  0
POLYLINE
  5
1175
  8
TOP-ASSEMBLY-LAYER
 66
     1
 10
0.0
 20
0.0
 30
0.0
 40
0.1
 41
0.1
  0
VERTEX
  5
2185
  8
TOP-ASSEMBLY-LAYER
 10
160.489713487427
 20
58.04289484378969
 30
0.0
  0
VERTEX
  5
2186
  8
TOP-ASSEMBLY-LAYER
 10
162.1894983489967
 20
58.04289484378969
 30
0.0
  0
SEQEND
  5
28C8
  8
TOP-ASSEMBLY-LAYER
  0
POLYLINE
  5
1176
  8
TOP-ASSEMBLY-LAYER
 66
     1
 10
0.0
 20
0.0
 30
0.0
 40
0.1
 41
0.1
  0
VERTEX
  5
2187
  8
TOP-ASSEMBLY-LAYER
 10
160.489713487427
 20
58.94292202184405
 30
0.0
  0
VERTEX
  5
2188
  8
TOP-ASSEMBLY-LAYER
 10
162.1894983489967
 20
58.94292202184405
 30
0.0
  0
SEQEND
  5
28C9
  8
TOP-ASSEMBLY-LAYER
  0
POLYLINE
  5
1177
  8
TOP-ASSEMBLY-LAYER
 66
     1
 10
0.0
 20
0.0
 30
0.0
 40
0.1
 41
0.1
  0
VERTEX
  5
2189
  8
TOP-ASSEMBLY-LAYER
 10
20.4827584455169
 20
96.02867818135638
 30
0.0
  0
VERTEX
  5
218A
  8
TOP-ASSEMBLY-LAYER
 10
20.9045016510033
 20
95.74687426974855
 30
0.0
  0
SEQEND
  5
28CA
  8
TOP-ASSEMBLY-LAYER
  0
POLYLINE
  5
1178
  8
TOP-ASSEMBLY-LAYER
 66
     1
 10
0.0
 20
0.0
 30
0.0
 40
0.1
 41
0.1
  0
VERTEX
  5
218B
  8
TOP-ASSEMBLY-LAYER
 10
21.89946939293879
 20
98.1540088900178
 30
0.0
  0
VERTEX
  5
218C
  8
TOP-ASSEMBLY-LAYER
 10
22.32121259842519
 20
97.87220497840995
 30
0.0
  0
SEQEND
  5
28CB
  8
TOP-ASSEMBLY-LAYER
  0
POLYLINE
  5
1179
  8
TOP-ASSEMBLY-LAYER
 66
     1
 10
0.0
 20
0.0
 30
0.0
 40
0.1
 41
0.1
  0
VERTEX
  5
218D
  8
TOP-ASSEMBLY-LAYER
 10
51.32050342900686
 20
92.08065913131827
 30
0.0
  0
VERTEX
  5
218E
  8
TOP-ASSEMBLY-LAYER
 10
51.5563332486665
 20
91.78494361188724
 30
0.0
  0
SEQEND
  5
28CC
  8
TOP-ASSEMBLY-LAYER
  0
POLYLINE
  5
1180
  8
TOP-ASSEMBLY-LAYER
 66
     1
 10
0.0
 20
0.0
 30
0.0
 40
0.1
 41
0.1
  0
VERTEX
  5
218F
  8
TOP-ASSEMBLY-LAYER
 10
52.6161272542545
 20
93.11413843027687
 30
0.0
  0
VERTEX
  5
2190
  8
TOP-ASSEMBLY-LAYER
 10
52.85195681991366
 20
92.81842291084584
 30
0.0
  0
SEQEND
  5
28CD
  8
TOP-ASSEMBLY-LAYER
  0
POLYLINE
  5
1181
  8
TOP-ASSEMBLY-LAYER
 66
     1
 10
0.0
 20
0.0
 30
0.0
 40
0.1
 41
0.1
  0
VERTEX
  5
2191
  8
TOP-ASSEMBLY-LAYER
 10
50.88520167640336
 20
96.44942062484125
 30
0.0
  0
VERTEX
  5
2192
  8
TOP-ASSEMBLY-LAYER
 10
51.16700558801119
 20
96.02768249936501
 30
0.0
  0
SEQEND
  5
28CE
  8
TOP-ASSEMBLY-LAYER
  0
POLYLINE
  5
1182
  8
TOP-ASSEMBLY-LAYER
 66
     1
 10
0.0
 20
0.0
 30
0.0
 40
0.1
 41
0.1
  0
VERTEX
  5
2193
  8
TOP-ASSEMBLY-LAYER
 10
53.00545999492
 20
97.87120675641353
 30
0.0
  0
VERTEX
  5
2194
  8
TOP-ASSEMBLY-LAYER
 10
53.28725882651765
 20
97.44946583693168
 30
0.0
  0
SEQEND
  5
28CF
  8
TOP-ASSEMBLY-LAYER
  0
POLYLINE
  5
1183
  8
TOP-ASSEMBLY-LAYER
 66
     1
 10
0.0
 20
0.0
 30
0.0
 40
0.1
 41
0.1
  0
VERTEX
  5
2195
  8
TOP-ASSEMBLY-LAYER
 10
63.46281635763273
 20
97.63817856235713
 30
0.0
  0
VERTEX
  5
2196
  8
TOP-ASSEMBLY-LAYER
 10
63.55830810261622
 20
97.34428397256796
 30
0.0
  0
SEQEND
  5
28D0
  8
TOP-ASSEMBLY-LAYER
  0
POLYLINE
  5
1184
  8
TOP-ASSEMBLY-LAYER
 66
     1
 10
0.0
 20
0.0
 30
0.0
 40
0.1
 41
0.1
  0
VERTEX
  5
2197
  8
TOP-ASSEMBLY-LAYER
 10
64.36733172466346
 20
98.33207366014733
 30
0.0
  0
VERTEX
  5
2198
  8
TOP-ASSEMBLY-LAYER
 10
64.46282346964693
 20
98.03817678435358
 30
0.0
  0
SEQEND
  5
28D1
  8
TOP-ASSEMBLY-LAYER
  0
POLYLINE
  5
1185
  8
TOP-ASSEMBLY-LAYER
 66
     1
 10
0.0
 20
0.0
 30
0.0
 40
0.1
 41
0.1
  0
VERTEX
  5
2199
  8
TOP-ASSEMBLY-LAYER
 10
79.72163982727967
 20
97.64117576835154
 30
0.0
  0
VERTEX
  5
219A
  8
TOP-ASSEMBLY-LAYER
 10
79.72163982727967
 20
98.04117399034799
 30
0.0
  0
SEQEND
  5
28D2
  8
TOP-ASSEMBLY-LAYER
  0
POLYLINE
  5
1186
  8
TOP-ASSEMBLY-LAYER
 66
     1
 10
0.0
 20
0.0
 30
0.0
 40
0.1
 41
0.1
  0
VERTEX
  5
219B
  8
TOP-ASSEMBLY-LAYER
 10
20.87208610617222
 20
91.78594183388367
 30
0.0
  0
VERTEX
  5
219C
  8
TOP-ASSEMBLY-LAYER
 10
21.21287147574296
 20
91.62182905765813
 30
0.0
  0
SEQEND
  5
28D3
  8
TOP-ASSEMBLY-LAYER
  0
POLYLINE
  5
1187
  8
TOP-ASSEMBLY-LAYER
 66
     1
 10
0.0
 20
0.0
 30
0.0
 40
0.1
 41
0.1
  0
VERTEX
  5
219D
  8
TOP-ASSEMBLY-LAYER
 10
21.5911043942088
 20
93.27924917449836
 30
0.0
  0
VERTEX
  5
219E
  8
TOP-ASSEMBLY-LAYER
 10
21.93188493776987
 20
93.11513919227839
 30
0.0
  0
SEQEND
  5
28D4
  8
TOP-ASSEMBLY-LAYER
  0
POLYLINE
  5
1188
  8
TOP-ASSEMBLY-LAYER
 66
     1
 10
0.0
 20
0.0
 30
0.0
 40
0.1
 41
0.1
  0
VERTEX
  5
219F
  8
TOP-ASSEMBLY-LAYER
 10
35.72288036576074
 20
96.02867818135638
 30
0.0
  0
VERTEX
  5
21A0
  8
TOP-ASSEMBLY-LAYER
 10
36.14462357124714
 20
95.74687426974855
 30
0.0
  0
SEQEND
  5
28D5
  8
TOP-ASSEMBLY-LAYER
  0
POLYLINE
  5
1189
  8
TOP-ASSEMBLY-LAYER
 66
     1
 10
0.0
 20
0.0
 30
0.0
 40
0.1
 41
0.1
  0
VERTEX
  5
21A1
  8
TOP-ASSEMBLY-LAYER
 10
37.13959131318263
 20
98.1540088900178
 30
0.0
  0
VERTEX
  5
21A2
  8
TOP-ASSEMBLY-LAYER
 10
37.56133451866904
 20
97.87220497840995
 30
0.0
  0
SEQEND
  5
28D6
  8
TOP-ASSEMBLY-LAYER
  0
POLYLINE
  5
1190
  8
TOP-ASSEMBLY-LAYER
 66
     1
 10
0.0
 20
0.0
 30
0.0
 40
0.1
 41
0.1
  0
VERTEX
  5
21A3
  8
TOP-ASSEMBLY-LAYER
 10
71.76309448818898
 20
97.63817856235713
 30
0.0
  0
VERTEX
  5
21A4
  8
TOP-ASSEMBLY-LAYER
 10
71.85858877317754
 20
97.34428397256796
 30
0.0
  0
SEQEND
  5
28D7
  8
TOP-ASSEMBLY-LAYER
  0
POLYLINE
  5
1191
  8
TOP-ASSEMBLY-LAYER
 66
     1
 10
0.0
 20
0.0
 30
0.0
 40
0.1
 41
0.1
  0
VERTEX
  5
21A5
  8
TOP-ASSEMBLY-LAYER
 10
72.66760985521974
 20
98.33207366014733
 30
0.0
  0
VERTEX
  5
21A6
  8
TOP-ASSEMBLY-LAYER
 10
72.7631041402083
 20
98.03817678435358
 30
0.0
  0
SEQEND
  5
28D8
  8
TOP-ASSEMBLY-LAYER
  0
POLYLINE
  5
1192
  8
TOP-ASSEMBLY-LAYER
 66
     1
 10
0.0
 20
0.0
 30
0.0
 40
0.1
 41
0.1
  0
VERTEX
  5
21A7
  8
TOP-ASSEMBLY-LAYER
 10
87.02191338582679
 20
97.64117576835154
 30
0.0
  0
VERTEX
  5
21A8
  8
TOP-ASSEMBLY-LAYER
 10
87.02191338582679
 20
98.04117399034799
 30
0.0
  0
SEQEND
  5
28D9
  8
TOP-ASSEMBLY-LAYER
  0
POLYLINE
  5
1193
  8
TOP-ASSEMBLY-LAYER
 66
     1
 10
0.0
 20
0.0
 30
0.0
 40
0.1
 41
0.1
  0
VERTEX
  5
21A9
  8
TOP-ASSEMBLY-LAYER
 10
88.021920497841
 20
97.64117576835154
 30
0.0
  0
VERTEX
  5
21AA
  8
TOP-ASSEMBLY-LAYER
 10
88.021920497841
 20
98.04117399034799
 30
0.0
  0
SEQEND
  5
28DA
  8
TOP-ASSEMBLY-LAYER
  0
POLYLINE
  5
1194
  8
TOP-ASSEMBLY-LAYER
 66
     1
 10
0.0
 20
0.0
 30
0.0
 40
0.1
 41
0.1
  0
VERTEX
  5
21AB
  8
TOP-ASSEMBLY-LAYER
 10
160.077759461519
 20
88.41034696469394
 30
0.0
  0
VERTEX
  5
21AC
  8
TOP-ASSEMBLY-LAYER
 10
160.3716563373127
 20
88.5058412496825
 30
0.0
  0
SEQEND
  5
28DB
  8
TOP-ASSEMBLY-LAYER
  0
POLYLINE
  5
1195
  8
TOP-ASSEMBLY-LAYER
 66
     1
 10
0.0
 20
0.0
 30
0.0
 40
0.1
 41
0.1
  0
VERTEX
  5
21AD
  8
TOP-ASSEMBLY-LAYER
 10
162.17166497333
 20
87.50583413766829
 30
0.0
  0
VERTEX
  5
21AE
  8
TOP-ASSEMBLY-LAYER
 10
162.4655593091186
 20
87.60132334264668
 30
0.0
  0
SEQEND
  5
28DC
  8
TOP-ASSEMBLY-LAYER
  0
POLYLINE
  5
1196
  8
TOP-ASSEMBLY-LAYER
 66
     1
 10
0.0
 20
0.0
 30
0.0
 40
0.1
 41
0.1
  0
VERTEX
  5
21AF
  8
TOP-ASSEMBLY-LAYER
 10
166.5878206756414
 20
88.41034696469394
 30
0.0
  0
VERTEX
  5
21B0
  8
TOP-ASSEMBLY-LAYER
 10
166.881712471425
 20
88.5058412496825
 30
0.0
  0
SEQEND
  5
28DD
  8
TOP-ASSEMBLY-LAYER
  0
POLYLINE
  5
1197
  8
TOP-ASSEMBLY-LAYER
 66
     1
 10
0.0
 20
0.0
 30
0.0
 40
0.1
 41
0.1
  0
VERTEX
  5
21B1
  8
TOP-ASSEMBLY-LAYER
 10
167.5817165354331
 20
87.50583413766829
 30
0.0
  0
VERTEX
  5
21B2
  8
TOP-ASSEMBLY-LAYER
 10
167.8756108712218
 20
87.60132334264668
 30
0.0
  0
SEQEND
  5
28DE
  8
TOP-ASSEMBLY-LAYER
  0
POLYLINE
  5
1198
  8
TOP-ASSEMBLY-LAYER
 66
     1
 10
0.0
 20
0.0
 30
0.0
 40
0.1
 41
0.1
  0
VERTEX
  5
21B3
  8
TOP-ASSEMBLY-LAYER
 10
160.3716563373127
 20
73.00571882143765
 30
0.0
  0
VERTEX
  5
21B4
  8
TOP-ASSEMBLY-LAYER
 10
162.17166497333
 20
73.00571882143765
 30
0.0
  0
SEQEND
  5
28DF
  8
TOP-ASSEMBLY-LAYER
  0
POLYLINE
  5
1199
  8
TOP-ASSEMBLY-LAYER
 66
     1
 10
0.0
 20
0.0
 30
0.0
 40
0.1
 41
0.1
  0
VERTEX
  5
21B5
  8
TOP-ASSEMBLY-LAYER
 10
166.881712471425
 20
73.00571882143765
 30
0.0
  0
VERTEX
  5
21B6
  8
TOP-ASSEMBLY-LAYER
 10
167.5817165354331
 20
73.00571882143765
 30
0.0
  0
SEQEND
  5
28E0
  8
TOP-ASSEMBLY-LAYER
  0
POLYLINE
  5
1200
  8
TOP-ASSEMBLY-LAYER
 66
     1
 10
0.0
 20
0.0
 30
0.0
 40
0.1
 41
0.1
  0
VERTEX
  5
21B7
  8
TOP-ASSEMBLY-LAYER
 10
160.3716563373127
 20
74.00572593345188
 30
0.0
  0
VERTEX
  5
21B8
  8
TOP-ASSEMBLY-LAYER
 10
162.17166497333
 20
74.00572593345188
 30
0.0
  0
SEQEND
  5
28E1
  8
TOP-ASSEMBLY-LAYER
  0
POLYLINE
  5
1201
  8
TOP-ASSEMBLY-LAYER
 66
     1
 10
0.0
 20
0.0
 30
0.0
 40
0.1
 41
0.1
  0
VERTEX
  5
21B9
  8
TOP-ASSEMBLY-LAYER
 10
166.881712471425
 20
74.00572593345188
 30
0.0
  0
VERTEX
  5
21BA
  8
TOP-ASSEMBLY-LAYER
 10
167.5817165354331
 20
74.00572593345188
 30
0.0
  0
SEQEND
  5
28E2
  8
TOP-ASSEMBLY-LAYER
  0
POLYLINE
  5
1202
  8
TOP-ASSEMBLY-LAYER
 66
     1
 10
0.0
 20
0.0
 30
0.0
 40
0.1
 41
0.1
  0
VERTEX
  5
21BB
  8
TOP-ASSEMBLY-LAYER
 10
36.11220802641606
 20
91.78594183388367
 30
0.0
  0
VERTEX
  5
21BC
  8
TOP-ASSEMBLY-LAYER
 10
36.4529933959868
 20
91.62182905765813
 30
0.0
  0
SEQEND
  5
28E3
  8
TOP-ASSEMBLY-LAYER
  0
POLYLINE
  5
1203
  8
TOP-ASSEMBLY-LAYER
 66
     1
 10
0.0
 20
0.0
 30
0.0
 40
0.1
 41
0.1
  0
VERTEX
  5
21BD
  8
TOP-ASSEMBLY-LAYER
 10
36.83122631445264
 20
93.27924917449836
 30
0.0
  0
VERTEX
  5
21BE
  8
TOP-ASSEMBLY-LAYER
 10
37.17200685801372
 20
93.11513919227839
 30
0.0
  0
SEQEND
  5
28E4
  8
TOP-ASSEMBLY-LAYER
  0
POLYLINE
  5
1204
  8
TOP-ASSEMBLY-LAYER
 66
     1
 10
0.0
 20
0.0
 30
0.0
 40
0.1
 41
0.1
  0
VERTEX
  5
21BF
  8
TOP-ASSEMBLY-LAYER
 10
51.16700558801119
 20
96.02768249936501
 30
0.0
  0
VERTEX
  5
21C0
  8
TOP-ASSEMBLY-LAYER
 10
51.5887487934976
 20
95.74587350774702
 30
0.0
  0
SEQEND
  5
28E5
  8
TOP-ASSEMBLY-LAYER
  0
POLYLINE
  5
1205
  8
TOP-ASSEMBLY-LAYER
 66
     1
 10
0.0
 20
0.0
 30
0.0
 40
0.1
 41
0.1
  0
VERTEX
  5
21C1
  8
TOP-ASSEMBLY-LAYER
 10
78.72163271526543
 20
97.64117576835154
 30
0.0
  0
VERTEX
  5
21C2
  8
TOP-ASSEMBLY-LAYER
 10
78.81712446024892
 20
97.34728143256287
 30
0.0
  0
SEQEND
  5
28E6
  8
TOP-ASSEMBLY-LAYER
  0
POLYLINE
  5
1206
  8
TOP-ASSEMBLY-LAYER
 66
     1
 10
0.0
 20
0.0
 30
0.0
 40
0.1
 41
0.1
  0
VERTEX
  5
21C3
  8
TOP-ASSEMBLY-LAYER
 10
79.62614808229618
 20
98.33507086614175
 30
0.0
  0
VERTEX
  5
21C4
  8
TOP-ASSEMBLY-LAYER
 10
79.72163982727967
 20
98.04117399034799
 30
0.0
  0
SEQEND
  5
28E7
  8
TOP-ASSEMBLY-LAYER
  0
POLYLINE
  5
1207
  8
TOP-ASSEMBLY-LAYER
 66
     1
 10
0.0
 20
0.0
 30
0.0
 40
0.1
 41
0.1
  0
VERTEX
  5
21C5
  8
TOP-ASSEMBLY-LAYER
 10
51.5563332486665
 20
91.78494361188724
 30
0.0
  0
VERTEX
  5
21C6
  8
TOP-ASSEMBLY-LAYER
 10
51.89711633223266
 20
91.62083083566168
 30
0.0
  0
SEQEND
  5
28E8
  8
TOP-ASSEMBLY-LAYER
  0
POLYLINE
  5
1208
  8
TOP-ASSEMBLY-LAYER
 66
     1
 10
0.0
 20
0.0
 30
0.0
 40
0.1
 41
0.1
  0
VERTEX
  5
21C7
  8
TOP-ASSEMBLY-LAYER
 10
52.27534671069343
 20
93.27824841249682
 30
0.0
  0
VERTEX
  5
21C8
  8
TOP-ASSEMBLY-LAYER
 10
52.6161272542545
 20
93.11413843027687
 30
0.0
  0
SEQEND
  5
28E9
  8
TOP-ASSEMBLY-LAYER
  0
POLYLINE
  5
1209
  8
TOP-ASSEMBLY-LAYER
 66
     1
 10
0.0
 20
0.0
 30
0.0
 40
0.1
 41
0.1
  0
VERTEX
  5
21C9
  8
TOP-ASSEMBLY-LAYER
 10
52.58371145542291
 20
98.15300812801628
 30
0.0
  0
VERTEX
  5
21CA
  8
TOP-ASSEMBLY-LAYER
 10
53.00545999492
 20
97.87120675641353
 30
0.0
  0
SEQEND
  5
28EA
  8
TOP-ASSEMBLY-LAYER
  0
POLYLINE
  5
1210
  8
TOP-ASSEMBLY-LAYER
 66
     1
 10
0.0
 20
0.0
 30
0.0
 40
0.1
 41
0.1
  0
VERTEX
  5
21CB
  8
TOP-ASSEMBLY-LAYER
 10
63.55830810261622
 20
97.34428397256796
 30
0.0
  0
VERTEX
  5
21CC
  8
TOP-ASSEMBLY-LAYER
 10
63.80831115062229
 20
97.16264541529084
 30
0.0
  0
SEQEND
  5
28EB
  8
TOP-ASSEMBLY-LAYER
  0
POLYLINE
  5
1211
  8
TOP-ASSEMBLY-LAYER
 66
     1
 10
0.0
 20
0.0
 30
0.0
 40
0.1
 41
0.1
  0
VERTEX
  5
21CD
  8
TOP-ASSEMBLY-LAYER
 10
64.11732867665737
 20
98.51371501143002
 30
0.0
  0
VERTEX
  5
21CE
  8
TOP-ASSEMBLY-LAYER
 10
64.36733172466346
 20
98.33207366014733
 30
0.0
  0
SEQEND
  5
28EC
  8
TOP-ASSEMBLY-LAYER
  0
POLYLINE
  5
1212
  8
TOP-ASSEMBLY-LAYER
 66
     1
 10
0.0
 20
0.0
 30
0.0
 40
0.1
 41
0.1
  0
VERTEX
  5
21CF
  8
TOP-ASSEMBLY-LAYER
 10
87.02191338582679
 20
97.64117576835154
 30
0.0
  0
VERTEX
  5
21D0
  8
TOP-ASSEMBLY-LAYER
 10
87.11740513081027
 20
97.34728143256287
 30
0.0
  0
SEQEND
  5
28ED
  8
TOP-ASSEMBLY-LAYER
  0
POLYLINE
  5
1213
  8
TOP-ASSEMBLY-LAYER
 66
     1
 10
0.0
 20
0.0
 30
0.0
 40
0.1
 41
0.1
  0
VERTEX
  5
21D1
  8
TOP-ASSEMBLY-LAYER
 10
87.92642900685802
 20
98.33507086614175
 30
0.0
  0
VERTEX
  5
21D2
  8
TOP-ASSEMBLY-LAYER
 10
88.021920497841
 20
98.04117399034799
 30
0.0
  0
SEQEND
  5
28EE
  8
TOP-ASSEMBLY-LAYER
  0
POLYLINE
  5
1214
  8
TOP-ASSEMBLY-LAYER
 66
     1
 10
0.0
 20
0.0
 30
0.0
 40
0.1
 41
0.1
  0
VERTEX
  5
21D3
  8
TOP-ASSEMBLY-LAYER
 10
160.077759461519
 20
73.91023164846331
 30
0.0
  0
VERTEX
  5
21D4
  8
TOP-ASSEMBLY-LAYER
 10
160.3716563373127
 20
74.00572593345188
 30
0.0
  0
SEQEND
  5
28EF
  8
TOP-ASSEMBLY-LAYER
  0
POLYLINE
  5
1215
  8
TOP-ASSEMBLY-LAYER
 66
     1
 10
0.0
 20
0.0
 30
0.0
 40
0.1
 41
0.1
  0
VERTEX
  5
21D5
  8
TOP-ASSEMBLY-LAYER
 10
162.17166497333
 20
73.00571882143765
 30
0.0
  0
VERTEX
  5
21D6
  8
TOP-ASSEMBLY-LAYER
 10
162.4655593091186
 20
73.10121818643637
 30
0.0
  0
SEQEND
  5
28F0
  8
TOP-ASSEMBLY-LAYER
  0
POLYLINE
  5
1216
  8
TOP-ASSEMBLY-LAYER
 66
     1
 10
0.0
 20
0.0
 30
0.0
 40
0.1
 41
0.1
  0
VERTEX
  5
21D7
  8
TOP-ASSEMBLY-LAYER
 10
166.5878206756414
 20
73.91023164846331
 30
0.0
  0
VERTEX
  5
21D8
  8
TOP-ASSEMBLY-LAYER
 10
166.881712471425
 20
74.00572593345188
 30
0.0
  0
SEQEND
  5
28F1
  8
TOP-ASSEMBLY-LAYER
  0
POLYLINE
  5
1217
  8
TOP-ASSEMBLY-LAYER
 66
     1
 10
0.0
 20
0.0
 30
0.0
 40
0.1
 41
0.1
  0
VERTEX
  5
21D9
  8
TOP-ASSEMBLY-LAYER
 10
167.5817165354331
 20
73.00571882143765
 30
0.0
  0
VERTEX
  5
21DA
  8
TOP-ASSEMBLY-LAYER
 10
167.8756108712218
 20
73.10121818643637
 30
0.0
  0
SEQEND
  5
28F2
  8
TOP-ASSEMBLY-LAYER
  0
POLYLINE
  5
1218
  8
TOP-ASSEMBLY-LAYER
 66
     1
 10
0.0
 20
0.0
 30
0.0
 40
0.1
 41
0.1
  0
VERTEX
  5
21DB
  8
TOP-ASSEMBLY-LAYER
 10
160.3716563373127
 20
87.50583413766829
 30
0.0
  0
VERTEX
  5
21DC
  8
TOP-ASSEMBLY-LAYER
 10
162.17166497333
 20
87.50583413766829
 30
0.0
  0
SEQEND
  5
28F3
  8
TOP-ASSEMBLY-LAYER
  0
POLYLINE
  5
1219
  8
TOP-ASSEMBLY-LAYER
 66
     1
 10
0.0
 20
0.0
 30
0.0
 40
0.1
 41
0.1
  0
VERTEX
  5
21DD
  8
TOP-ASSEMBLY-LAYER
 10
166.881712471425
 20
87.50583413766829
 30
0.0
  0
VERTEX
  5
21DE
  8
TOP-ASSEMBLY-LAYER
 10
167.5817165354331
 20
87.50583413766829
 30
0.0
  0
SEQEND
  5
28F4
  8
TOP-ASSEMBLY-LAYER
  0
POLYLINE
  5
1220
  8
TOP-ASSEMBLY-LAYER
 66
     1
 10
0.0
 20
0.0
 30
0.0
 40
0.1
 41
0.1
  0
VERTEX
  5
21DF
  8
TOP-ASSEMBLY-LAYER
 10
20.9045016510033
 20
95.74687426974855
 30
0.0
  0
VERTEX
  5
21E0
  8
TOP-ASSEMBLY-LAYER
 10
21.40198552197105
 20
95.64791795783593
 30
0.0
  0
SEQEND
  5
28F5
  8
TOP-ASSEMBLY-LAYER
  0
POLYLINE
  5
1221
  8
TOP-ASSEMBLY-LAYER
 66
     1
 10
0.0
 20
0.0
 30
0.0
 40
0.1
 41
0.1
  0
VERTEX
  5
21E1
  8
TOP-ASSEMBLY-LAYER
 10
21.40198552197105
 20
98.25296266192534
 30
0.0
  0
VERTEX
  5
21E2
  8
TOP-ASSEMBLY-LAYER
 10
21.89946939293879
 20
98.1540088900178
 30
0.0
  0
SEQEND
  5
28F6
  8
TOP-ASSEMBLY-LAYER
  0
POLYLINE
  5
1222
  8
TOP-ASSEMBLY-LAYER
 66
     1
 10
0.0
 20
0.0
 30
0.0
 40
0.1
 41
0.1
  0
VERTEX
  5
21E3
  8
TOP-ASSEMBLY-LAYER
 10
36.14462357124714
 20
95.74687426974855
 30
0.0
  0
VERTEX
  5
21E4
  8
TOP-ASSEMBLY-LAYER
 10
36.64210744221489
 20
95.64791795783593
 30
0.0
  0
SEQEND
  5
28F7
  8
TOP-ASSEMBLY-LAYER
  0
POLYLINE
  5
1223
  8
TOP-ASSEMBLY-LAYER
 66
     1
 10
0.0
 20
0.0
 30
0.0
 40
0.1
 41
0.1
  0
VERTEX
  5
21E5
  8
TOP-ASSEMBLY-LAYER
 10
36.64210744221489
 20
98.25296266192534
 30
0.0
  0
VERTEX
  5
21E6
  8
TOP-ASSEMBLY-LAYER
 10
37.13959131318263
 20
98.1540088900178
 30
0.0
  0
SEQEND
  5
28F8
  8
TOP-ASSEMBLY-LAYER
  0
POLYLINE
  5
1224
  8
TOP-ASSEMBLY-LAYER
 66
     1
 10
0.0
 20
0.0
 30
0.0
 40
0.1
 41
0.1
  0
VERTEX
  5
21E7
  8
TOP-ASSEMBLY-LAYER
 10
160.2251993903988
 20
58.1288412496825
 30
0.0
  0
VERTEX
  5
21E8
  8
TOP-ASSEMBLY-LAYER
 10
160.489713487427
 20
58.04289484378969
 30
0.0
  0
SEQEND
  5
28F9
  8
TOP-ASSEMBLY-LAYER
  0
POLYLINE
  5
1225
  8
TOP-ASSEMBLY-LAYER
 66
     1
 10
0.0
 20
0.0
 30
0.0
 40
0.1
 41
0.1
  0
VERTEX
  5
21E9
  8
TOP-ASSEMBLY-LAYER
 10
162.1894983489967
 20
58.94292202184405
 30
0.0
  0
VERTEX
  5
21EA
  8
TOP-ASSEMBLY-LAYER
 10
162.4540073660147
 20
58.85697815595633
 30
0.0
  0
SEQEND
  5
28FA
  8
TOP-ASSEMBLY-LAYER
  0
POLYLINE
  5
1226
  8
TOP-ASSEMBLY-LAYER
 66
     1
 10
0.0
 20
0.0
 30
0.0
 40
0.1
 41
0.1
  0
VERTEX
  5
21EB
  8
TOP-ASSEMBLY-LAYER
 10
71.85858877317754
 20
97.34428397256796
 30
0.0
  0
VERTEX
  5
21EC
  8
TOP-ASSEMBLY-LAYER
 10
72.10858928117858
 20
97.16264541529084
 30
0.0
  0
SEQEND
  5
28FB
  8
TOP-ASSEMBLY-LAYER
  0
POLYLINE
  5
1227
  8
TOP-ASSEMBLY-LAYER
 66
     1
 10
0.0
 20
0.0
 30
0.0
 40
0.1
 41
0.1
  0
VERTEX
  5
21ED
  8
TOP-ASSEMBLY-LAYER
 10
72.41760680721362
 20
98.51371501143002
 30
0.0
  0
VERTEX
  5
21EE
  8
TOP-ASSEMBLY-LAYER
 10
72.66760985521974
 20
98.33207366014733
 30
0.0
  0
SEQEND
  5
28FC
  8
TOP-ASSEMBLY-LAYER
  0
POLYLINE
  5
1228
  8
TOP-ASSEMBLY-LAYER
 66
     1
 10
0.0
 20
0.0
 30
0.0
 40
0.1
 41
0.1
  0
VERTEX
  5
21EF
  8
TOP-ASSEMBLY-LAYER
 10
78.81712446024892
 20
97.34728143256287
 30
0.0
  0
VERTEX
  5
21F0
  8
TOP-ASSEMBLY-LAYER
 10
79.0671300482601
 20
97.16564262128526
 30
0.0
  0
SEQEND
  5
28FD
  8
TOP-ASSEMBLY-LAYER
  0
POLYLINE
  5
1229
  8
TOP-ASSEMBLY-LAYER
 66
     1
 10
0.0
 20
0.0
 30
0.0
 40
0.1
 41
0.1
  0
VERTEX
  5
21F1
  8
TOP-ASSEMBLY-LAYER
 10
160.3716563373127
 20
88.5058412496825
 30
0.0
  0
VERTEX
  5
21F2
  8
TOP-ASSEMBLY-LAYER
 10
162.17166497333
 20
88.5058412496825
 30
0.0
  0
SEQEND
  5
28FE
  8
TOP-ASSEMBLY-LAYER
  0
POLYLINE
  5
1230
  8
TOP-ASSEMBLY-LAYER
 66
     1
 10
0.0
 20
0.0
 30
0.0
 40
0.1
 41
0.1
  0
VERTEX
  5
21F3
  8
TOP-ASSEMBLY-LAYER
 10
166.881712471425
 20
88.5058412496825
 30
0.0
  0
VERTEX
  5
21F4
  8
TOP-ASSEMBLY-LAYER
 10
167.5817165354331
 20
88.5058412496825
 30
0.0
  0
SEQEND
  5
28FF
  8
TOP-ASSEMBLY-LAYER
  0
POLYLINE
  5
1231
  8
TOP-ASSEMBLY-LAYER
 66
     1
 10
0.0
 20
0.0
 30
0.0
 40
0.1
 41
0.1
  0
VERTEX
  5
21F5
  8
TOP-ASSEMBLY-LAYER
 10
51.89711633223266
 20
91.62083083566168
 30
0.0
  0
VERTEX
  5
21F6
  8
TOP-ASSEMBLY-LAYER
 10
52.27534671069343
 20
91.62083083566168
 30
0.0
  0
SEQEND
  5
2900
  8
TOP-ASSEMBLY-LAYER
  0
POLYLINE
  5
1232
  8
TOP-ASSEMBLY-LAYER
 66
     1
 10
0.0
 20
0.0
 30
0.0
 40
0.1
 41
0.1
  0
VERTEX
  5
21F7
  8
TOP-ASSEMBLY-LAYER
 10
21.21287147574296
 20
91.62182905765813
 30
0.0
  0
VERTEX
  5
21F8
  8
TOP-ASSEMBLY-LAYER
 10
21.5911043942088
 20
91.62182905765813
 30
0.0
  0
SEQEND
  5
2901
  8
TOP-ASSEMBLY-LAYER
  0
POLYLINE
  5
1233
  8
TOP-ASSEMBLY-LAYER
 66
     1
 10
0.0
 20
0.0
 30
0.0
 40
0.1
 41
0.1
  0
VERTEX
  5
21F9
  8
TOP-ASSEMBLY-LAYER
 10
36.4529933959868
 20
91.62182905765813
 30
0.0
  0
VERTEX
  5
21FA
  8
TOP-ASSEMBLY-LAYER
 10
36.83122631445264
 20
91.62182905765813
 30
0.0
  0
SEQEND
  5
2902
  8
TOP-ASSEMBLY-LAYER
  0
POLYLINE
  5
1234
  8
TOP-ASSEMBLY-LAYER
 66
     1
 10
0.0
 20
0.0
 30
0.0
 40
0.1
 41
0.1
  0
VERTEX
  5
21FB
  8
TOP-ASSEMBLY-LAYER
 10
51.89711633223266
 20
93.27824841249682
 30
0.0
  0
VERTEX
  5
21FC
  8
TOP-ASSEMBLY-LAYER
 10
52.27534671069343
 20
93.27824841249682
 30
0.0
  0
SEQEND
  5
2903
  8
TOP-ASSEMBLY-LAYER
  0
POLYLINE
  5
1235
  8
TOP-ASSEMBLY-LAYER
 66
     1
 10
0.0
 20
0.0
 30
0.0
 40
0.1
 41
0.1
  0
VERTEX
  5
21FD
  8
TOP-ASSEMBLY-LAYER
 10
21.21287147574296
 20
93.27924917449836
 30
0.0
  0
VERTEX
  5
21FE
  8
TOP-ASSEMBLY-LAYER
 10
21.5911043942088
 20
93.27924917449836
 30
0.0
  0
SEQEND
  5
2904
  8
TOP-ASSEMBLY-LAYER
  0
POLYLINE
  5
1236
  8
TOP-ASSEMBLY-LAYER
 66
     1
 10
0.0
 20
0.0
 30
0.0
 40
0.1
 41
0.1
  0
VERTEX
  5
21FF
  8
TOP-ASSEMBLY-LAYER
 10
36.4529933959868
 20
93.27924917449836
 30
0.0
  0
VERTEX
  5
2200
  8
TOP-ASSEMBLY-LAYER
 10
36.83122631445264
 20
93.27924917449836
 30
0.0
  0
SEQEND
  5
2905
  8
TOP-ASSEMBLY-LAYER
  0
POLYLINE
  5
1237
  8
TOP-ASSEMBLY-LAYER
 66
     1
 10
0.0
 20
0.0
 30
0.0
 40
0.1
 41
0.1
  0
VERTEX
  5
2201
  8
TOP-ASSEMBLY-LAYER
 10
51.5887487934976
 20
95.74587350774702
 30
0.0
  0
VERTEX
  5
2202
  8
TOP-ASSEMBLY-LAYER
 10
52.08623012446026
 20
95.6469171958344
 30
0.0
  0
SEQEND
  5
2906
  8
TOP-ASSEMBLY-LAYER
  0
POLYLINE
  5
1238
  8
TOP-ASSEMBLY-LAYER
 66
     1
 10
0.0
 20
0.0
 30
0.0
 40
0.1
 41
0.1
  0
VERTEX
  5
2203
  8
TOP-ASSEMBLY-LAYER
 10
52.08623012446026
 20
98.25196443992888
 30
0.0
  0
VERTEX
  5
2204
  8
TOP-ASSEMBLY-LAYER
 10
52.58371145542291
 20
98.15300812801628
 30
0.0
  0
SEQEND
  5
2907
  8
TOP-ASSEMBLY-LAYER
  0
POLYLINE
  5
1239
  8
TOP-ASSEMBLY-LAYER
 66
     1
 10
0.0
 20
0.0
 30
0.0
 40
0.1
 41
0.1
  0
VERTEX
  5
2205
  8
TOP-ASSEMBLY-LAYER
 10
79.37614503429008
 20
98.51671221742446
 30
0.0
  0
VERTEX
  5
2206
  8
TOP-ASSEMBLY-LAYER
 10
79.62614808229618
 20
98.33507086614175
 30
0.0
  0
SEQEND
  5
2908
  8
TOP-ASSEMBLY-LAYER
  0
POLYLINE
  5
1240
  8
TOP-ASSEMBLY-LAYER
 66
     1
 10
0.0
 20
0.0
 30
0.0
 40
0.1
 41
0.1
  0
VERTEX
  5
2207
  8
TOP-ASSEMBLY-LAYER
 10
87.11740513081027
 20
97.34728143256287
 30
0.0
  0
VERTEX
  5
2208
  8
TOP-ASSEMBLY-LAYER
 10
87.36740563881128
 20
97.16564262128526
 30
0.0
  0
SEQEND
  5
2909
  8
TOP-ASSEMBLY-LAYER
  0
POLYLINE
  5
1241
  8
TOP-ASSEMBLY-LAYER
 66
     1
 10
0.0
 20
0.0
 30
0.0
 40
0.1
 41
0.1
  0
VERTEX
  5
2209
  8
TOP-ASSEMBLY-LAYER
 10
87.67642341884687
 20
98.51671221742446
 30
0.0
  0
VERTEX
  5
220A
  8
TOP-ASSEMBLY-LAYER
 10
87.92642900685802
 20
98.33507086614175
 30
0.0
  0
SEQEND
  5
290A
  8
TOP-ASSEMBLY-LAYER
  0
POLYLINE
  5
1242
  8
TOP-ASSEMBLY-LAYER
 66
     1
 10
0.0
 20
0.0
 30
0.0
 40
0.1
 41
0.1
  0
VERTEX
  5
220B
  8
TOP-ASSEMBLY-LAYER
 10
160.2251993903988
 20
58.85697815595633
 30
0.0
  0
VERTEX
  5
220C
  8
TOP-ASSEMBLY-LAYER
 10
160.489713487427
 20
58.94292202184405
 30
0.0
  0
SEQEND
  5
290B
  8
TOP-ASSEMBLY-LAYER
  0
POLYLINE
  5
1243
  8
TOP-ASSEMBLY-LAYER
 66
     1
 10
0.0
 20
0.0
 30
0.0
 40
0.1
 41
0.1
  0
VERTEX
  5
220D
  8
TOP-ASSEMBLY-LAYER
 10
162.1894983489967
 20
58.04289484378969
 30
0.0
  0
VERTEX
  5
220E
  8
TOP-ASSEMBLY-LAYER
 10
162.4540073660147
 20
58.1288412496825
 30
0.0
  0
SEQEND
  5
290C
  8
TOP-ASSEMBLY-LAYER
  0
POLYLINE
  5
1244
  8
TOP-ASSEMBLY-LAYER
 66
     1
 10
0.0
 20
0.0
 30
0.0
 40
0.1
 41
0.1
  0
VERTEX
  5
220F
  8
TOP-ASSEMBLY-LAYER
 10
52.08623012446026
 20
95.6469171958344
 30
0.0
  0
VERTEX
  5
2210
  8
TOP-ASSEMBLY-LAYER
 10
52.58371145542291
 20
95.74587350774702
 30
0.0
  0
SEQEND
  5
290D
  8
TOP-ASSEMBLY-LAYER
  0
POLYLINE
  5
1245
  8
TOP-ASSEMBLY-LAYER
 66
     1
 10
0.0
 20
0.0
 30
0.0
 40
0.1
 41
0.1
  0
VERTEX
  5
2211
  8
TOP-ASSEMBLY-LAYER
 10
63.80831115062229
 20
97.16264541529084
 30
0.0
  0
VERTEX
  5
2212
  8
TOP-ASSEMBLY-LAYER
 10
64.11732867665737
 20
97.16264541529084
 30
0.0
  0
SEQEND
  5
290E
  8
TOP-ASSEMBLY-LAYER
  0
POLYLINE
  5
1246
  8
TOP-ASSEMBLY-LAYER
 66
     1
 10
0.0
 20
0.0
 30
0.0
 40
0.1
 41
0.1
  0
VERTEX
  5
2213
  8
TOP-ASSEMBLY-LAYER
 10
72.10858928117858
 20
97.16264541529084
 30
0.0
  0
VERTEX
  5
2214
  8
TOP-ASSEMBLY-LAYER
 10
72.41760680721362
 20
97.16264541529084
 30
0.0
  0
SEQEND
  5
290F
  8
TOP-ASSEMBLY-LAYER
  0
POLYLINE
  5
1247
  8
TOP-ASSEMBLY-LAYER
 66
     1
 10
0.0
 20
0.0
 30
0.0
 40
0.1
 41
0.1
  0
VERTEX
  5
2215
  8
TOP-ASSEMBLY-LAYER
 10
79.0671300482601
 20
97.16564262128526
 30
0.0
  0
VERTEX
  5
2216
  8
TOP-ASSEMBLY-LAYER
 10
79.37614503429008
 20
97.16564262128526
 30
0.0
  0
SEQEND
  5
2910
  8
TOP-ASSEMBLY-LAYER
  0
POLYLINE
  5
1248
  8
TOP-ASSEMBLY-LAYER
 66
     1
 10
0.0
 20
0.0
 30
0.0
 40
0.1
 41
0.1
  0
VERTEX
  5
2217
  8
TOP-ASSEMBLY-LAYER
 10
87.36740563881128
 20
97.16564262128526
 30
0.0
  0
VERTEX
  5
2218
  8
TOP-ASSEMBLY-LAYER
 10
87.67642341884687
 20
97.16564262128526
 30
0.0
  0
SEQEND
  5
2911
  8
TOP-ASSEMBLY-LAYER
  0
POLYLINE
  5
1249
  8
TOP-ASSEMBLY-LAYER
 66
     1
 10
0.0
 20
0.0
 30
0.0
 40
0.1
 41
0.1
  0
VERTEX
  5
2219
  8
TOP-ASSEMBLY-LAYER
 10
63.80831115062229
 20
98.51371501143002
 30
0.0
  0
VERTEX
  5
221A
  8
TOP-ASSEMBLY-LAYER
 10
64.11732867665737
 20
98.51371501143002
 30
0.0
  0
SEQEND
  5
2912
  8
TOP-ASSEMBLY-LAYER
  0
POLYLINE
  5
1250
  8
TOP-ASSEMBLY-LAYER
 66
     1
 10
0.0
 20
0.0
 30
0.0
 40
0.1
 41
0.1
  0
VERTEX
  5
221B
  8
TOP-ASSEMBLY-LAYER
 10
72.10858928117858
 20
98.51371501143002
 30
0.0
  0
VERTEX
  5
221C
  8
TOP-ASSEMBLY-LAYER
 10
72.41760680721362
 20
98.51371501143002
 30
0.0
  0
SEQEND
  5
2913
  8
TOP-ASSEMBLY-LAYER
  0
POLYLINE
  5
1251
  8
TOP-ASSEMBLY-LAYER
 66
     1
 10
0.0
 20
0.0
 30
0.0
 40
0.1
 41
0.1
  0
VERTEX
  5
221D
  8
TOP-ASSEMBLY-LAYER
 10
79.0671300482601
 20
98.51671221742446
 30
0.0
  0
VERTEX
  5
221E
  8
TOP-ASSEMBLY-LAYER
 10
79.37614503429008
 20
98.51671221742446
 30
0.0
  0
SEQEND
  5
2914
  8
TOP-ASSEMBLY-LAYER
  0
POLYLINE
  5
1252
  8
TOP-ASSEMBLY-LAYER
 66
     1
 10
0.0
 20
0.0
 30
0.0
 40
0.1
 41
0.1
  0
VERTEX
  5
221F
  8
TOP-ASSEMBLY-LAYER
 10
87.36740563881128
 20
98.51671221742446
 30
0.0
  0
VERTEX
  5
2220
  8
TOP-ASSEMBLY-LAYER
 10
87.67642341884687
 20
98.51671221742446
 30
0.0
  0
SEQEND
  5
2915
  8
TOP-ASSEMBLY-LAYER
  0
POLYLINE
  5
1253
  8
TOP-ASSEMBLY-LAYER
 66
     1
 10
0.0
 20
0.0
 30
0.0
 40
0.1
 41
0.1
  0
VERTEX
  5
2221
  8
TOP-ASSEMBLY-LAYER
 10
160.077759461519
 20
73.10121818643637
 30
0.0
  0
VERTEX
  5
2222
  8
TOP-ASSEMBLY-LAYER
 10
160.3716563373127
 20
73.00571882143765
 30
0.0
  0
SEQEND
  5
2916
  8
TOP-ASSEMBLY-LAYER
  0
POLYLINE
  5
1254
  8
TOP-ASSEMBLY-LAYER
 66
     1
 10
0.0
 20
0.0
 30
0.0
 40
0.1
 41
0.1
  0
VERTEX
  5
2223
  8
TOP-ASSEMBLY-LAYER
 10
162.17166497333
 20
74.00572593345188
 30
0.0
  0
VERTEX
  5
2224
  8
TOP-ASSEMBLY-LAYER
 10
162.4655593091186
 20
73.91023164846331
 30
0.0
  0
SEQEND
  5
2917
  8
TOP-ASSEMBLY-LAYER
  0
POLYLINE
  5
1255
  8
TOP-ASSEMBLY-LAYER
 66
     1
 10
0.0
 20
0.0
 30
0.0
 40
0.1
 41
0.1
  0
VERTEX
  5
2225
  8
TOP-ASSEMBLY-LAYER
 10
166.5878206756414
 20
73.10121818643637
 30
0.0
  0
VERTEX
  5
2226
  8
TOP-ASSEMBLY-LAYER
 10
166.881712471425
 20
73.00571882143765
 30
0.0
  0
SEQEND
  5
2918
  8
TOP-ASSEMBLY-LAYER
  0
POLYLINE
  5
1256
  8
TOP-ASSEMBLY-LAYER
 66
     1
 10
0.0
 20
0.0
 30
0.0
 40
0.1
 41
0.1
  0
VERTEX
  5
2227
  8
TOP-ASSEMBLY-LAYER
 10
167.5817165354331
 20
74.00572593345188
 30
0.0
  0
VERTEX
  5
2228
  8
TOP-ASSEMBLY-LAYER
 10
167.8756108712218
 20
73.91023164846331
 30
0.0
  0
SEQEND
  5
2919
  8
TOP-ASSEMBLY-LAYER
  0
POLYLINE
  5
1257
  8
TOP-ASSEMBLY-LAYER
 66
     1
 10
0.0
 20
0.0
 30
0.0
 40
0.1
 41
0.1
  0
VERTEX
  5
2229
  8
TOP-ASSEMBLY-LAYER
 10
158.4746294132588
 20
52.47829641859285
 30
0.0
  0
VERTEX
  5
222A
  8
TOP-ASSEMBLY-LAYER
 10
158.6996388112777
 20
52.31481635763272
 30
0.0
  0
SEQEND
  5
291A
  8
TOP-ASSEMBLY-LAYER
  0
POLYLINE
  5
1258
  8
TOP-ASSEMBLY-LAYER
 66
     1
 10
0.0
 20
0.0
 30
0.0
 40
0.1
 41
0.1
  0
VERTEX
  5
222B
  8
TOP-ASSEMBLY-LAYER
 10
158.9777647955296
 20
55.37096926593853
 30
0.0
  0
VERTEX
  5
222C
  8
TOP-ASSEMBLY-LAYER
 10
159.2027691135382
 20
55.20748666497334
 30
0.0
  0
SEQEND
  5
291B
  8
TOP-ASSEMBLY-LAYER
  0
POLYLINE
  5
1259
  8
TOP-ASSEMBLY-LAYER
 66
     1
 10
0.0
 20
0.0
 30
0.0
 40
0.1
 41
0.1
  0
VERTEX
  5
222D
  8
TOP-ASSEMBLY-LAYER
 10
164.4754287528575
 20
52.47829641859285
 30
0.0
  0
VERTEX
  5
222E
  8
TOP-ASSEMBLY-LAYER
 10
164.7004356108712
 20
52.31481635763272
 30
0.0
  0
SEQEND
  5
291C
  8
TOP-ASSEMBLY-LAYER
  0
POLYLINE
  5
1260
  8
TOP-ASSEMBLY-LAYER
 66
     1
 10
0.0
 20
0.0
 30
0.0
 40
0.1
 41
0.1
  0
VERTEX
  5
222F
  8
TOP-ASSEMBLY-LAYER
 10
51.5887487934976
 20
98.15300812801628
 30
0.0
  0
VERTEX
  5
2230
  8
TOP-ASSEMBLY-LAYER
 10
52.08623012446026
 20
98.25196443992888
 30
0.0
  0
SEQEND
  5
291D
  8
TOP-ASSEMBLY-LAYER
  0
POLYLINE
  5
1261
  8
TOP-ASSEMBLY-LAYER
 66
     1
 10
0.0
 20
0.0
 30
0.0
 40
0.1
 41
0.1
  0
VERTEX
  5
2231
  8
TOP-ASSEMBLY-LAYER
 10
36.64210744221489
 20
95.64791795783593
 30
0.0
  0
VERTEX
  5
2232
  8
TOP-ASSEMBLY-LAYER
 10
37.13959131318263
 20
95.74687426974855
 30
0.0
  0
SEQEND
  5
291E
  8
TOP-ASSEMBLY-LAYER
  0
POLYLINE
  5
1262
  8
TOP-ASSEMBLY-LAYER
 66
     1
 10
0.0
 20
0.0
 30
0.0
 40
0.1
 41
0.1
  0
VERTEX
  5
2233
  8
TOP-ASSEMBLY-LAYER
 10
36.14462357124714
 20
98.1540088900178
 30
0.0
  0
VERTEX
  5
2234
  8
TOP-ASSEMBLY-LAYER
 10
36.64210744221489
 20
98.25296266192534
 30
0.0
  0
SEQEND
  5
291F
  8
TOP-ASSEMBLY-LAYER
  0
POLYLINE
  5
1263
  8
TOP-ASSEMBLY-LAYER
 66
     1
 10
0.0
 20
0.0
 30
0.0
 40
0.1
 41
0.1
  0
VERTEX
  5
2235
  8
TOP-ASSEMBLY-LAYER
 10
21.40198552197105
 20
95.64791795783593
 30
0.0
  0
VERTEX
  5
2236
  8
TOP-ASSEMBLY-LAYER
 10
21.89946939293879
 20
95.74687426974855
 30
0.0
  0
SEQEND
  5
2920
  8
TOP-ASSEMBLY-LAYER
  0
POLYLINE
  5
1264
  8
TOP-ASSEMBLY-LAYER
 66
     1
 10
0.0
 20
0.0
 30
0.0
 40
0.1
 41
0.1
  0
VERTEX
  5
2237
  8
TOP-ASSEMBLY-LAYER
 10
164.9785615951232
 20
55.37096926593853
 30
0.0
  0
VERTEX
  5
2238
  8
TOP-ASSEMBLY-LAYER
 10
165.2035684531369
 20
55.20748666497334
 30
0.0
  0
SEQEND
  5
2921
  8
TOP-ASSEMBLY-LAYER
  0
POLYLINE
  5
1265
  8
TOP-ASSEMBLY-LAYER
 66
     1
 10
0.0
 20
0.0
 30
0.0
 40
0.1
 41
0.1
  0
VERTEX
  5
2239
  8
TOP-ASSEMBLY-LAYER
 10
159.8961231902464
 20
88.16034391668784
 30
0.0
  0
VERTEX
  5
223A
  8
TOP-ASSEMBLY-LAYER
 10
160.077759461519
 20
88.41034696469394
 30
0.0
  0
SEQEND
  5
2922
  8
TOP-ASSEMBLY-LAYER
  0
POLYLINE
  5
1266
  8
TOP-ASSEMBLY-LAYER
 66
     1
 10
0.0
 20
0.0
 30
0.0
 40
0.1
 41
0.1
  0
VERTEX
  5
223B
  8
TOP-ASSEMBLY-LAYER
 10
20.9045016510033
 20
98.1540088900178
 30
0.0
  0
VERTEX
  5
223C
  8
TOP-ASSEMBLY-LAYER
 10
21.40198552197105
 20
98.25296266192534
 30
0.0
  0
SEQEND
  5
2923
  8
TOP-ASSEMBLY-LAYER
  0
POLYLINE
  5
1267
  8
TOP-ASSEMBLY-LAYER
 66
     1
 10
0.0
 20
0.0
 30
0.0
 40
0.1
 41
0.1
  0
VERTEX
  5
223D
  8
TOP-ASSEMBLY-LAYER
 10
160.077759461519
 20
87.60132334264668
 30
0.0
  0
VERTEX
  5
223E
  8
TOP-ASSEMBLY-LAYER
 10
160.3716563373127
 20
87.50583413766829
 30
0.0
  0
SEQEND
  5
2924
  8
TOP-ASSEMBLY-LAYER
  0
POLYLINE
  5
1268
  8
TOP-ASSEMBLY-LAYER
 66
     1
 10
0.0
 20
0.0
 30
0.0
 40
0.1
 41
0.1
  0
VERTEX
  5
223F
  8
TOP-ASSEMBLY-LAYER
 10
162.17166497333
 20
88.5058412496825
 30
0.0
  0
VERTEX
  5
2240
  8
TOP-ASSEMBLY-LAYER
 10
162.4655593091186
 20
88.41034696469394
 30
0.0
  0
SEQEND
  5
2925
  8
TOP-ASSEMBLY-LAYER
  0
POLYLINE
  5
1269
  8
TOP-ASSEMBLY-LAYER
 66
     1
 10
0.0
 20
0.0
 30
0.0
 40
0.1
 41
0.1
  0
VERTEX
  5
2241
  8
TOP-ASSEMBLY-LAYER
 10
166.5878206756414
 20
87.60132334264668
 30
0.0
  0
VERTEX
  5
2242
  8
TOP-ASSEMBLY-LAYER
 10
166.881712471425
 20
87.50583413766829
 30
0.0
  0
SEQEND
  5
2926
  8
TOP-ASSEMBLY-LAYER
  0
POLYLINE
  5
1270
  8
TOP-ASSEMBLY-LAYER
 66
     1
 10
0.0
 20
0.0
 30
0.0
 40
0.1
 41
0.1
  0
VERTEX
  5
2243
  8
TOP-ASSEMBLY-LAYER
 10
167.5817165354331
 20
88.5058412496825
 30
0.0
  0
VERTEX
  5
2244
  8
TOP-ASSEMBLY-LAYER
 10
167.8756108712218
 20
88.41034696469394
 30
0.0
  0
SEQEND
  5
2927
  8
TOP-ASSEMBLY-LAYER
  0
POLYLINE
  5
1271
  8
TOP-ASSEMBLY-LAYER
 66
     1
 10
0.0
 20
0.0
 30
0.0
 40
0.1
 41
0.1
  0
VERTEX
  5
2245
  8
TOP-ASSEMBLY-LAYER
 10
162.4655593091186
 20
87.60132334264668
 30
0.0
  0
VERTEX
  5
2246
  8
TOP-ASSEMBLY-LAYER
 10
162.6471955803912
 20
87.8513238506477
 30
0.0
  0
SEQEND
  5
2928
  8
TOP-ASSEMBLY-LAYER
  0
POLYLINE
  5
1272
  8
TOP-ASSEMBLY-LAYER
 66
     1
 10
0.0
 20
0.0
 30
0.0
 40
0.1
 41
0.1
  0
VERTEX
  5
2247
  8
TOP-ASSEMBLY-LAYER
 10
166.4061821183643
 20
88.16034391668784
 30
0.0
  0
VERTEX
  5
2248
  8
TOP-ASSEMBLY-LAYER
 10
166.5878206756414
 20
88.41034696469394
 30
0.0
  0
SEQEND
  5
2929
  8
TOP-ASSEMBLY-LAYER
  0
POLYLINE
  5
1273
  8
TOP-ASSEMBLY-LAYER
 66
     1
 10
0.0
 20
0.0
 30
0.0
 40
0.1
 41
0.1
  0
VERTEX
  5
2249
  8
TOP-ASSEMBLY-LAYER
 10
167.8756108712218
 20
87.60132334264668
 30
0.0
  0
VERTEX
  5
224A
  8
TOP-ASSEMBLY-LAYER
 10
168.0572496824994
 20
87.8513238506477
 30
0.0
  0
SEQEND
  5
292A
  8
TOP-ASSEMBLY-LAYER
  0
POLYLINE
  5
1274
  8
TOP-ASSEMBLY-LAYER
 66
     1
 10
0.0
 20
0.0
 30
0.0
 40
0.1
 41
0.1
  0
VERTEX
  5
224B
  8
TOP-ASSEMBLY-LAYER
 10
158.4746294132588
 20
55.20748666497334
 30
0.0
  0
VERTEX
  5
224C
  8
TOP-ASSEMBLY-LAYER
 10
158.6996388112777
 20
55.37096926593853
 30
0.0
  0
SEQEND
  5
292B
  8
TOP-ASSEMBLY-LAYER
  0
POLYLINE
  5
1275
  8
TOP-ASSEMBLY-LAYER
 66
     1
 10
0.0
 20
0.0
 30
0.0
 40
0.1
 41
0.1
  0
VERTEX
  5
224D
  8
TOP-ASSEMBLY-LAYER
 10
158.9777647955296
 20
52.31481635763272
 30
0.0
  0
VERTEX
  5
224E
  8
TOP-ASSEMBLY-LAYER
 10
159.2027691135382
 20
52.47829641859285
 30
0.0
  0
SEQEND
  5
292C
  8
TOP-ASSEMBLY-LAYER
  0
POLYLINE
  5
1276
  8
TOP-ASSEMBLY-LAYER
 66
     1
 10
0.0
 20
0.0
 30
0.0
 40
0.1
 41
0.1
  0
VERTEX
  5
224F
  8
TOP-ASSEMBLY-LAYER
 10
159.8961231902464
 20
73.66023114046229
 30
0.0
  0
VERTEX
  5
2250
  8
TOP-ASSEMBLY-LAYER
 10
160.077759461519
 20
73.91023164846331
 30
0.0
  0
SEQEND
  5
292D
  8
TOP-ASSEMBLY-LAYER
  0
POLYLINE
  5
1277
  8
TOP-ASSEMBLY-LAYER
 66
     1
 10
0.0
 20
0.0
 30
0.0
 40
0.1
 41
0.1
  0
VERTEX
  5
2251
  8
TOP-ASSEMBLY-LAYER
 10
162.4655593091186
 20
73.10121818643637
 30
0.0
  0
VERTEX
  5
2252
  8
TOP-ASSEMBLY-LAYER
 10
162.6471955803912
 20
73.35121869443739
 30
0.0
  0
SEQEND
  5
292E
  8
TOP-ASSEMBLY-LAYER
  0
POLYLINE
  5
1278
  8
TOP-ASSEMBLY-LAYER
 66
     1
 10
0.0
 20
0.0
 30
0.0
 40
0.1
 41
0.1
  0
VERTEX
  5
2253
  8
TOP-ASSEMBLY-LAYER
 10
166.4061821183643
 20
73.66023114046229
 30
0.0
  0
VERTEX
  5
2254
  8
TOP-ASSEMBLY-LAYER
 10
166.5878206756414
 20
73.91023164846331
 30
0.0
  0
SEQEND
  5
292F
  8
TOP-ASSEMBLY-LAYER
  0
POLYLINE
  5
1279
  8
TOP-ASSEMBLY-LAYER
 66
     1
 10
0.0
 20
0.0
 30
0.0
 40
0.1
 41
0.1
  0
VERTEX
  5
2255
  8
TOP-ASSEMBLY-LAYER
 10
164.4754287528575
 20
55.20748666497334
 30
0.0
  0
VERTEX
  5
2256
  8
TOP-ASSEMBLY-LAYER
 10
164.7004356108712
 20
55.37096926593853
 30
0.0
  0
SEQEND
  5
2930
  8
TOP-ASSEMBLY-LAYER
  0
POLYLINE
  5
1280
  8
TOP-ASSEMBLY-LAYER
 66
     1
 10
0.0
 20
0.0
 30
0.0
 40
0.1
 41
0.1
  0
VERTEX
  5
2257
  8
TOP-ASSEMBLY-LAYER
 10
164.9785615951232
 20
52.31481635763272
 30
0.0
  0
VERTEX
  5
2258
  8
TOP-ASSEMBLY-LAYER
 10
165.2035684531369
 20
52.47829641859285
 30
0.0
  0
SEQEND
  5
2931
  8
TOP-ASSEMBLY-LAYER
  0
POLYLINE
  5
1281
  8
TOP-ASSEMBLY-LAYER
 66
     1
 10
0.0
 20
0.0
 30
0.0
 40
0.1
 41
0.1
  0
VERTEX
  5
2259
  8
TOP-ASSEMBLY-LAYER
 10
160.0617244094488
 20
58.35384277368556
 30
0.0
  0
VERTEX
  5
225A
  8
TOP-ASSEMBLY-LAYER
 10
160.2251993903988
 20
58.1288412496825
 30
0.0
  0
SEQEND
  5
2932
  8
TOP-ASSEMBLY-LAYER
  0
POLYLINE
  5
1282
  8
TOP-ASSEMBLY-LAYER
 66
     1
 10
0.0
 20
0.0
 30
0.0
 40
0.1
 41
0.1
  0
VERTEX
  5
225B
  8
TOP-ASSEMBLY-LAYER
 10
162.4540073660147
 20
58.85697815595633
 30
0.0
  0
VERTEX
  5
225C
  8
TOP-ASSEMBLY-LAYER
 10
162.6174851409703
 20
58.63196901193803
 30
0.0
  0
SEQEND
  5
2933
  8
TOP-ASSEMBLY-LAYER
  0
POLYLINE
  5
1283
  8
TOP-ASSEMBLY-LAYER
 66
     1
 10
0.0
 20
0.0
 30
0.0
 40
0.1
 41
0.1
  0
VERTEX
  5
225D
  8
TOP-ASSEMBLY-LAYER
 10
167.8756108712218
 20
73.10121818643637
 30
0.0
  0
VERTEX
  5
225E
  8
TOP-ASSEMBLY-LAYER
 10
168.0572496824994
 20
73.35121869443739
 30
0.0
  0
SEQEND
  5
2934
  8
TOP-ASSEMBLY-LAYER
  0
POLYLINE
  5
1284
  8
TOP-ASSEMBLY-LAYER
 66
     1
 10
0.0
 20
0.0
 30
0.0
 40
0.1
 41
0.1
  0
VERTEX
  5
225F
  8
TOP-ASSEMBLY-LAYER
 10
160.0617244094488
 20
58.63196901193803
 30
0.0
  0
VERTEX
  5
2260
  8
TOP-ASSEMBLY-LAYER
 10
160.2251993903988
 20
58.85697815595633
 30
0.0
  0
SEQEND
  5
2935
  8
TOP-ASSEMBLY-LAYER
  0
POLYLINE
  5
1285
  8
TOP-ASSEMBLY-LAYER
 66
     1
 10
0.0
 20
0.0
 30
0.0
 40
0.1
 41
0.1
  0
VERTEX
  5
2261
  8
TOP-ASSEMBLY-LAYER
 10
162.4540073660147
 20
58.1288412496825
 30
0.0
  0
VERTEX
  5
2262
  8
TOP-ASSEMBLY-LAYER
 10
162.6174851409703
 20
58.35384277368556
 30
0.0
  0
SEQEND
  5
2936
  8
TOP-ASSEMBLY-LAYER
  0
POLYLINE
  5
1286
  8
TOP-ASSEMBLY-LAYER
 66
     1
 10
0.0
 20
0.0
 30
0.0
 40
0.1
 41
0.1
  0
VERTEX
  5
2263
  8
TOP-ASSEMBLY-LAYER
 10
159.8961231902464
 20
73.35121869443739
 30
0.0
  0
VERTEX
  5
2264
  8
TOP-ASSEMBLY-LAYER
 10
160.077759461519
 20
73.10121818643637
 30
0.0
  0
SEQEND
  5
2937
  8
TOP-ASSEMBLY-LAYER
  0
POLYLINE
  5
1287
  8
TOP-ASSEMBLY-LAYER
 66
     1
 10
0.0
 20
0.0
 30
0.0
 40
0.1
 41
0.1
  0
VERTEX
  5
2265
  8
TOP-ASSEMBLY-LAYER
 10
162.4655593091186
 20
73.91023164846331
 30
0.0
  0
VERTEX
  5
2266
  8
TOP-ASSEMBLY-LAYER
 10
162.6471955803912
 20
73.66023114046229
 30
0.0
  0
SEQEND
  5
2938
  8
TOP-ASSEMBLY-LAYER
  0
POLYLINE
  5
1288
  8
TOP-ASSEMBLY-LAYER
 66
     1
 10
0.0
 20
0.0
 30
0.0
 40
0.1
 41
0.1
  0
VERTEX
  5
2267
  8
TOP-ASSEMBLY-LAYER
 10
158.3886880873762
 20
52.74280797561596
 30
0.0
  0
VERTEX
  5
2268
  8
TOP-ASSEMBLY-LAYER
 10
158.4746294132588
 20
52.47829641859285
 30
0.0
  0
SEQEND
  5
2939
  8
TOP-ASSEMBLY-LAYER
  0
POLYLINE
  5
1289
  8
TOP-ASSEMBLY-LAYER
 66
     1
 10
0.0
 20
0.0
 30
0.0
 40
0.1
 41
0.1
  0
VERTEX
  5
2269
  8
TOP-ASSEMBLY-LAYER
 10
159.2027691135382
 20
55.20748666497334
 30
0.0
  0
VERTEX
  5
226A
  8
TOP-ASSEMBLY-LAYER
 10
159.2887152654306
 20
54.94297510795023
 30
0.0
  0
SEQEND
  5
293A
  8
TOP-ASSEMBLY-LAYER
  0
POLYLINE
  5
1290
  8
TOP-ASSEMBLY-LAYER
 66
     1
 10
0.0
 20
0.0
 30
0.0
 40
0.1
 41
0.1
  0
VERTEX
  5
226B
  8
TOP-ASSEMBLY-LAYER
 10
158.3886880873762
 20
52.74280797561596
 30
0.0
  0
VERTEX
  5
226C
  8
TOP-ASSEMBLY-LAYER
 10
158.3886880873762
 20
54.94297510795023
 30
0.0
  0
SEQEND
  5
293B
  8
TOP-ASSEMBLY-LAYER
  0
POLYLINE
  5
1291
  8
TOP-ASSEMBLY-LAYER
 66
     1
 10
0.0
 20
0.0
 30
0.0
 40
0.1
 41
0.1
  0
VERTEX
  5
226D
  8
TOP-ASSEMBLY-LAYER
 10
159.2887152654306
 20
52.74280797561596
 30
0.0
  0
VERTEX
  5
226E
  8
TOP-ASSEMBLY-LAYER
 10
159.2887152654306
 20
54.94297510795023
 30
0.0
  0
SEQEND
  5
293C
  8
TOP-ASSEMBLY-LAYER
  0
POLYLINE
  5
1292
  8
TOP-ASSEMBLY-LAYER
 66
     1
 10
0.0
 20
0.0
 30
0.0
 40
0.1
 41
0.1
  0
VERTEX
  5
226F
  8
TOP-ASSEMBLY-LAYER
 10
159.8961231902464
 20
73.35121869443739
 30
0.0
  0
VERTEX
  5
2270
  8
TOP-ASSEMBLY-LAYER
 10
159.8961231902464
 20
73.66023114046229
 30
0.0
  0
SEQEND
  5
293D
  8
TOP-ASSEMBLY-LAYER
  0
POLYLINE
  5
1293
  8
TOP-ASSEMBLY-LAYER
 66
     1
 10
0.0
 20
0.0
 30
0.0
 40
0.1
 41
0.1
  0
VERTEX
  5
2271
  8
TOP-ASSEMBLY-LAYER
 10
159.8961231902464
 20
87.8513238506477
 30
0.0
  0
VERTEX
  5
2272
  8
TOP-ASSEMBLY-LAYER
 10
159.8961231902464
 20
88.16034391668784
 30
0.0
  0
SEQEND
  5
293E
  8
TOP-ASSEMBLY-LAYER
  0
POLYLINE
  5
1294
  8
TOP-ASSEMBLY-LAYER
 66
     1
 10
0.0
 20
0.0
 30
0.0
 40
0.1
 41
0.1
  0
VERTEX
  5
2273
  8
TOP-ASSEMBLY-LAYER
 10
160.0617244094488
 20
58.35384277368556
 30
0.0
  0
VERTEX
  5
2274
  8
TOP-ASSEMBLY-LAYER
 10
160.0617244094488
 20
58.63196901193803
 30
0.0
  0
SEQEND
  5
293F
  8
TOP-ASSEMBLY-LAYER
  0
POLYLINE
  5
1295
  8
TOP-ASSEMBLY-LAYER
 66
     1
 10
0.0
 20
0.0
 30
0.0
 40
0.1
 41
0.1
  0
VERTEX
  5
2275
  8
TOP-ASSEMBLY-LAYER
 10
158.3886880873762
 20
54.94297510795023
 30
0.0
  0
VERTEX
  5
2276
  8
TOP-ASSEMBLY-LAYER
 10
158.4746294132588
 20
55.20748666497334
 30
0.0
  0
SEQEND
  5
2940
  8
TOP-ASSEMBLY-LAYER
  0
POLYLINE
  5
1296
  8
TOP-ASSEMBLY-LAYER
 66
     1
 10
0.0
 20
0.0
 30
0.0
 40
0.1
 41
0.1
  0
VERTEX
  5
2277
  8
TOP-ASSEMBLY-LAYER
 10
159.2027691135382
 20
52.47829641859285
 30
0.0
  0
VERTEX
  5
2278
  8
TOP-ASSEMBLY-LAYER
 10
159.2887152654306
 20
52.74280797561596
 30
0.0
  0
SEQEND
  5
2941
  8
TOP-ASSEMBLY-LAYER
  0
POLYLINE
  5
1297
  8
TOP-ASSEMBLY-LAYER
 66
     1
 10
0.0
 20
0.0
 30
0.0
 40
0.1
 41
0.1
  0
VERTEX
  5
2279
  8
TOP-ASSEMBLY-LAYER
 10
166.4061821183643
 20
73.35121869443739
 30
0.0
  0
VERTEX
  5
227A
  8
TOP-ASSEMBLY-LAYER
 10
166.5878206756414
 20
73.10121818643637
 30
0.0
  0
SEQEND
  5
2942
  8
TOP-ASSEMBLY-LAYER
  0
POLYLINE
  5
1298
  8
TOP-ASSEMBLY-LAYER
 66
     1
 10
0.0
 20
0.0
 30
0.0
 40
0.1
 41
0.1
  0
VERTEX
  5
227B
  8
TOP-ASSEMBLY-LAYER
 10
167.8756108712218
 20
73.91023164846331
 30
0.0
  0
VERTEX
  5
227C
  8
TOP-ASSEMBLY-LAYER
 10
168.0572496824994
 20
73.66023114046229
 30
0.0
  0
SEQEND
  5
2943
  8
TOP-ASSEMBLY-LAYER
  0
POLYLINE
  5
1299
  8
TOP-ASSEMBLY-LAYER
 66
     1
 10
0.0
 20
0.0
 30
0.0
 40
0.1
 41
0.1
  0
VERTEX
  5
227D
  8
TOP-ASSEMBLY-LAYER
 10
159.8961231902464
 20
87.8513238506477
 30
0.0
  0
VERTEX
  5
227E
  8
TOP-ASSEMBLY-LAYER
 10
160.077759461519
 20
87.60132334264668
 30
0.0
  0
SEQEND
  5
2944
  8
TOP-ASSEMBLY-LAYER
  0
POLYLINE
  5
1300
  8
TOP-ASSEMBLY-LAYER
 66
     1
 10
0.0
 20
0.0
 30
0.0
 40
0.1
 41
0.1
  0
VERTEX
  5
227F
  8
TOP-ASSEMBLY-LAYER
 10
162.4655593091186
 20
88.41034696469394
 30
0.0
  0
VERTEX
  5
2280
  8
TOP-ASSEMBLY-LAYER
 10
162.6471955803912
 20
88.16034391668784
 30
0.0
  0
SEQEND
  5
2945
  8
TOP-ASSEMBLY-LAYER
  0
POLYLINE
  5
1301
  8
TOP-ASSEMBLY-LAYER
 66
     1
 10
0.0
 20
0.0
 30
0.0
 40
0.1
 41
0.1
  0
VERTEX
  5
2281
  8
TOP-ASSEMBLY-LAYER
 10
164.3894826009652
 20
52.74280797561596
 30
0.0
  0
VERTEX
  5
2282
  8
TOP-ASSEMBLY-LAYER
 10
164.4754287528575
 20
52.47829641859285
 30
0.0
  0
SEQEND
  5
2946
  8
TOP-ASSEMBLY-LAYER
  0
POLYLINE
  5
1302
  8
TOP-ASSEMBLY-LAYER
 66
     1
 10
0.0
 20
0.0
 30
0.0
 40
0.1
 41
0.1
  0
VERTEX
  5
2283
  8
TOP-ASSEMBLY-LAYER
 10
165.2035684531369
 20
55.20748666497334
 30
0.0
  0
VERTEX
  5
2284
  8
TOP-ASSEMBLY-LAYER
 10
165.2895123190246
 20
54.94297510795023
 30
0.0
  0
SEQEND
  5
2947
  8
TOP-ASSEMBLY-LAYER
  0
POLYLINE
  5
1303
  8
TOP-ASSEMBLY-LAYER
 66
     1
 10
0.0
 20
0.0
 30
0.0
 40
0.1
 41
0.1
  0
VERTEX
  5
2285
  8
TOP-ASSEMBLY-LAYER
 10
162.6174851409703
 20
58.35384277368556
 30
0.0
  0
VERTEX
  5
2286
  8
TOP-ASSEMBLY-LAYER
 10
162.6174851409703
 20
58.63196901193803
 30
0.0
  0
SEQEND
  5
2948
  8
TOP-ASSEMBLY-LAYER
  0
POLYLINE
  5
1304
  8
TOP-ASSEMBLY-LAYER
 66
     1
 10
0.0
 20
0.0
 30
0.0
 40
0.1
 41
0.1
  0
VERTEX
  5
2287
  8
TOP-ASSEMBLY-LAYER
 10
162.6471955803912
 20
73.35121869443739
 30
0.0
  0
VERTEX
  5
2288
  8
TOP-ASSEMBLY-LAYER
 10
162.6471955803912
 20
73.66023114046229
 30
0.0
  0
SEQEND
  5
2949
  8
TOP-ASSEMBLY-LAYER
  0
POLYLINE
  5
1305
  8
TOP-ASSEMBLY-LAYER
 66
     1
 10
0.0
 20
0.0
 30
0.0
 40
0.1
 41
0.1
  0
VERTEX
  5
2289
  8
TOP-ASSEMBLY-LAYER
 10
162.6471955803912
 20
87.8513238506477
 30
0.0
  0
VERTEX
  5
228A
  8
TOP-ASSEMBLY-LAYER
 10
162.6471955803912
 20
88.16034391668784
 30
0.0
  0
SEQEND
  5
294A
  8
TOP-ASSEMBLY-LAYER
  0
POLYLINE
  5
1306
  8
TOP-ASSEMBLY-LAYER
 66
     1
 10
0.0
 20
0.0
 30
0.0
 40
0.1
 41
0.1
  0
VERTEX
  5
228B
  8
TOP-ASSEMBLY-LAYER
 10
164.3894826009652
 20
52.74280797561596
 30
0.0
  0
VERTEX
  5
228C
  8
TOP-ASSEMBLY-LAYER
 10
164.3894826009652
 20
54.94297510795023
 30
0.0
  0
SEQEND
  5
294B
  8
TOP-ASSEMBLY-LAYER
  0
POLYLINE
  5
1307
  8
TOP-ASSEMBLY-LAYER
 66
     1
 10
0.0
 20
0.0
 30
0.0
 40
0.1
 41
0.1
  0
VERTEX
  5
228D
  8
TOP-ASSEMBLY-LAYER
 10
165.2895123190246
 20
52.74280797561596
 30
0.0
  0
VERTEX
  5
228E
  8
TOP-ASSEMBLY-LAYER
 10
165.2895123190246
 20
54.94297510795023
 30
0.0
  0
SEQEND
  5
294C
  8
TOP-ASSEMBLY-LAYER
  0
POLYLINE
  5
1308
  8
TOP-ASSEMBLY-LAYER
 66
     1
 10
0.0
 20
0.0
 30
0.0
 40
0.1
 41
0.1
  0
VERTEX
  5
228F
  8
TOP-ASSEMBLY-LAYER
 10
166.4061821183643
 20
73.35121869443739
 30
0.0
  0
VERTEX
  5
2290
  8
TOP-ASSEMBLY-LAYER
 10
166.4061821183643
 20
73.66023114046229
 30
0.0
  0
SEQEND
  5
294D
  8
TOP-ASSEMBLY-LAYER
  0
POLYLINE
  5
1309
  8
TOP-ASSEMBLY-LAYER
 66
     1
 10
0.0
 20
0.0
 30
0.0
 40
0.1
 41
0.1
  0
VERTEX
  5
2291
  8
TOP-ASSEMBLY-LAYER
 10
166.4061821183643
 20
87.8513238506477
 30
0.0
  0
VERTEX
  5
2292
  8
TOP-ASSEMBLY-LAYER
 10
166.4061821183643
 20
88.16034391668784
 30
0.0
  0
SEQEND
  5
294E
  8
TOP-ASSEMBLY-LAYER
  0
POLYLINE
  5
1310
  8
TOP-ASSEMBLY-LAYER
 66
     1
 10
0.0
 20
0.0
 30
0.0
 40
0.1
 41
0.1
  0
VERTEX
  5
2293
  8
TOP-ASSEMBLY-LAYER
 10
164.3894826009652
 20
54.94297510795023
 30
0.0
  0
VERTEX
  5
2294
  8
TOP-ASSEMBLY-LAYER
 10
164.4754287528575
 20
55.20748666497334
 30
0.0
  0
SEQEND
  5
294F
  8
TOP-ASSEMBLY-LAYER
  0
POLYLINE
  5
1311
  8
TOP-ASSEMBLY-LAYER
 66
     1
 10
0.0
 20
0.0
 30
0.0
 40
0.1
 41
0.1
  0
VERTEX
  5
2295
  8
TOP-ASSEMBLY-LAYER
 10
165.2035684531369
 20
52.47829641859285
 30
0.0
  0
VERTEX
  5
2296
  8
TOP-ASSEMBLY-LAYER
 10
165.2895123190246
 20
52.74280797561596
 30
0.0
  0
SEQEND
  5
2950
  8
TOP-ASSEMBLY-LAYER
  0
POLYLINE
  5
1312
  8
TOP-ASSEMBLY-LAYER
 66
     1
 10
0.0
 20
0.0
 30
0.0
 40
0.1
 41
0.1
  0
VERTEX
  5
2297
  8
TOP-ASSEMBLY-LAYER
 10
166.4061821183643
 20
87.8513238506477
 30
0.0
  0
VERTEX
  5
2298
  8
TOP-ASSEMBLY-LAYER
 10
166.5878206756414
 20
87.60132334264668
 30
0.0
  0
SEQEND
  5
2951
  8
TOP-ASSEMBLY-LAYER
  0
POLYLINE
  5
1313
  8
TOP-ASSEMBLY-LAYER
 66
     1
 10
0.0
 20
0.0
 30
0.0
 40
0.1
 41
0.1
  0
VERTEX
  5
2299
  8
TOP-ASSEMBLY-LAYER
 10
167.8756108712218
 20
88.41034696469394
 30
0.0
  0
VERTEX
  5
229A
  8
TOP-ASSEMBLY-LAYER
 10
168.0572496824994
 20
88.16034391668784
 30
0.0
  0
SEQEND
  5
2952
  8
TOP-ASSEMBLY-LAYER
  0
POLYLINE
  5
1314
  8
TOP-ASSEMBLY-LAYER
 66
     1
 10
0.0
 20
0.0
 30
0.0
 40
0.1
 41
0.1
  0
VERTEX
  5
229B
  8
TOP-ASSEMBLY-LAYER
 10
168.0572496824994
 20
73.35121869443739
 30
0.0
  0
VERTEX
  5
229C
  8
TOP-ASSEMBLY-LAYER
 10
168.0572496824994
 20
73.66023114046229
 30
0.0
  0
SEQEND
  5
2953
  8
TOP-ASSEMBLY-LAYER
  0
POLYLINE
  5
1315
  8
TOP-ASSEMBLY-LAYER
 66
     1
 10
0.0
 20
0.0
 30
0.0
 40
0.1
 41
0.1
  0
VERTEX
  5
229D
  8
TOP-ASSEMBLY-LAYER
 10
168.0572496824994
 20
87.8513238506477
 30
0.0
  0
VERTEX
  5
229E
  8
TOP-ASSEMBLY-LAYER
 10
168.0572496824994
 20
88.16034391668784
 30
0.0
  0
SEQEND
  5
2954
  8
TOP-ASSEMBLY-LAYER
  0
POLYLINE
  5
2016
  8
TOP-ASSEMBLY-LAYER
 66
     1
 10
0.0
 20
0.0
 30
0.0
 70
     1
 40
0.254000508001016
 41
0.254000508001016
  0
VERTEX
  5
229F
  8
TOP-ASSEMBLY-LAYER
 10
113.2380492760986
 20
20.00066725933451
 30
0.0
  0
VERTEX
  5
22A0
  8
TOP-ASSEMBLY-LAYER
 10
113.2380492760986
 20
35.88479883159767
 30
0.0
  0
VERTEX
  5
22A1
  8
TOP-ASSEMBLY-LAYER
 10
116.2990510541021
 20
38.78654178308356
 30
0.0
  0
VERTEX
  5
22A2
  8
TOP-ASSEMBLY-LAYER
 10
138.1947411734824
 20
38.78255651511303
 30
0.0
  0
VERTEX
  5
22A3
  8
TOP-ASSEMBLY-LAYER
 10
138.1947411734824
 20
40.69154686309373
 30
0.0
  0
VERTEX
  5
22A4
  8
TOP-ASSEMBLY-LAYER
 10
114.9017889255779
 20
40.70066548133097
 30
0.0
  0
VERTEX
  5
22A5
  8
TOP-ASSEMBLY-LAYER
 10
111.1686294132589
 20
37.37529438658877
 30
0.0
  0
VERTEX
  5
22A6
  8
TOP-ASSEMBLY-LAYER
 10
111.1686294132589
 20
20.00066725933451
 30
0.0
  0
SEQEND
  5
2955
  8
TOP-ASSEMBLY-LAYER
  0
POLYLINE
  5
1066
  8
BOARD-OUTLINE-LAYER
 66
     1
 10
0.0
 20
0.0
 30
0.0
 40
0.1
 41
0.1
  0
VERTEX
  5
22A7
  8
BOARD-OUTLINE-LAYER
 10
-0.0006431292862519
 20
2.500005080010155
 30
0.0
  0
VERTEX
  5
22A8
  8
BOARD-OUTLINE-LAYER
 10
-0.0006431292862519
 20
97.50039827279656
 30
0.0
  0
SEQEND
  5
2956
  8
BOARD-OUTLINE-LAYER
  0
POLYLINE
  5
1067
  8
BOARD-OUTLINE-LAYER
 66
     1
 10
0.0
 20
0.0
 30
0.0
 40
0.1
 41
0.1
  0
VERTEX
  5
22A9
  8
BOARD-OUTLINE-LAYER
 10
115.6998067056134
 20
0.0
 30
0.0
  0
VERTEX
  5
22AA
  8
BOARD-OUTLINE-LAYER
 10
166.7000205740412
 20
0.0
 30
0.0
  0
SEQEND
  5
2957
  8
BOARD-OUTLINE-LAYER
  0
POLYLINE
  5
1068
  8
BOARD-OUTLINE-LAYER
 66
     1
 10
0.0
 20
0.0
 30
0.0
 40
0.1
 41
0.1
  0
VERTEX
  5
22AB
  8
BOARD-OUTLINE-LAYER
 10
2.500604013208025
 20
0.0000939801879541
 30
0.0
  0
VERTEX
  5
22AC
  8
BOARD-OUTLINE-LAYER
 10
108.6988808979838
 20
-0.0000001662285899
 30
0.0
  0
SEQEND
  5
2958
  8
BOARD-OUTLINE-LAYER
  0
POLYLINE
  5
1069
  8
BOARD-OUTLINE-LAYER
 66
     1
 10
0.0
 20
0.0
 30
0.0
 40
0.1
 41
0.1
  0
VERTEX
  5
22AD
  8
BOARD-OUTLINE-LAYER
 10
111.1997978155956
 20
15.00006299212599
 30
0.0
  0
VERTEX
  5
22AE
  8
BOARD-OUTLINE-LAYER
 10
113.1998018796038
 20
15.00006299212599
 30
0.0
  0
SEQEND
  5
2959
  8
BOARD-OUTLINE-LAYER
  0
POLYLINE
  5
1070
  8
BOARD-OUTLINE-LAYER
 66
     1
 10
0.0
 20
0.0
 30
0.0
 40
0.1
 41
0.1
  0
VERTEX
  5
22AF
  8
BOARD-OUTLINE-LAYER
 10
142.1999207518415
 20
39.00015925831853
 30
0.0
  0
VERTEX
  5
22B0
  8
BOARD-OUTLINE-LAYER
 10
166.7000205740412
 20
39.00015925831853
 30
0.0
  0
SEQEND
  5
295A
  8
BOARD-OUTLINE-LAYER
  0
POLYLINE
  5
1071
  8
BOARD-OUTLINE-LAYER
 66
     1
 10
0.0
 20
0.0
 30
0.0
 40
0.1
 41
0.1
  0
VERTEX
  5
22B1
  8
BOARD-OUTLINE-LAYER
 10
142.1999207518415
 20
41.00016586233172
 30
0.0
  0
VERTEX
  5
22B2
  8
BOARD-OUTLINE-LAYER
 10
166.7000205740412
 20
41.00016586233172
 30
0.0
  0
SEQEND
  5
295B
  8
BOARD-OUTLINE-LAYER
  0
POLYLINE
  5
1072
  8
BOARD-OUTLINE-LAYER
 66
     1
 10
0.0
 20
0.0
 30
0.0
 40
0.1
 41
0.1
  0
VERTEX
  5
22B3
  8
BOARD-OUTLINE-LAYER
 10
111.1997978155956
 20
2.500005080010155
 30
0.0
  0
VERTEX
  5
22B4
  8
BOARD-OUTLINE-LAYER
 10
111.1997978155956
 20
15.00006299212599
 30
0.0
  0
SEQEND
  5
295C
  8
BOARD-OUTLINE-LAYER
  0
POLYLINE
  5
1073
  8
BOARD-OUTLINE-LAYER
 66
     1
 10
0.0
 20
0.0
 30
0.0
 40
0.1
 41
0.1
  0
VERTEX
  5
22B5
  8
BOARD-OUTLINE-LAYER
 10
113.1998018796038
 20
2.500005080010155
 30
0.0
  0
VERTEX
  5
22B6
  8
BOARD-OUTLINE-LAYER
 10
113.1998018796038
 20
15.00006299212599
 30
0.0
  0
SEQEND
  5
295D
  8
BOARD-OUTLINE-LAYER
  0
POLYLINE
  5
1074
  8
BOARD-OUTLINE-LAYER
 66
     1
 10
0.0
 20
0.0
 30
0.0
 40
0.1
 41
0.1
  0
VERTEX
  5
22B7
  8
BOARD-OUTLINE-LAYER
 10
2.500604013208025
 20
100.0004030988062
 30
0.0
  0
VERTEX
  5
22B8
  8
BOARD-OUTLINE-LAYER
 10
166.7000205740412
 20
100.0004030988062
 30
0.0
  0
SEQEND
  5
295E
  8
BOARD-OUTLINE-LAYER
  0
POLYLINE
  5
1075
  8
BOARD-OUTLINE-LAYER
 66
     1
 10
0.0
 20
0.0
 30
0.0
 40
0.1
 41
0.1
  0
VERTEX
  5
22B9
  8
BOARD-OUTLINE-LAYER
 10
142.1999207518415
 20
39.00015925831853
 30
0.0
  0
VERTEX
  5
22BA
  8
BOARD-OUTLINE-LAYER
 10
142.1999207518415
 20
41.00016586233172
 30
0.0
  0
SEQEND
  5
295F
  8
BOARD-OUTLINE-LAYER
  0
POLYLINE
  5
1076
  8
BOARD-OUTLINE-LAYER
 66
     1
 10
0.0
 20
0.0
 30
0.0
 40
0.1
 41
0.1
  0
VERTEX
  5
22BB
  8
BOARD-OUTLINE-LAYER
 10
169.2000256540514
 20
2.500005080010155
 30
0.0
  0
VERTEX
  5
22BC
  8
BOARD-OUTLINE-LAYER
 10
169.2000256540514
 20
36.50015417830836
 30
0.0
  0
SEQEND
  5
2960
  8
BOARD-OUTLINE-LAYER
  0
POLYLINE
  5
1077
  8
BOARD-OUTLINE-LAYER
 66
     1
 10
0.0
 20
0.0
 30
0.0
 40
0.1
 41
0.1
  0
VERTEX
  5
22BD
  8
BOARD-OUTLINE-LAYER
 10
169.2000256540514
 20
43.5001709423419
 30
0.0
  0
VERTEX
  5
22BE
  8
BOARD-OUTLINE-LAYER
 10
169.2000256540514
 20
97.50039827279656
 30
0.0
  0
SEQEND
  5
2961
  8
BOARD-OUTLINE-LAYER
  0
POLYLINE
  5
1078
  8
BOARD-OUTLINE-LAYER
 66
     1
 10
0.0
 20
0.0
 30
0.0
 40
0.1
 41
0.1
  0
VERTEX
  5
22BF
  8
BOARD-OUTLINE-LAYER
 10
-0.0006431292862546
 20
2.500005080010163
 30
0.0
 42
0.414
  0
VERTEX
  5
22C0
  8
BOARD-OUTLINE-LAYER
 10
2.499361950723903
 20
-0.0000000000000027
 30
0.0
  0
SEQEND
  5
2962
  8
BOARD-OUTLINE-LAYER
  0
POLYLINE
  5
1079
  8
BOARD-OUTLINE-LAYER
 66
     1
 10
0.0
 20
0.0
 30
0.0
 40
0.1
 41
0.1
  0
VERTEX
  5
22C1
  8
BOARD-OUTLINE-LAYER
 10
2.499361950723903
 20
100.0004030988062
 30
0.0
 42
0.414
  0
VERTEX
  5
22C2
  8
BOARD-OUTLINE-LAYER
 10
-0.0006431292862528
 20
97.50039827279656
 30
0.0
  0
SEQEND
  5
2963
  8
BOARD-OUTLINE-LAYER
  0
POLYLINE
  5
1080
  8
BOARD-OUTLINE-LAYER
 66
     1
 10
0.0
 20
0.0
 30
0.0
 40
0.1
 41
0.1
  0
VERTEX
  5
22C3
  8
BOARD-OUTLINE-LAYER
 10
169.2000256540514
 20
36.50015417830836
 30
0.0
 42
0.414
  0
VERTEX
  5
22C4
  8
BOARD-OUTLINE-LAYER
 10
166.7000205740412
 20
39.00015925831852
 30
0.0
  0
SEQEND
  5
2964
  8
BOARD-OUTLINE-LAYER
  0
POLYLINE
  5
1081
  8
BOARD-OUTLINE-LAYER
 66
     1
 10
0.0
 20
0.0
 30
0.0
 40
0.1
 41
0.1
  0
VERTEX
  5
22C5
  8
BOARD-OUTLINE-LAYER
 10
166.7000205740412
 20
41.00016586233173
 30
0.0
 42
0.414
  0
VERTEX
  5
22C6
  8
BOARD-OUTLINE-LAYER
 10
169.2000256540514
 20
43.5001709423419
 30
0.0
  0
SEQEND
  5
2965
  8
BOARD-OUTLINE-LAYER
  0
POLYLINE
  5
1082
  8
BOARD-OUTLINE-LAYER
 66
     1
 10
0.0
 20
0.0
 30
0.0
 40
0.1
 41
0.1
  0
VERTEX
  5
22C7
  8
BOARD-OUTLINE-LAYER
 10
108.6997927355855
 20
0.0
 30
0.0
 42
0.414
  0
VERTEX
  5
22C8
  8
BOARD-OUTLINE-LAYER
 10
111.1997978155956
 20
2.500005080010155
 30
0.0
  0
SEQEND
  5
2966
  8
BOARD-OUTLINE-LAYER
  0
POLYLINE
  5
1083
  8
BOARD-OUTLINE-LAYER
 66
     1
 10
0.0
 20
0.0
 30
0.0
 40
0.1
 41
0.1
  0
VERTEX
  5
22C9
  8
BOARD-OUTLINE-LAYER
 10
113.1998018796038
 20
2.500005080010174
 30
0.0
 42
0.414
  0
VERTEX
  5
22CA
  8
BOARD-OUTLINE-LAYER
 10
115.6998067056134
 20
0.0000000000000068
 30
0.0
  0
SEQEND
  5
2967
  8
BOARD-OUTLINE-LAYER
  0
POLYLINE
  5
1084
  8
BOARD-OUTLINE-LAYER
 66
     1
 10
0.0
 20
0.0
 30
0.0
 40
0.1
 41
0.1
  0
VERTEX
  5
22CB
  8
BOARD-OUTLINE-LAYER
 10
166.7000205740412
 20
-0.0000000000000077
 30
0.0
 42
0.414
  0
VERTEX
  5
22CC
  8
BOARD-OUTLINE-LAYER
 10
169.2000256540514
 20
2.500005080010153
 30
0.0
  0
SEQEND
  5
2968
  8
BOARD-OUTLINE-LAYER
  0
POLYLINE
  5
1085
  8
BOARD-OUTLINE-LAYER
 66
     1
 10
0.0
 20
0.0
 30
0.0
 40
0.1
 41
0.1
  0
VERTEX
  5
22CD
  8
BOARD-OUTLINE-LAYER
 10
169.2000256540514
 20
97.50039827279656
 30
0.0
 42
0.414
  0
VERTEX
  5
22CE
  8
BOARD-OUTLINE-LAYER
 10
166.7000205740412
 20
100.0004030988062
 30
0.0
  0
SEQEND
  5
2969
  8
BOARD-OUTLINE-LAYER
  0
POLYLINE
  5
1086
  8
DOCUMENT-LAYER
 66
     1
 10
0.0
 20
0.0
 30
0.0
 70
     1
 40
0.1
 41
0.1
  0
VERTEX
  5
22CF
  8
DOCUMENT-LAYER
 10
63.03793624587249
 20
24.91004724409449
 30
0.0
 42
-1.0
  0
VERTEX
  5
22D0
  8
DOCUMENT-LAYER
 10
63.48802590805182
 20
24.91004724409449
 30
0.0
 42
-1.0
  0
SEQEND
  5
296A
  8
DOCUMENT-LAYER
  0
POLYLINE
  5
1316
  8
DOCUMENT-LAYER
 66
     1
 10
0.0
 20
0.0
 30
0.0
 40
0.1
 41
0.1
  0
VERTEX
  5
22D1
  8
DOCUMENT-LAYER
 10
-9.572404622809245
 20
0.7360391160782314
 30
0.0
  0
VERTEX
  5
22D2
  8
DOCUMENT-LAYER
 10
-9.375185674371346
 20
0.0
 30
0.0
  0
SEQEND
  5
296B
  8
DOCUMENT-LAYER
  0
POLYLINE
  5
1317
  8
DOCUMENT-LAYER
 66
     1
 10
0.0
 20
0.0
 30
0.0
 40
0.1
 41
0.1
  0
VERTEX
  5
22D3
  8
DOCUMENT-LAYER
 10
-9.375185674371346
 20
0.0
 30
0.0
  0
VERTEX
  5
22D4
  8
DOCUMENT-LAYER
 10
-9.375185674371346
 20
40.24275260350522
 30
0.0
  0
SEQEND
  5
296C
  8
DOCUMENT-LAYER
  0
POLYLINE
  5
1318
  8
DOCUMENT-LAYER
 66
     1
 10
0.0
 20
0.0
 30
0.0
 40
0.1
 41
0.1
  0
VERTEX
  5
22D5
  8
DOCUMENT-LAYER
 10
-9.375185674371346
 20
59.7576507493015
 30
0.0
  0
VERTEX
  5
22D6
  8
DOCUMENT-LAYER
 10
-9.375185674371346
 20
100.0004030988062
 30
0.0
  0
SEQEND
  5
296D
  8
DOCUMENT-LAYER
  0
POLYLINE
  5
1319
  8
DOCUMENT-LAYER
 66
     1
 10
0.0
 20
0.0
 30
0.0
 40
0.1
 41
0.1
  0
VERTEX
  5
22D7
  8
DOCUMENT-LAYER
 10
-9.572404622809245
 20
99.2643642367285
 30
0.0
  0
VERTEX
  5
22D8
  8
DOCUMENT-LAYER
 10
-9.375185674371346
 20
100.0004030988062
 30
0.0
  0
SEQEND
  5
296E
  8
DOCUMENT-LAYER
  0
POLYLINE
  5
1320
  8
DOCUMENT-LAYER
 66
     1
 10
0.0
 20
0.0
 30
0.0
 40
0.1
 41
0.1
  0
VERTEX
  5
22D9
  8
DOCUMENT-LAYER
 10
-8.239801117602232
 20
49.65095021590044
 30
0.0
  0
VERTEX
  5
22DA
  8
DOCUMENT-LAYER
 10
-8.087400304800616
 20
49.19628829057659
 30
0.0
  0
SEQEND
  5
296F
  8
DOCUMENT-LAYER
  0
POLYLINE
  5
1321
  8
DOCUMENT-LAYER
 66
     1
 10
0.0
 20
0.0
 30
0.0
 40
0.1
 41
0.1
  0
VERTEX
  5
22DB
  8
DOCUMENT-LAYER
 10
-8.239801117602232
 20
49.65095021590044
 30
0.0
  0
VERTEX
  5
22DC
  8
DOCUMENT-LAYER
 10
-8.239801117602232
 20
49.95321132842267
 30
0.0
  0
SEQEND
  5
2970
  8
DOCUMENT-LAYER
  0
POLYLINE
  5
1322
  8
DOCUMENT-LAYER
 66
     1
 10
0.0
 20
0.0
 30
0.0
 40
0.1
 41
0.1
  0
VERTEX
  5
22DD
  8
DOCUMENT-LAYER
 10
-8.239801117602232
 20
53.83434696469394
 30
0.0
  0
VERTEX
  5
22DE
  8
DOCUMENT-LAYER
 10
-8.239801117602232
 20
54.13660807721617
 30
0.0
  0
SEQEND
  5
2971
  8
DOCUMENT-LAYER
  0
POLYLINE
  5
1323
  8
DOCUMENT-LAYER
 66
     1
 10
0.0
 20
0.0
 30
0.0
 40
0.1
 41
0.1
  0
VERTEX
  5
22DF
  8
DOCUMENT-LAYER
 10
-8.239801117602232
 20
56.83409906019813
 30
0.0
  0
VERTEX
  5
22E0
  8
DOCUMENT-LAYER
 10
-8.239801117602232
 20
57.13636017272035
 30
0.0
  0
SEQEND
  5
2972
  8
DOCUMENT-LAYER
  0
POLYLINE
  5
1324
  8
DOCUMENT-LAYER
 66
     1
 10
0.0
 20
0.0
 30
0.0
 40
0.1
 41
0.1
  0
VERTEX
  5
22E1
  8
DOCUMENT-LAYER
 10
-6.118892557785117
 20
40.77361468122936
 30
0.0
  0
VERTEX
  5
22E2
  8
DOCUMENT-LAYER
 10
-6.118892557785117
 20
41.22573660147321
 30
0.0
  0
SEQEND
  5
2973
  8
DOCUMENT-LAYER
  0
POLYLINE
  5
1325
  8
DOCUMENT-LAYER
 66
     1
 10
0.0
 20
0.0
 30
0.0
 40
0.1
 41
0.1
  0
VERTEX
  5
22E3
  8
DOCUMENT-LAYER
 10
-6.118892557785117
 20
42.43986131572264
 30
0.0
  0
VERTEX
  5
22E4
  8
DOCUMENT-LAYER
 10
-6.118892557785117
 20
42.89452324104649
 30
0.0
  0
SEQEND
  5
2974
  8
DOCUMENT-LAYER
  0
POLYLINE
  5
1326
  8
DOCUMENT-LAYER
 66
     1
 10
0.0
 20
0.0
 30
0.0
 40
0.1
 41
0.1
  0
VERTEX
  5
22E5
  8
DOCUMENT-LAYER
 10
-6.118892557785117
 20
44.98495148590298
 30
0.0
  0
VERTEX
  5
22E6
  8
DOCUMENT-LAYER
 10
-6.118892557785117
 20
45.43707340614682
 30
0.0
  0
SEQEND
  5
2975
  8
DOCUMENT-LAYER
  0
POLYLINE
  5
1327
  8
DOCUMENT-LAYER
 66
     1
 10
0.0
 20
0.0
 30
0.0
 40
0.1
 41
0.1
  0
VERTEX
  5
22E7
  8
DOCUMENT-LAYER
 10
-6.118892557785117
 20
46.65119812039625
 30
0.0
  0
VERTEX
  5
22E8
  8
DOCUMENT-LAYER
 10
-6.118892557785117
 20
47.10586004572011
 30
0.0
  0
SEQEND
  5
2976
  8
DOCUMENT-LAYER
  0
POLYLINE
  5
1328
  8
DOCUMENT-LAYER
 66
     1
 10
0.0
 20
0.0
 30
0.0
 40
0.1
 41
0.1
  0
VERTEX
  5
22E9
  8
DOCUMENT-LAYER
 10
-5.057168402336809
 20
49.65095021590044
 30
0.0
  0
VERTEX
  5
22EA
  8
DOCUMENT-LAYER
 10
-5.057168402336809
 20
49.95321132842267
 30
0.0
  0
SEQEND
  5
2977
  8
DOCUMENT-LAYER
  0
POLYLINE
  5
1329
  8
DOCUMENT-LAYER
 66
     1
 10
0.0
 20
0.0
 30
0.0
 40
0.1
 41
0.1
  0
VERTEX
  5
22EB
  8
DOCUMENT-LAYER
 10
-5.057168402336809
 20
53.83434696469394
 30
0.0
  0
VERTEX
  5
22EC
  8
DOCUMENT-LAYER
 10
-5.057168402336809
 20
54.13660807721617
 30
0.0
  0
SEQEND
  5
2978
  8
DOCUMENT-LAYER
  0
POLYLINE
  5
1330
  8
DOCUMENT-LAYER
 66
     1
 10
0.0
 20
0.0
 30
0.0
 40
0.1
 41
0.1
  0
VERTEX
  5
22ED
  8
DOCUMENT-LAYER
 10
-5.057168402336809
 20
56.83409906019813
 30
0.0
  0
VERTEX
  5
22EE
  8
DOCUMENT-LAYER
 10
-5.057168402336809
 20
57.13636017272035
 30
0.0
  0
SEQEND
  5
2979
  8
DOCUMENT-LAYER
  0
POLYLINE
  5
1331
  8
DOCUMENT-LAYER
 66
     1
 10
0.0
 20
0.0
 30
0.0
 40
0.1
 41
0.1
  0
VERTEX
  5
22EF
  8
DOCUMENT-LAYER
 10
-4.187987045974097
 20
95.26944373888747
 30
0.0
  0
VERTEX
  5
22F0
  8
DOCUMENT-LAYER
 10
-4.187987045974097
 20
96.03049580899163
 30
0.0
  0
SEQEND
  5
297A
  8
DOCUMENT-LAYER
  0
POLYLINE
  5
1332
  8
DOCUMENT-LAYER
 66
     1
 10
0.0
 20
0.0
 30
0.0
 40
0.1
 41
0.1
  0
VERTEX
  5
22F1
  8
DOCUMENT-LAYER
 10
-4.187987045974097
 20
98.63492430784862
 30
0.0
  0
VERTEX
  5
22F2
  8
DOCUMENT-LAYER
 10
-4.187987045974097
 20
99.82040538481078
 30
0.0
  0
SEQEND
  5
297B
  8
DOCUMENT-LAYER
  0
POLYLINE
  5
1333
  8
DOCUMENT-LAYER
 66
     1
 10
0.0
 20
0.0
 30
0.0
 40
0.1
 41
0.1
  0
VERTEX
  5
22F3
  8
DOCUMENT-LAYER
 10
-4.217987045974097
 20
99.82040538481078
 30
0.0
  0
VERTEX
  5
22F4
  8
DOCUMENT-LAYER
 10
-4.187987045974097
 20
100.0004030988062
 30
0.0
  0
SEQEND
  5
297C
  8
DOCUMENT-LAYER
  0
POLYLINE
  5
1334
  8
DOCUMENT-LAYER
 66
     1
 10
0.0
 20
0.0
 30
0.0
 40
0.1
 41
0.1
  0
VERTEX
  5
22F5
  8
DOCUMENT-LAYER
 10
-4.157986791973589
 20
95.26944373888747
 30
0.0
  0
VERTEX
  5
22F6
  8
DOCUMENT-LAYER
 10
-4.187987045974097
 20
95.08944348488698
 30
0.0
  0
SEQEND
  5
297D
  8
DOCUMENT-LAYER
  0
POLYLINE
  5
1335
  8
DOCUMENT-LAYER
 66
     1
 10
0.0
 20
0.0
 30
0.0
 40
0.1
 41
0.1
  0
VERTEX
  5
22F7
  8
DOCUMENT-LAYER
 10
168.4639890779782
 20
-6.276512319024635
 30
0.0
  0
VERTEX
  5
22F8
  8
DOCUMENT-LAYER
 10
169.2000256540514
 20
-6.079290830581662
 30
0.0
  0
SEQEND
  5
297E
  8
DOCUMENT-LAYER
  0
POLYLINE
  5
1336
  8
DOCUMENT-LAYER
 66
     1
 10
0.0
 20
0.0
 30
0.0
 40
0.1
 41
0.1
  0
VERTEX
  5
22F9
  8
DOCUMENT-LAYER
 10
-0.0006431292862519
 20
-6.079290830581662
 30
0.0
  0
VERTEX
  5
22FA
  8
DOCUMENT-LAYER
 10
0.7353934467868914
 20
-6.276512319024635
 30
0.0
  0
SEQEND
  5
297F
  8
DOCUMENT-LAYER
  0
POLYLINE
  5
1337
  8
DOCUMENT-LAYER
 66
     1
 10
0.0
 20
0.0
 30
0.0
 40
0.1
 41
0.1
  0
VERTEX
  5
22FB
  8
DOCUMENT-LAYER
 10
-6.268753111506217
 20
43.19678435356872
 30
0.0
  0
VERTEX
  5
22FC
  8
DOCUMENT-LAYER
 10
-6.118892557785117
 20
42.89452324104649
 30
0.0
  0
SEQEND
  5
2980
  8
DOCUMENT-LAYER
  0
POLYLINE
  5
1338
  8
DOCUMENT-LAYER
 66
     1
 10
0.0
 20
0.0
 30
0.0
 40
0.1
 41
0.1
  0
VERTEX
  5
22FD
  8
DOCUMENT-LAYER
 10
-6.268753111506217
 20
47.40812115824233
 30
0.0
  0
VERTEX
  5
22FE
  8
DOCUMENT-LAYER
 10
-6.118892557785117
 20
47.10586004572011
 30
0.0
  0
SEQEND
  5
2981
  8
DOCUMENT-LAYER
  0
POLYLINE
  5
1339
  8
DOCUMENT-LAYER
 66
     1
 10
0.0
 20
0.0
 30
0.0
 40
0.1
 41
0.1
  0
VERTEX
  5
22FF
  8
DOCUMENT-LAYER
 10
-6.268753111506217
 20
41.53053771907544
 30
0.0
  0
VERTEX
  5
2300
  8
DOCUMENT-LAYER
 10
-6.118892557785117
 20
41.22573660147321
 30
0.0
  0
SEQEND
  5
2982
  8
DOCUMENT-LAYER
  0
POLYLINE
  5
1340
  8
DOCUMENT-LAYER
 66
     1
 10
0.0
 20
0.0
 30
0.0
 40
0.1
 41
0.1
  0
VERTEX
  5
2301
  8
DOCUMENT-LAYER
 10
-6.268753111506217
 20
45.74187452374905
 30
0.0
  0
VERTEX
  5
2302
  8
DOCUMENT-LAYER
 10
-6.118892557785117
 20
45.43707340614682
 30
0.0
  0
SEQEND
  5
2983
  8
DOCUMENT-LAYER
  0
POLYLINE
  5
1341
  8
DOCUMENT-LAYER
 66
     1
 10
0.0
 20
0.0
 30
0.0
 40
0.1
 41
0.1
  0
VERTEX
  5
2303
  8
DOCUMENT-LAYER
 10
-8.239801117602232
 20
53.83434696469394
 30
0.0
  0
VERTEX
  5
2304
  8
DOCUMENT-LAYER
 10
-8.087400304800616
 20
53.37968503937009
 30
0.0
  0
SEQEND
  5
2984
  8
DOCUMENT-LAYER
  0
POLYLINE
  5
1342
  8
DOCUMENT-LAYER
 66
     1
 10
0.0
 20
0.0
 30
0.0
 40
0.1
 41
0.1
  0
VERTEX
  5
2305
  8
DOCUMENT-LAYER
 10
-8.239801117602232
 20
56.83409906019813
 30
0.0
  0
VERTEX
  5
2306
  8
DOCUMENT-LAYER
 10
-8.087400304800616
 20
56.37943713487428
 30
0.0
  0
SEQEND
  5
2985
  8
DOCUMENT-LAYER
  0
POLYLINE
  5
1343
  8
DOCUMENT-LAYER
 66
     1
 10
0.0
 20
0.0
 30
0.0
 40
0.1
 41
0.1
  0
VERTEX
  5
2307
  8
DOCUMENT-LAYER
 10
-5.209566421132844
 20
50.40787325374652
 30
0.0
  0
VERTEX
  5
2308
  8
DOCUMENT-LAYER
 10
-5.057168402336809
 20
49.95321132842267
 30
0.0
  0
SEQEND
  5
2986
  8
DOCUMENT-LAYER
  0
POLYLINE
  5
1344
  8
DOCUMENT-LAYER
 66
     1
 10
0.0
 20
0.0
 30
0.0
 40
0.1
 41
0.1
  0
VERTEX
  5
2309
  8
DOCUMENT-LAYER
 10
-5.209566421132844
 20
54.59127000254001
 30
0.0
  0
VERTEX
  5
230A
  8
DOCUMENT-LAYER
 10
-5.057168402336809
 20
54.13660807721617
 30
0.0
  0
SEQEND
  5
2987
  8
DOCUMENT-LAYER
  0
POLYLINE
  5
1345
  8
DOCUMENT-LAYER
 66
     1
 10
0.0
 20
0.0
 30
0.0
 40
0.1
 41
0.1
  0
VERTEX
  5
230B
  8
DOCUMENT-LAYER
 10
-5.209566421132844
 20
57.59102184404369
 30
0.0
  0
VERTEX
  5
230C
  8
DOCUMENT-LAYER
 10
-5.057168402336809
 20
57.13636017272035
 30
0.0
  0
SEQEND
  5
2988
  8
DOCUMENT-LAYER
  0
POLYLINE
  5
1346
  8
DOCUMENT-LAYER
 66
     1
 10
0.0
 20
0.0
 30
0.0
 40
0.1
 41
0.1
  0
VERTEX
  5
230D
  8
DOCUMENT-LAYER
 10
3.500560325120647
 20
0.0000939801879541
 30
0.0
  0
VERTEX
  5
230E
  8
DOCUMENT-LAYER
 10
3.470560325120647
 20
0.1800942341884638
 30
0.0
  0
SEQEND
  5
2989
  8
DOCUMENT-LAYER
  0
POLYLINE
  5
1347
  8
DOCUMENT-LAYER
 66
     1
 10
0.0
 20
0.0
 30
0.0
 40
0.1
 41
0.1
  0
VERTEX
  5
230F
  8
DOCUMENT-LAYER
 10
3.500560325120647
 20
21.78801168402337
 30
0.0
  0
VERTEX
  5
2310
  8
DOCUMENT-LAYER
 10
3.530560325120647
 20
21.60801117602236
 30
0.0
  0
SEQEND
  5
298A
  8
DOCUMENT-LAYER
  0
POLYLINE
  5
1348
  8
DOCUMENT-LAYER
 66
     1
 10
0.0
 20
0.0
 30
0.0
 40
0.1
 41
0.1
  0
VERTEX
  5
2311
  8
DOCUMENT-LAYER
 10
-0.1679077978155909
 20
105.0109441198882
 30
0.0
  0
VERTEX
  5
2312
  8
DOCUMENT-LAYER
 10
-0.1679077978155909
 20
105.0709441198883
 30
0.0
  0
SEQEND
  5
298B
  8
DOCUMENT-LAYER
  0
POLYLINE
  5
1349
  8
DOCUMENT-LAYER
 66
     1
 10
0.0
 20
0.0
 30
0.0
 40
0.1
 41
0.1
  0
VERTEX
  5
2313
  8
DOCUMENT-LAYER
 10
-0.0006431292862519
 20
-8.619300990601984
 30
0.0
  0
VERTEX
  5
2314
  8
DOCUMENT-LAYER
 10
-0.0006431292862519
 20
2.500005080010155
 30
0.0
  0
SEQEND
  5
298C
  8
DOCUMENT-LAYER
  0
POLYLINE
  5
1350
  8
DOCUMENT-LAYER
 66
     1
 10
0.0
 20
0.0
 30
0.0
 40
0.1
 41
0.1
  0
VERTEX
  5
2315
  8
DOCUMENT-LAYER
 10
-0.0006431292862519
 20
24.37704648209298
 30
0.0
  0
VERTEX
  5
2316
  8
DOCUMENT-LAYER
 10
-0.0006431292862519
 20
26.12554635509271
 30
0.0
  0
SEQEND
  5
298D
  8
DOCUMENT-LAYER
  0
POLYLINE
  5
1351
  8
DOCUMENT-LAYER
 66
     1
 10
0.0
 20
0.0
 30
0.0
 40
0.1
 41
0.1
  0
VERTEX
  5
2317
  8
DOCUMENT-LAYER
 10
-0.0006431292862519
 20
63.5531267462535
 30
0.0
  0
VERTEX
  5
2318
  8
DOCUMENT-LAYER
 10
-0.0006431292862519
 20
112.7921127762256
 30
0.0
  0
SEQEND
  5
298E
  8
DOCUMENT-LAYER
  0
POLYLINE
  5
1352
  8
DOCUMENT-LAYER
 66
     1
 10
0.0
 20
0.0
 30
0.0
 40
0.1
 41
0.1
  0
VERTEX
  5
2319
  8
DOCUMENT-LAYER
 10
0.0120924561849188
 20
95.18833375666752
 30
0.0
  0
VERTEX
  5
231A
  8
DOCUMENT-LAYER
 10
0.0120924561849188
 20
105.2209446278893
 30
0.0
  0
SEQEND
  5
298F
  8
DOCUMENT-LAYER
  0
POLYLINE
  5
1353
  8
DOCUMENT-LAYER
 66
     1
 10
0.0
 20
0.0
 30
0.0
 40
0.1
 41
0.1
  0
VERTEX
  5
231B
  8
DOCUMENT-LAYER
 10
0.1793548387096771
 20
89.26250520701043
 30
0.0
  0
VERTEX
  5
231C
  8
DOCUMENT-LAYER
 10
0.1793548387096771
 20
89.2025049530099
 30
0.0
  0
SEQEND
  5
2990
  8
DOCUMENT-LAYER
  0
POLYLINE
  5
1354
  8
DOCUMENT-LAYER
 66
     1
 10
0.0
 20
0.0
 30
0.0
 40
0.1
 41
0.1
  0
VERTEX
  5
231D
  8
DOCUMENT-LAYER
 10
0.1793548387096771
 20
85.33234239268481
 30
0.0
  0
VERTEX
  5
231E
  8
DOCUMENT-LAYER
 10
0.1793548387096771
 20
85.2723421386843
 30
0.0
  0
SEQEND
  5
2991
  8
DOCUMENT-LAYER
  0
POLYLINE
  5
1355
  8
DOCUMENT-LAYER
 66
     1
 10
0.0
 20
0.0
 30
0.0
 40
0.1
 41
0.1
  0
VERTEX
  5
231F
  8
DOCUMENT-LAYER
 10
0.1793548387096771
 20
81.51640894081788
 30
0.0
  0
VERTEX
  5
2320
  8
DOCUMENT-LAYER
 10
0.1793548387096771
 20
81.4564086868174
 30
0.0
  0
SEQEND
  5
2992
  8
DOCUMENT-LAYER
  0
POLYLINE
  5
1356
  8
DOCUMENT-LAYER
 66
     1
 10
0.0
 20
0.0
 30
0.0
 40
0.1
 41
0.1
  0
VERTEX
  5
2321
  8
DOCUMENT-LAYER
 10
0.1793548387096771
 20
77.57555016510034
 30
0.0
  0
VERTEX
  5
2322
  8
DOCUMENT-LAYER
 10
0.1793548387096771
 20
77.51554991109982
 30
0.0
  0
SEQEND
  5
2993
  8
DOCUMENT-LAYER
  0
POLYLINE
  5
1357
  8
DOCUMENT-LAYER
 66
     1
 10
0.0
 20
0.0
 30
0.0
 40
0.1
 41
0.1
  0
VERTEX
  5
2323
  8
DOCUMENT-LAYER
 10
0.1793548387096771
 20
73.40362407924817
 30
0.0
  0
VERTEX
  5
2324
  8
DOCUMENT-LAYER
 10
0.1793548387096771
 20
73.34362407924817
 30
0.0
  0
SEQEND
  5
2994
  8
DOCUMENT-LAYER
  0
POLYLINE
  5
1358
  8
DOCUMENT-LAYER
 66
     1
 10
0.0
 20
0.0
 30
0.0
 40
0.1
 41
0.1
  0
VERTEX
  5
2325
  8
DOCUMENT-LAYER
 10
0.1793548387096771
 20
68.6493931927864
 30
0.0
  0
VERTEX
  5
2326
  8
DOCUMENT-LAYER
 10
0.1793548387096771
 20
68.58939293878588
 30
0.0
  0
SEQEND
  5
2995
  8
DOCUMENT-LAYER
  0
POLYLINE
  5
1359
  8
DOCUMENT-LAYER
 66
     1
 10
0.0
 20
0.0
 30
0.0
 40
0.1
 41
0.1
  0
VERTEX
  5
2327
  8
DOCUMENT-LAYER
 10
0.1793548387096771
 20
63.76312725425452
 30
0.0
  0
VERTEX
  5
2328
  8
DOCUMENT-LAYER
 10
0.1793548387096771
 20
63.70312725425452
 30
0.0
  0
SEQEND
  5
2996
  8
DOCUMENT-LAYER
  0
POLYLINE
  5
1360
  8
DOCUMENT-LAYER
 66
     1
 10
0.0
 20
0.0
 30
0.0
 40
0.1
 41
0.1
  0
VERTEX
  5
2329
  8
DOCUMENT-LAYER
 10
0.1793548387096771
 20
24.58704699009399
 30
0.0
  0
VERTEX
  5
232A
  8
DOCUMENT-LAYER
 10
0.1793548387096771
 20
24.52704673609348
 30
0.0
  0
SEQEND
  5
2997
  8
DOCUMENT-LAYER
  0
POLYLINE
  5
1361
  8
DOCUMENT-LAYER
 66
     1
 10
0.0
 20
0.0
 30
0.0
 40
0.1
 41
0.1
  0
VERTEX
  5
232B
  8
DOCUMENT-LAYER
 10
3.500560325120647
 20
0.1800942341884638
 30
0.0
  0
VERTEX
  5
232C
  8
DOCUMENT-LAYER
 10
3.500560325120647
 20
8.542717297434596
 30
0.0
  0
SEQEND
  5
2998
  8
DOCUMENT-LAYER
  0
POLYLINE
  5
1362
  8
DOCUMENT-LAYER
 66
     1
 10
0.0
 20
0.0
 30
0.0
 40
0.1
 41
0.1
  0
VERTEX
  5
232D
  8
DOCUMENT-LAYER
 10
3.500560325120647
 20
13.32398729997461
 30
0.0
  0
VERTEX
  5
232E
  8
DOCUMENT-LAYER
 10
3.500560325120647
 20
21.60801117602236
 30
0.0
  0
SEQEND
  5
2999
  8
DOCUMENT-LAYER
  0
POLYLINE
  5
1363
  8
DOCUMENT-LAYER
 66
     1
 10
0.0
 20
0.0
 30
0.0
 40
0.1
 41
0.1
  0
VERTEX
  5
232F
  8
DOCUMENT-LAYER
 10
4.82675539751079
 20
95.18833375666752
 30
0.0
  0
VERTEX
  5
2330
  8
DOCUMENT-LAYER
 10
4.82675539751079
 20
105.2209446278893
 30
0.0
  0
SEQEND
  5
299A
  8
DOCUMENT-LAYER
  0
POLYLINE
  5
1364
  8
DOCUMENT-LAYER
 66
     1
 10
0.0
 20
0.0
 30
0.0
 40
0.1
 41
0.1
  0
VERTEX
  5
2331
  8
DOCUMENT-LAYER
 10
-8.239801117602232
 20
57.13636017272035
 30
0.0
  0
VERTEX
  5
2332
  8
DOCUMENT-LAYER
 10
-8.087400304800616
 20
57.59102184404369
 30
0.0
  0
SEQEND
  5
299B
  8
DOCUMENT-LAYER
  0
POLYLINE
  5
1365
  8
DOCUMENT-LAYER
 66
     1
 10
0.0
 20
0.0
 30
0.0
 40
0.1
 41
0.1
  0
VERTEX
  5
2333
  8
DOCUMENT-LAYER
 10
-8.239801117602232
 20
54.13660807721617
 30
0.0
  0
VERTEX
  5
2334
  8
DOCUMENT-LAYER
 10
-8.087400304800616
 20
54.59127000254001
 30
0.0
  0
SEQEND
  5
299C
  8
DOCUMENT-LAYER
  0
POLYLINE
  5
1366
  8
DOCUMENT-LAYER
 66
     1
 10
0.0
 20
0.0
 30
0.0
 40
0.1
 41
0.1
  0
VERTEX
  5
2335
  8
DOCUMENT-LAYER
 10
-8.239801117602232
 20
49.95321132842267
 30
0.0
  0
VERTEX
  5
2336
  8
DOCUMENT-LAYER
 10
-8.087400304800616
 20
50.40787325374652
 30
0.0
  0
SEQEND
  5
299D
  8
DOCUMENT-LAYER
  0
POLYLINE
  5
1367
  8
DOCUMENT-LAYER
 66
     1
 10
0.0
 20
0.0
 30
0.0
 40
0.1
 41
0.1
  0
VERTEX
  5
2337
  8
DOCUMENT-LAYER
 10
-5.209566421132844
 20
56.37943713487428
 30
0.0
  0
VERTEX
  5
2338
  8
DOCUMENT-LAYER
 10
-5.057168402336809
 20
56.83409906019813
 30
0.0
  0
SEQEND
  5
299E
  8
DOCUMENT-LAYER
  0
POLYLINE
  5
1368
  8
DOCUMENT-LAYER
 66
     1
 10
0.0
 20
0.0
 30
0.0
 40
0.1
 41
0.1
  0
VERTEX
  5
2339
  8
DOCUMENT-LAYER
 10
-5.209566421132844
 20
53.37968503937009
 30
0.0
  0
VERTEX
  5
233A
  8
DOCUMENT-LAYER
 10
-5.057168402336809
 20
53.83434696469394
 30
0.0
  0
SEQEND
  5
299F
  8
DOCUMENT-LAYER
  0
POLYLINE
  5
1369
  8
DOCUMENT-LAYER
 66
     1
 10
0.0
 20
0.0
 30
0.0
 40
0.1
 41
0.1
  0
VERTEX
  5
233B
  8
DOCUMENT-LAYER
 10
-6.723412496824997
 20
41.98519964439929
 30
0.0
  0
VERTEX
  5
233C
  8
DOCUMENT-LAYER
 10
-6.268753111506217
 20
41.53053771907544
 30
0.0
  0
SEQEND
  5
29A0
  8
DOCUMENT-LAYER
  0
POLYLINE
  5
1370
  8
DOCUMENT-LAYER
 66
     1
 10
0.0
 20
0.0
 30
0.0
 40
0.1
 41
0.1
  0
VERTEX
  5
233D
  8
DOCUMENT-LAYER
 10
-6.723412496824997
 20
43.65144627889256
 30
0.0
  0
VERTEX
  5
233E
  8
DOCUMENT-LAYER
 10
-6.268753111506217
 20
43.19678435356872
 30
0.0
  0
SEQEND
  5
29A1
  8
DOCUMENT-LAYER
  0
POLYLINE
  5
1371
  8
DOCUMENT-LAYER
 66
     1
 10
0.0
 20
0.0
 30
0.0
 40
0.1
 41
0.1
  0
VERTEX
  5
233F
  8
DOCUMENT-LAYER
 10
-5.664230632461263
 20
59.68145034290069
 30
0.0
  0
VERTEX
  5
2340
  8
DOCUMENT-LAYER
 10
-5.511830073660155
 20
59.37918923037847
 30
0.0
  0
SEQEND
  5
29A2
  8
DOCUMENT-LAYER
  0
POLYLINE
  5
1372
  8
DOCUMENT-LAYER
 66
     1
 10
0.0
 20
0.0
 30
0.0
 40
0.1
 41
0.1
  0
VERTEX
  5
2341
  8
DOCUMENT-LAYER
 10
-9.375185674371346
 20
100.0004030988062
 30
0.0
  0
VERTEX
  5
2342
  8
DOCUMENT-LAYER
 10
-9.177963931927867
 20
99.2643642367285
 30
0.0
  0
SEQEND
  5
29A3
  8
DOCUMENT-LAYER
  0
POLYLINE
  5
1373
  8
DOCUMENT-LAYER
 66
     1
 10
0.0
 20
0.0
 30
0.0
 40
0.1
 41
0.1
  0
VERTEX
  5
2343
  8
DOCUMENT-LAYER
 10
-4.187987045974097
 20
95.08944348488698
 30
0.0
  0
VERTEX
  5
2344
  8
DOCUMENT-LAYER
 10
-4.217987045974097
 20
95.26944373888747
 30
0.0
  0
SEQEND
  5
29A4
  8
DOCUMENT-LAYER
  0
POLYLINE
  5
1374
  8
DOCUMENT-LAYER
 66
     1
 10
0.0
 20
0.0
 30
0.0
 40
0.1
 41
0.1
  0
VERTEX
  5
2345
  8
DOCUMENT-LAYER
 10
-4.187987045974097
 20
100.0004030988062
 30
0.0
  0
VERTEX
  5
2346
  8
DOCUMENT-LAYER
 10
-4.157986791973589
 20
99.82040538481078
 30
0.0
  0
SEQEND
  5
29A5
  8
DOCUMENT-LAYER
  0
POLYLINE
  5
1375
  8
DOCUMENT-LAYER
 66
     1
 10
0.0
 20
0.0
 30
0.0
 40
0.1
 41
0.1
  0
VERTEX
  5
2347
  8
DOCUMENT-LAYER
 10
5.006755905511807
 20
105.0709441198883
 30
0.0
  0
VERTEX
  5
2348
  8
DOCUMENT-LAYER
 10
5.006755905511807
 20
105.0109441198882
 30
0.0
  0
SEQEND
  5
29A6
  8
DOCUMENT-LAYER
  0
POLYLINE
  5
1376
  8
DOCUMENT-LAYER
 66
     1
 10
0.0
 20
0.0
 30
0.0
 40
0.1
 41
0.1
  0
VERTEX
  5
2349
  8
DOCUMENT-LAYER
 10
12.7736954533909
 20
99.82040538481078
 30
0.0
  0
VERTEX
  5
234A
  8
DOCUMENT-LAYER
 10
12.8036954533909
 20
100.0004030988062
 30
0.0
  0
SEQEND
  5
29A7
  8
DOCUMENT-LAYER
  0
POLYLINE
  5
1377
  8
DOCUMENT-LAYER
 66
     1
 10
0.0
 20
0.0
 30
0.0
 40
0.1
 41
0.1
  0
VERTEX
  5
234B
  8
DOCUMENT-LAYER
 10
12.8336954533909
 20
92.56804648209297
 30
0.0
  0
VERTEX
  5
234C
  8
DOCUMENT-LAYER
 10
12.8036954533909
 20
92.38804343408687
 30
0.0
  0
SEQEND
  5
29A8
  8
DOCUMENT-LAYER
  0
POLYLINE
  5
1378
  8
DOCUMENT-LAYER
 66
     1
 10
0.0
 20
0.0
 30
0.0
 40
0.1
 41
0.1
  0
VERTEX
  5
234D
  8
DOCUMENT-LAYER
 10
-9.375185674371346
 20
0.0
 30
0.0
  0
VERTEX
  5
234E
  8
DOCUMENT-LAYER
 10
-9.177963931927867
 20
0.7360391160782314
 30
0.0
  0
SEQEND
  5
29A9
  8
DOCUMENT-LAYER
  0
POLYLINE
  5
1379
  8
DOCUMENT-LAYER
 66
     1
 10
0.0
 20
0.0
 30
0.0
 40
0.1
 41
0.1
  0
VERTEX
  5
234F
  8
DOCUMENT-LAYER
 10
-5.209566421132844
 20
49.19628829057659
 30
0.0
  0
VERTEX
  5
2350
  8
DOCUMENT-LAYER
 10
-5.057168402336809
 20
49.65095021590044
 30
0.0
  0
SEQEND
  5
29AA
  8
DOCUMENT-LAYER
  0
POLYLINE
  5
1380
  8
DOCUMENT-LAYER
 66
     1
 10
0.0
 20
0.0
 30
0.0
 40
0.1
 41
0.1
  0
VERTEX
  5
2351
  8
DOCUMENT-LAYER
 10
113.1998018796038
 20
-6.079290830581662
 30
0.0
  0
VERTEX
  5
2352
  8
DOCUMENT-LAYER
 10
113.9358407416815
 20
-5.882069088138182
 30
0.0
  0
SEQEND
  5
29AB
  8
DOCUMENT-LAYER
  0
POLYLINE
  5
1381
  8
DOCUMENT-LAYER
 66
     1
 10
0.0
 20
0.0
 30
0.0
 40
0.1
 41
0.1
  0
VERTEX
  5
2353
  8
DOCUMENT-LAYER
 10
110.4637586995174
 20
-6.276512319024635
 30
0.0
  0
VERTEX
  5
2354
  8
DOCUMENT-LAYER
 10
111.1997978155956
 20
-6.079290830581662
 30
0.0
  0
SEQEND
  5
29AC
  8
DOCUMENT-LAYER
  0
POLYLINE
  5
1382
  8
DOCUMENT-LAYER
 66
     1
 10
0.0
 20
0.0
 30
0.0
 40
0.1
 41
0.1
  0
VERTEX
  5
2355
  8
DOCUMENT-LAYER
 10
57.58459283718569
 20
-2.822997713995432
 30
0.0
  0
VERTEX
  5
2356
  8
DOCUMENT-LAYER
 10
57.88939649479301
 20
-2.972858267716532
 30
0.0
  0
SEQEND
  5
29AD
  8
DOCUMENT-LAYER
  0
POLYLINE
  5
1383
  8
DOCUMENT-LAYER
 66
     1
 10
0.0
 20
0.0
 30
0.0
 40
0.1
 41
0.1
  0
VERTEX
  5
2357
  8
DOCUMENT-LAYER
 10
59.25084201168404
 20
-2.822997713995432
 30
0.0
  0
VERTEX
  5
2358
  8
DOCUMENT-LAYER
 10
59.55564312928625
 20
-2.972858267716532
 30
0.0
  0
SEQEND
  5
29AE
  8
DOCUMENT-LAYER
  0
POLYLINE
  5
1384
  8
DOCUMENT-LAYER
 66
     1
 10
0.0
 20
0.0
 30
0.0
 40
0.1
 41
0.1
  0
VERTEX
  5
2359
  8
DOCUMENT-LAYER
 10
54.73724130048259
 20
-1.76127355854711
 30
0.0
  0
VERTEX
  5
235A
  8
DOCUMENT-LAYER
 10
55.03950266700534
 20
-1.913671577343159
 30
0.0
  0
SEQEND
  5
29AF
  8
DOCUMENT-LAYER
  0
POLYLINE
  5
1385
  8
DOCUMENT-LAYER
 66
     1
 10
0.0
 20
0.0
 30
0.0
 40
0.1
 41
0.1
  0
VERTEX
  5
235B
  8
DOCUMENT-LAYER
 10
-6.723412496824997
 20
46.1965364490729
 30
0.0
  0
VERTEX
  5
235C
  8
DOCUMENT-LAYER
 10
-6.268753111506217
 20
45.74187452374905
 30
0.0
  0
SEQEND
  5
29B0
  8
DOCUMENT-LAYER
  0
POLYLINE
  5
1386
  8
DOCUMENT-LAYER
 66
     1
 10
0.0
 20
0.0
 30
0.0
 40
0.1
 41
0.1
  0
VERTEX
  5
235D
  8
DOCUMENT-LAYER
 10
-6.723412496824997
 20
47.86278308356618
 30
0.0
  0
VERTEX
  5
235E
  8
DOCUMENT-LAYER
 10
-6.268753111506217
 20
47.40812115824233
 30
0.0
  0
SEQEND
  5
29B1
  8
DOCUMENT-LAYER
  0
POLYLINE
  5
1387
  8
DOCUMENT-LAYER
 66
     1
 10
0.0
 20
0.0
 30
0.0
 40
0.1
 41
0.1
  0
VERTEX
  5
235F
  8
DOCUMENT-LAYER
 10
-7.785136652273304
 20
51.89377927355856
 30
0.0
  0
VERTEX
  5
2360
  8
DOCUMENT-LAYER
 10
-7.632736093472182
 20
51.74137846075693
 30
0.0
  0
SEQEND
  5
29B2
  8
DOCUMENT-LAYER
  0
POLYLINE
  5
1388
  8
DOCUMENT-LAYER
 66
     1
 10
0.0
 20
0.0
 30
0.0
 40
0.1
 41
0.1
  0
VERTEX
  5
2361
  8
DOCUMENT-LAYER
 10
-7.632736093472182
 20
52.04617983235968
 30
0.0
  0
VERTEX
  5
2362
  8
DOCUMENT-LAYER
 10
-7.480338074676147
 20
51.89377927355856
 30
0.0
  0
SEQEND
  5
29B3
  8
DOCUMENT-LAYER
  0
POLYLINE
  5
1389
  8
DOCUMENT-LAYER
 66
     1
 10
0.0
 20
0.0
 30
0.0
 40
0.1
 41
0.1
  0
VERTEX
  5
2363
  8
DOCUMENT-LAYER
 10
52.18961112522226
 20
-4.336841249682498
 30
0.0
  0
VERTEX
  5
2364
  8
DOCUMENT-LAYER
 10
52.34201168402338
 20
-4.48924180848362
 30
0.0
  0
SEQEND
  5
29B4
  8
DOCUMENT-LAYER
  0
POLYLINE
  5
1390
  8
DOCUMENT-LAYER
 66
     1
 10
0.0
 20
0.0
 30
0.0
 40
0.1
 41
0.1
  0
VERTEX
  5
2365
  8
DOCUMENT-LAYER
 10
12.8036954533909
 20
92.56804648209297
 30
0.0
  0
VERTEX
  5
2366
  8
DOCUMENT-LAYER
 10
12.8036954533909
 20
94.50063144526291
 30
0.0
  0
SEQEND
  5
29B5
  8
DOCUMENT-LAYER
  0
POLYLINE
  5
1391
  8
DOCUMENT-LAYER
 66
     1
 10
0.0
 20
0.0
 30
0.0
 40
0.1
 41
0.1
  0
VERTEX
  5
2367
  8
DOCUMENT-LAYER
 10
12.8036954533909
 20
97.63927736855474
 30
0.0
  0
VERTEX
  5
2368
  8
DOCUMENT-LAYER
 10
12.8036954533909
 20
99.82040538481078
 30
0.0
  0
SEQEND
  5
29B6
  8
DOCUMENT-LAYER
  0
POLYLINE
  5
1392
  8
DOCUMENT-LAYER
 66
     1
 10
0.0
 20
0.0
 30
0.0
 40
0.1
 41
0.1
  0
VERTEX
  5
2369
  8
DOCUMENT-LAYER
 10
16.22195478790958
 20
89.2025049530099
 30
0.0
  0
VERTEX
  5
236A
  8
DOCUMENT-LAYER
 10
16.22195478790958
 20
89.26250520701043
 30
0.0
  0
SEQEND
  5
29B7
  8
DOCUMENT-LAYER
  0
POLYLINE
  5
1393
  8
DOCUMENT-LAYER
 66
     1
 10
0.0
 20
0.0
 30
0.0
 40
0.1
 41
0.1
  0
VERTEX
  5
236B
  8
DOCUMENT-LAYER
 10
16.40195504191009
 20
89.0525046990094
 30
0.0
  0
VERTEX
  5
236C
  8
DOCUMENT-LAYER
 10
16.40195504191009
 20
92.38804343408687
 30
0.0
  0
SEQEND
  5
29B8
  8
DOCUMENT-LAYER
  0
POLYLINE
  5
1394
  8
DOCUMENT-LAYER
 66
     1
 10
0.0
 20
0.0
 30
0.0
 40
0.1
 41
0.1
  0
VERTEX
  5
236D
  8
DOCUMENT-LAYER
 10
16.70849631699263
 20
24.52704673609348
 30
0.0
  0
VERTEX
  5
236E
  8
DOCUMENT-LAYER
 10
16.70849631699263
 20
24.58704699009399
 30
0.0
  0
SEQEND
  5
29B9
  8
DOCUMENT-LAYER
  0
POLYLINE
  5
1395
  8
DOCUMENT-LAYER
 66
     1
 10
0.0
 20
0.0
 30
0.0
 40
0.1
 41
0.1
  0
VERTEX
  5
236F
  8
DOCUMENT-LAYER
 10
16.88849657099314
 20
24.37704648209298
 30
0.0
  0
VERTEX
  5
2370
  8
DOCUMENT-LAYER
 10
16.88849657099314
 20
26.12554635509271
 30
0.0
  0
SEQEND
  5
29BA
  8
DOCUMENT-LAYER
  0
POLYLINE
  5
1396
  8
DOCUMENT-LAYER
 66
     1
 10
0.0
 20
0.0
 30
0.0
 40
0.1
 41
0.1
  0
VERTEX
  5
2371
  8
DOCUMENT-LAYER
 10
3.470560325120647
 20
21.60801117602236
 30
0.0
  0
VERTEX
  5
2372
  8
DOCUMENT-LAYER
 10
3.500560325120647
 20
21.78801168402337
 30
0.0
  0
SEQEND
  5
29BB
  8
DOCUMENT-LAYER
  0
POLYLINE
  5
1397
  8
DOCUMENT-LAYER
 66
     1
 10
0.0
 20
0.0
 30
0.0
 40
0.1
 41
0.1
  0
VERTEX
  5
2373
  8
DOCUMENT-LAYER
 10
3.530560325120647
 20
0.1800942341884638
 30
0.0
  0
VERTEX
  5
2374
  8
DOCUMENT-LAYER
 10
3.500560325120647
 20
0.0000939801879541
 30
0.0
  0
SEQEND
  5
29BC
  8
DOCUMENT-LAYER
  0
POLYLINE
  5
1398
  8
DOCUMENT-LAYER
 66
     1
 10
0.0
 20
0.0
 30
0.0
 40
0.1
 41
0.1
  0
VERTEX
  5
2375
  8
DOCUMENT-LAYER
 10
-6.268753111506217
 20
46.34639700279402
 30
0.0
  0
VERTEX
  5
2376
  8
DOCUMENT-LAYER
 10
-6.118892557785117
 20
46.65119812039625
 30
0.0
  0
SEQEND
  5
29BD
  8
DOCUMENT-LAYER
  0
POLYLINE
  5
1399
  8
DOCUMENT-LAYER
 66
     1
 10
0.0
 20
0.0
 30
0.0
 40
0.1
 41
0.1
  0
VERTEX
  5
2377
  8
DOCUMENT-LAYER
 10
-6.268753111506217
 20
44.68015036830074
 30
0.0
  0
VERTEX
  5
2378
  8
DOCUMENT-LAYER
 10
-6.118892557785117
 20
44.98495148590298
 30
0.0
  0
SEQEND
  5
29BE
  8
DOCUMENT-LAYER
  0
POLYLINE
  5
1400
  8
DOCUMENT-LAYER
 66
     1
 10
0.0
 20
0.0
 30
0.0
 40
0.1
 41
0.1
  0
VERTEX
  5
2379
  8
DOCUMENT-LAYER
 10
-6.268753111506217
 20
42.13506019812041
 30
0.0
  0
VERTEX
  5
237A
  8
DOCUMENT-LAYER
 10
-6.118892557785117
 20
42.43986131572264
 30
0.0
  0
SEQEND
  5
29BF
  8
DOCUMENT-LAYER
  0
POLYLINE
  5
1401
  8
DOCUMENT-LAYER
 66
     1
 10
0.0
 20
0.0
 30
0.0
 40
0.1
 41
0.1
  0
VERTEX
  5
237B
  8
DOCUMENT-LAYER
 10
-6.268753111506217
 20
40.46881356362713
 30
0.0
  0
VERTEX
  5
237C
  8
DOCUMENT-LAYER
 10
-6.118892557785117
 20
40.77361468122936
 30
0.0
  0
SEQEND
  5
29C0
  8
DOCUMENT-LAYER
  0
POLYLINE
  5
1402
  8
DOCUMENT-LAYER
 66
     1
 10
0.0
 20
0.0
 30
0.0
 40
0.1
 41
0.1
  0
VERTEX
  5
237D
  8
DOCUMENT-LAYER
 10
-0.0006431292862519
 20
-6.079290830581662
 30
0.0
  0
VERTEX
  5
237E
  8
DOCUMENT-LAYER
 10
47.20611125222251
 20
-6.079290830581662
 30
0.0
  0
SEQEND
  5
29C1
  8
DOCUMENT-LAYER
  0
POLYLINE
  5
1403
  8
DOCUMENT-LAYER
 66
     1
 10
0.0
 20
0.0
 30
0.0
 40
0.1
 41
0.1
  0
VERTEX
  5
237F
  8
DOCUMENT-LAYER
 10
63.99303835407672
 20
-6.079290830581662
 30
0.0
  0
VERTEX
  5
2380
  8
DOCUMENT-LAYER
 10
111.1997978155956
 20
-6.079290830581662
 30
0.0
  0
SEQEND
  5
29C2
  8
DOCUMENT-LAYER
  0
POLYLINE
  5
1404
  8
DOCUMENT-LAYER
 66
     1
 10
0.0
 20
0.0
 30
0.0
 40
0.1
 41
0.1
  0
VERTEX
  5
2381
  8
DOCUMENT-LAYER
 10
113.1998018796038
 20
-6.079290830581662
 30
0.0
  0
VERTEX
  5
2382
  8
DOCUMENT-LAYER
 10
132.3352781305562
 20
-6.079290830581662
 30
0.0
  0
SEQEND
  5
29C3
  8
DOCUMENT-LAYER
  0
POLYLINE
  5
1405
  8
DOCUMENT-LAYER
 66
     1
 10
0.0
 20
0.0
 30
0.0
 40
0.1
 41
0.1
  0
VERTEX
  5
2383
  8
DOCUMENT-LAYER
 10
150.0645491490983
 20
-6.079290830581662
 30
0.0
  0
VERTEX
  5
2384
  8
DOCUMENT-LAYER
 10
169.2000256540514
 20
-6.079290830581662
 30
0.0
  0
SEQEND
  5
29C4
  8
DOCUMENT-LAYER
  0
POLYLINE
  5
1406
  8
DOCUMENT-LAYER
 66
     1
 10
0.0
 20
0.0
 30
0.0
 40
0.1
 41
0.1
  0
VERTEX
  5
2385
  8
DOCUMENT-LAYER
 10
53.37325603251206
 20
-4.943906273812547
 30
0.0
  0
VERTEX
  5
2386
  8
DOCUMENT-LAYER
 10
55.49416687833377
 20
-4.943906273812547
 30
0.0
  0
SEQEND
  5
29C5
  8
DOCUMENT-LAYER
  0
POLYLINE
  5
1407
  8
DOCUMENT-LAYER
 66
     1
 10
0.0
 20
0.0
 30
0.0
 40
0.1
 41
0.1
  0
VERTEX
  5
2387
  8
DOCUMENT-LAYER
 10
133.1684041148082
 20
-4.943906273812547
 30
0.0
  0
VERTEX
  5
2388
  8
DOCUMENT-LAYER
 10
133.6230632461265
 20
-4.943906273812547
 30
0.0
  0
SEQEND
  5
29C6
  8
DOCUMENT-LAYER
  0
POLYLINE
  5
1408
  8
DOCUMENT-LAYER
 66
     1
 10
0.0
 20
0.0
 30
0.0
 40
0.1
 41
0.1
  0
VERTEX
  5
2389
  8
DOCUMENT-LAYER
 10
136.3205542291085
 20
-4.943906273812547
 30
0.0
  0
VERTEX
  5
238A
  8
DOCUMENT-LAYER
 10
136.4729547879096
 20
-4.943906273812547
 30
0.0
  0
SEQEND
  5
29C7
  8
DOCUMENT-LAYER
  0
POLYLINE
  5
1409
  8
DOCUMENT-LAYER
 66
     1
 10
0.0
 20
0.0
 30
0.0
 40
0.1
 41
0.1
  0
VERTEX
  5
238B
  8
DOCUMENT-LAYER
 10
140.3540927101855
 20
-4.943906273812547
 30
0.0
  0
VERTEX
  5
238C
  8
DOCUMENT-LAYER
 10
140.6563540767082
 20
-4.943906273812547
 30
0.0
  0
SEQEND
  5
29C8
  8
DOCUMENT-LAYER
  0
POLYLINE
  5
1410
  8
DOCUMENT-LAYER
 66
     1
 10
0.0
 20
0.0
 30
0.0
 40
0.1
 41
0.1
  0
VERTEX
  5
238D
  8
DOCUMENT-LAYER
 10
136.3205542291085
 20
-2.972858267716532
 30
0.0
  0
VERTEX
  5
238E
  8
DOCUMENT-LAYER
 10
136.4729547879096
 20
-2.972858267716532
 30
0.0
  0
SEQEND
  5
29C9
  8
DOCUMENT-LAYER
  0
POLYLINE
  5
1411
  8
DOCUMENT-LAYER
 66
     1
 10
0.0
 20
0.0
 30
0.0
 40
0.1
 41
0.1
  0
VERTEX
  5
238F
  8
DOCUMENT-LAYER
 10
57.12993345186693
 20
-2.822997713995432
 30
0.0
  0
VERTEX
  5
2390
  8
DOCUMENT-LAYER
 10
57.58459283718569
 20
-2.822997713995432
 30
0.0
  0
SEQEND
  5
29CA
  8
DOCUMENT-LAYER
  0
POLYLINE
  5
1412
  8
DOCUMENT-LAYER
 66
     1
 10
0.0
 20
0.0
 30
0.0
 40
0.1
 41
0.1
  0
VERTEX
  5
2391
  8
DOCUMENT-LAYER
 10
58.7987175514351
 20
-2.822997713995432
 30
0.0
  0
VERTEX
  5
2392
  8
DOCUMENT-LAYER
 10
59.25084201168404
 20
-2.822997713995432
 30
0.0
  0
SEQEND
  5
29CB
  8
DOCUMENT-LAYER
  0
POLYLINE
  5
1413
  8
DOCUMENT-LAYER
 66
     1
 10
0.0
 20
0.0
 30
0.0
 40
0.1
 41
0.1
  0
VERTEX
  5
2393
  8
DOCUMENT-LAYER
 10
61.34126771653545
 20
-2.822997713995432
 30
0.0
  0
VERTEX
  5
2394
  8
DOCUMENT-LAYER
 10
61.79593218186437
 20
-2.822997713995432
 30
0.0
  0
SEQEND
  5
29CC
  8
DOCUMENT-LAYER
  0
POLYLINE
  5
1414
  8
DOCUMENT-LAYER
 66
     1
 10
0.0
 20
0.0
 30
0.0
 40
0.1
 41
0.1
  0
VERTEX
  5
2395
  8
DOCUMENT-LAYER
 10
63.01005689611381
 20
-2.822997713995432
 30
0.0
  0
VERTEX
  5
2396
  8
DOCUMENT-LAYER
 10
63.46217881635764
 20
-2.822997713995432
 30
0.0
  0
SEQEND
  5
29CD
  8
DOCUMENT-LAYER
  0
POLYLINE
  5
1415
  8
DOCUMENT-LAYER
 66
     1
 10
0.0
 20
0.0
 30
0.0
 40
0.1
 41
0.1
  0
VERTEX
  5
2397
  8
DOCUMENT-LAYER
 10
133.1684041148082
 20
-2.822997713995432
 30
0.0
  0
VERTEX
  5
2398
  8
DOCUMENT-LAYER
 10
133.6230632461265
 20
-2.822997713995432
 30
0.0
  0
SEQEND
  5
29CE
  8
DOCUMENT-LAYER
  0
POLYLINE
  5
1416
  8
DOCUMENT-LAYER
 66
     1
 10
0.0
 20
0.0
 30
0.0
 40
0.1
 41
0.1
  0
VERTEX
  5
2399
  8
DOCUMENT-LAYER
 10
143.2014442468885
 20
-2.822997713995432
 30
0.0
  0
VERTEX
  5
239A
  8
DOCUMENT-LAYER
 10
143.6561033782068
 20
-2.822997713995432
 30
0.0
  0
SEQEND
  5
29CF
  8
DOCUMENT-LAYER
  0
POLYLINE
  5
1417
  8
DOCUMENT-LAYER
 66
     1
 10
0.0
 20
0.0
 30
0.0
 40
0.1
 41
0.1
  0
VERTEX
  5
239B
  8
DOCUMENT-LAYER
 10
144.8702283464567
 20
-2.822997713995432
 30
0.0
  0
VERTEX
  5
239C
  8
DOCUMENT-LAYER
 10
145.3223502667006
 20
-2.822997713995432
 30
0.0
  0
SEQEND
  5
29D0
  8
DOCUMENT-LAYER
  0
POLYLINE
  5
1418
  8
DOCUMENT-LAYER
 66
     1
 10
0.0
 20
0.0
 30
0.0
 40
0.1
 41
0.1
  0
VERTEX
  5
239D
  8
DOCUMENT-LAYER
 10
147.412778511557
 20
-2.822997713995432
 30
0.0
  0
VERTEX
  5
239E
  8
DOCUMENT-LAYER
 10
147.8674404368809
 20
-2.822997713995432
 30
0.0
  0
SEQEND
  5
29D1
  8
DOCUMENT-LAYER
  0
POLYLINE
  5
1419
  8
DOCUMENT-LAYER
 66
     1
 10
0.0
 20
0.0
 30
0.0
 40
0.1
 41
0.1
  0
VERTEX
  5
239F
  8
DOCUMENT-LAYER
 10
149.0815651511303
 20
-2.822997713995432
 30
0.0
  0
VERTEX
  5
23A0
  8
DOCUMENT-LAYER
 10
149.5336896113792
 20
-2.822997713995432
 30
0.0
  0
SEQEND
  5
29D2
  8
DOCUMENT-LAYER
  0
POLYLINE
  5
1420
  8
DOCUMENT-LAYER
 66
     1
 10
0.0
 20
0.0
 30
0.0
 40
0.1
 41
0.1
  0
VERTEX
  5
23A1
  8
DOCUMENT-LAYER
 10
54.13018135636271
 20
-1.76127355854711
 30
0.0
  0
VERTEX
  5
23A2
  8
DOCUMENT-LAYER
 10
54.73724130048259
 20
-1.76127355854711
 30
0.0
  0
SEQEND
  5
29D3
  8
DOCUMENT-LAYER
  0
POLYLINE
  5
1421
  8
DOCUMENT-LAYER
 66
     1
 10
0.0
 20
0.0
 30
0.0
 40
0.1
 41
0.1
  0
VERTEX
  5
23A3
  8
DOCUMENT-LAYER
 10
132.7137396494793
 20
-1.76127355854711
 30
0.0
  0
VERTEX
  5
23A4
  8
DOCUMENT-LAYER
 10
134.2301282702566
 20
-1.76127355854711
 30
0.0
  0
SEQEND
  5
29D4
  8
DOCUMENT-LAYER
  0
POLYLINE
  5
1422
  8
DOCUMENT-LAYER
 66
     1
 10
0.0
 20
0.0
 30
0.0
 40
0.1
 41
0.1
  0
VERTEX
  5
23A5
  8
DOCUMENT-LAYER
 10
136.3205542291085
 20
-1.76127355854711
 30
0.0
  0
VERTEX
  5
23A6
  8
DOCUMENT-LAYER
 10
136.6228178816358
 20
-1.76127355854711
 30
0.0
  0
SEQEND
  5
29D5
  8
DOCUMENT-LAYER
  0
POLYLINE
  5
1423
  8
DOCUMENT-LAYER
 66
     1
 10
0.0
 20
0.0
 30
0.0
 40
0.1
 41
0.1
  0
VERTEX
  5
23A7
  8
DOCUMENT-LAYER
 10
140.3540927101855
 20
-1.76127355854711
 30
0.0
  0
VERTEX
  5
23A8
  8
DOCUMENT-LAYER
 10
140.6563540767082
 20
-1.76127355854711
 30
0.0
  0
SEQEND
  5
29D6
  8
DOCUMENT-LAYER
  0
POLYLINE
  5
1424
  8
DOCUMENT-LAYER
 66
     1
 10
0.0
 20
0.0
 30
0.0
 40
0.1
 41
0.1
  0
VERTEX
  5
23A9
  8
DOCUMENT-LAYER
 10
61.79593218186437
 20
-2.822997713995432
 30
0.0
  0
VERTEX
  5
23AA
  8
DOCUMENT-LAYER
 10
62.10073329946661
 20
-2.972858267716532
 30
0.0
  0
SEQEND
  5
29D7
  8
DOCUMENT-LAYER
  0
POLYLINE
  5
1425
  8
DOCUMENT-LAYER
 66
     1
 10
0.0
 20
0.0
 30
0.0
 40
0.1
 41
0.1
  0
VERTEX
  5
23AB
  8
DOCUMENT-LAYER
 10
63.46217881635764
 20
-2.822997713995432
 30
0.0
  0
VERTEX
  5
23AC
  8
DOCUMENT-LAYER
 10
63.76697739395481
 20
-2.972858267716532
 30
0.0
  0
SEQEND
  5
29D8
  8
DOCUMENT-LAYER
  0
POLYLINE
  5
1426
  8
DOCUMENT-LAYER
 66
     1
 10
0.0
 20
0.0
 30
0.0
 40
0.1
 41
0.1
  0
VERTEX
  5
23AD
  8
DOCUMENT-LAYER
 10
55.03950266700534
 20
-1.913671577343159
 30
0.0
  0
VERTEX
  5
23AE
  8
DOCUMENT-LAYER
 10
55.19190322580646
 20
-2.06353213106426
 30
0.0
  0
SEQEND
  5
29D9
  8
DOCUMENT-LAYER
  0
POLYLINE
  5
1427
  8
DOCUMENT-LAYER
 66
     1
 10
0.0
 20
0.0
 30
0.0
 40
0.1
 41
0.1
  0
VERTEX
  5
23AF
  8
DOCUMENT-LAYER
 10
52.34201168402338
 20
-4.184443230886463
 30
0.0
  0
VERTEX
  5
23B0
  8
DOCUMENT-LAYER
 10
52.49441249682499
 20
-4.336841249682498
 30
0.0
  0
SEQEND
  5
29DA
  8
DOCUMENT-LAYER
  0
POLYLINE
  5
1428
  8
DOCUMENT-LAYER
 66
     1
 10
0.0
 20
0.0
 30
0.0
 40
0.1
 41
0.1
  0
VERTEX
  5
23B1
  8
DOCUMENT-LAYER
 10
-5.511830073660155
 20
59.37918923037847
 30
0.0
  0
VERTEX
  5
23B2
  8
DOCUMENT-LAYER
 10
-5.057168402336809
 20
58.92452730505462
 30
0.0
  0
SEQEND
  5
29DB
  8
DOCUMENT-LAYER
  0
POLYLINE
  5
1429
  8
DOCUMENT-LAYER
 66
     1
 10
0.0
 20
0.0
 30
0.0
 40
0.1
 41
0.1
  0
VERTEX
  5
23B3
  8
DOCUMENT-LAYER
 10
12.8036954533909
 20
92.38804343408687
 30
0.0
  0
VERTEX
  5
23B4
  8
DOCUMENT-LAYER
 10
12.7736954533909
 20
92.56804648209297
 30
0.0
  0
SEQEND
  5
29DC
  8
DOCUMENT-LAYER
  0
POLYLINE
  5
1430
  8
DOCUMENT-LAYER
 66
     1
 10
0.0
 20
0.0
 30
0.0
 40
0.1
 41
0.1
  0
VERTEX
  5
23B5
  8
DOCUMENT-LAYER
 10
181.8168580137161
 20
23.31771501143003
 30
0.0
  0
VERTEX
  5
23B6
  8
DOCUMENT-LAYER
 10
182.4239230378461
 20
23.47011557023114
 30
0.0
  0
SEQEND
  5
29DD
  8
DOCUMENT-LAYER
  0
POLYLINE
  5
1431
  8
DOCUMENT-LAYER
 66
     1
 10
0.0
 20
0.0
 30
0.0
 40
0.1
 41
0.1
  0
VERTEX
  5
23B7
  8
DOCUMENT-LAYER
 10
180.303014478029
 20
21.10282600965202
 30
0.0
  0
VERTEX
  5
23B8
  8
DOCUMENT-LAYER
 10
181.0599375158751
 20
21.25522656845314
 30
0.0
  0
SEQEND
  5
29DE
  8
DOCUMENT-LAYER
  0
POLYLINE
  5
1432
  8
DOCUMENT-LAYER
 66
     1
 10
0.0
 20
0.0
 30
0.0
 40
0.1
 41
0.1
  0
VERTEX
  5
23B9
  8
DOCUMENT-LAYER
 10
181.5145991871984
 20
19.13431826263653
 30
0.0
  0
VERTEX
  5
23BA
  8
DOCUMENT-LAYER
 10
182.2715222250445
 20
19.28417881635763
 30
0.0
  0
SEQEND
  5
29DF
  8
DOCUMENT-LAYER
  0
POLYLINE
  5
1433
  8
DOCUMENT-LAYER
 66
     1
 10
0.0
 20
0.0
 30
0.0
 40
0.1
 41
0.1
  0
VERTEX
  5
23BB
  8
DOCUMENT-LAYER
 10
166.7000205740412
 20
-0.0214351028702019
 30
0.0
  0
VERTEX
  5
23BC
  8
DOCUMENT-LAYER
 10
181.1005725171451
 20
0.0045897891795842
 30
0.0
  0
SEQEND
  5
29E0
  8
DOCUMENT-LAYER
  0
POLYLINE
  5
1434
  8
DOCUMENT-LAYER
 66
     1
 10
0.0
 20
0.0
 30
0.0
 40
0.1
 41
0.1
  0
VERTEX
  5
23BD
  8
DOCUMENT-LAYER
 10
-11.91519583439167
 20
0.0
 30
0.0
  0
VERTEX
  5
23BE
  8
DOCUMENT-LAYER
 10
18.02605537211074
 20
0.0000939801879541
 30
0.0
  0
SEQEND
  5
29E1
  8
DOCUMENT-LAYER
  0
POLYLINE
  5
1435
  8
DOCUMENT-LAYER
 66
     1
 10
0.0
 20
0.0
 30
0.0
 40
0.1
 41
0.1
  0
VERTEX
  5
23BF
  8
DOCUMENT-LAYER
 10
3.470560325120647
 20
0.1800942341884638
 30
0.0
  0
VERTEX
  5
23C0
  8
DOCUMENT-LAYER
 10
3.530560325120647
 20
0.1800942341884638
 30
0.0
  0
SEQEND
  5
29E2
  8
DOCUMENT-LAYER
  0
POLYLINE
  5
1436
  8
DOCUMENT-LAYER
 66
     1
 10
0.0
 20
0.0
 30
0.0
 40
0.1
 41
0.1
  0
VERTEX
  5
23C1
  8
DOCUMENT-LAYER
 10
110.4637586995174
 20
-5.882069088138182
 30
0.0
  0
VERTEX
  5
23C2
  8
DOCUMENT-LAYER
 10
111.1997978155956
 20
-6.079290830581662
 30
0.0
  0
SEQEND
  5
29E3
  8
DOCUMENT-LAYER
  0
POLYLINE
  5
1437
  8
DOCUMENT-LAYER
 66
     1
 10
0.0
 20
0.0
 30
0.0
 40
0.1
 41
0.1
  0
VERTEX
  5
23C3
  8
DOCUMENT-LAYER
 10
113.1998018796038
 20
-6.079290830581662
 30
0.0
  0
VERTEX
  5
23C4
  8
DOCUMENT-LAYER
 10
113.9358407416815
 20
-6.276512319024635
 30
0.0
  0
SEQEND
  5
29E4
  8
DOCUMENT-LAYER
  0
POLYLINE
  5
1438
  8
DOCUMENT-LAYER
 66
     1
 10
0.0
 20
0.0
 30
0.0
 40
0.1
 41
0.1
  0
VERTEX
  5
23C5
  8
DOCUMENT-LAYER
 10
-5.664230632461263
 20
50.71013436626874
 30
0.0
  0
VERTEX
  5
23C6
  8
DOCUMENT-LAYER
 10
-5.209566421132844
 20
50.40787325374652
 30
0.0
  0
SEQEND
  5
29E5
  8
DOCUMENT-LAYER
  0
POLYLINE
  5
1439
  8
DOCUMENT-LAYER
 66
     1
 10
0.0
 20
0.0
 30
0.0
 40
0.1
 41
0.1
  0
VERTEX
  5
23C7
  8
DOCUMENT-LAYER
 10
-5.664230632461263
 20
54.89353111506224
 30
0.0
  0
VERTEX
  5
23C8
  8
DOCUMENT-LAYER
 10
-5.209566421132844
 20
54.59127000254001
 30
0.0
  0
SEQEND
  5
29E6
  8
DOCUMENT-LAYER
  0
POLYLINE
  5
1440
  8
DOCUMENT-LAYER
 66
     1
 10
0.0
 20
0.0
 30
0.0
 40
0.1
 41
0.1
  0
VERTEX
  5
23C9
  8
DOCUMENT-LAYER
 10
-8.087400304800616
 20
49.19628829057659
 30
0.0
  0
VERTEX
  5
23CA
  8
DOCUMENT-LAYER
 10
-7.632736093472182
 20
48.89148717297436
 30
0.0
  0
SEQEND
  5
29E7
  8
DOCUMENT-LAYER
  0
POLYLINE
  5
1441
  8
DOCUMENT-LAYER
 66
     1
 10
0.0
 20
0.0
 30
0.0
 40
0.1
 41
0.1
  0
VERTEX
  5
23CB
  8
DOCUMENT-LAYER
 10
-8.087400304800616
 20
53.37968503937009
 30
0.0
  0
VERTEX
  5
23CC
  8
DOCUMENT-LAYER
 10
-7.632736093472182
 20
53.07488392176785
 30
0.0
  0
SEQEND
  5
29E8
  8
DOCUMENT-LAYER
  0
POLYLINE
  5
1442
  8
DOCUMENT-LAYER
 66
     1
 10
0.0
 20
0.0
 30
0.0
 40
0.1
 41
0.1
  0
VERTEX
  5
23CD
  8
DOCUMENT-LAYER
 10
-8.087400304800616
 20
56.37943713487428
 30
0.0
  0
VERTEX
  5
23CE
  8
DOCUMENT-LAYER
 10
-7.632736093472182
 20
56.07463601727205
 30
0.0
  0
SEQEND
  5
29E9
  8
DOCUMENT-LAYER
  0
POLYLINE
  5
1443
  8
DOCUMENT-LAYER
 66
     1
 10
0.0
 20
0.0
 30
0.0
 40
0.1
 41
0.1
  0
VERTEX
  5
23CF
  8
DOCUMENT-LAYER
 10
12.8036954533909
 20
100.0004030988062
 30
0.0
  0
VERTEX
  5
23D0
  8
DOCUMENT-LAYER
 10
12.8336954533909
 20
99.82040538481078
 30
0.0
  0
SEQEND
  5
29EA
  8
DOCUMENT-LAYER
  0
POLYLINE
  5
1444
  8
DOCUMENT-LAYER
 66
     1
 10
0.0
 20
0.0
 30
0.0
 40
0.1
 41
0.1
  0
VERTEX
  5
23D1
  8
DOCUMENT-LAYER
 10
31.46207670815342
 20
85.2723421386843
 30
0.0
  0
VERTEX
  5
23D2
  8
DOCUMENT-LAYER
 10
31.46207670815342
 20
85.33234239268481
 30
0.0
  0
SEQEND
  5
29EB
  8
DOCUMENT-LAYER
  0
POLYLINE
  5
1445
  8
DOCUMENT-LAYER
 66
     1
 10
0.0
 20
0.0
 30
0.0
 40
0.1
 41
0.1
  0
VERTEX
  5
23D3
  8
DOCUMENT-LAYER
 10
31.64207696215393
 20
85.12234188468378
 30
0.0
  0
VERTEX
  5
23D4
  8
DOCUMENT-LAYER
 10
31.64207696215393
 20
92.38804343408687
 30
0.0
  0
SEQEND
  5
29EC
  8
DOCUMENT-LAYER
  0
POLYLINE
  5
1446
  8
DOCUMENT-LAYER
 66
     1
 10
0.0
 20
0.0
 30
0.0
 40
0.1
 41
0.1
  0
VERTEX
  5
23D5
  8
DOCUMENT-LAYER
 10
-7.785136652273304
 20
51.89377927355856
 30
0.0
  0
VERTEX
  5
23D6
  8
DOCUMENT-LAYER
 10
-7.632736093472182
 20
52.04617983235968
 30
0.0
  0
SEQEND
  5
29ED
  8
DOCUMENT-LAYER
  0
POLYLINE
  5
1447
  8
DOCUMENT-LAYER
 66
     1
 10
0.0
 20
0.0
 30
0.0
 40
0.1
 41
0.1
  0
VERTEX
  5
23D7
  8
DOCUMENT-LAYER
 10
-7.632736093472182
 20
51.74137846075693
 30
0.0
  0
VERTEX
  5
23D8
  8
DOCUMENT-LAYER
 10
-7.480338074676147
 20
51.89377927355856
 30
0.0
  0
SEQEND
  5
29EE
  8
DOCUMENT-LAYER
  0
POLYLINE
  5
1448
  8
DOCUMENT-LAYER
 66
     1
 10
0.0
 20
0.0
 30
0.0
 40
0.1
 41
0.1
  0
VERTEX
  5
23D9
  8
DOCUMENT-LAYER
 10
179.695951993904
 20
10.7116443992888
 30
0.0
  0
VERTEX
  5
23DA
  8
DOCUMENT-LAYER
 10
181.2123380746762
 20
10.7116443992888
 30
0.0
  0
SEQEND
  5
29EF
  8
DOCUMENT-LAYER
  0
POLYLINE
  5
1449
  8
DOCUMENT-LAYER
 66
     1
 10
0.0
 20
0.0
 30
0.0
 40
0.1
 41
0.1
  0
VERTEX
  5
23DB
  8
DOCUMENT-LAYER
 10
179.695951993904
 20
12.37789103378207
 30
0.0
  0
VERTEX
  5
23DC
  8
DOCUMENT-LAYER
 10
181.2123380746762
 20
12.37789103378207
 30
0.0
  0
SEQEND
  5
29F0
  8
DOCUMENT-LAYER
  0
POLYLINE
  5
1450
  8
DOCUMENT-LAYER
 66
     1
 10
0.0
 20
0.0
 30
0.0
 40
0.1
 41
0.1
  0
VERTEX
  5
23DD
  8
DOCUMENT-LAYER
 10
0.1793548387096771
 20
24.52704673609348
 30
0.0
  0
VERTEX
  5
23DE
  8
DOCUMENT-LAYER
 10
-0.0006431292862519
 20
24.55704673609348
 30
0.0
  0
SEQEND
  5
29F1
  8
DOCUMENT-LAYER
  0
POLYLINE
  5
1451
  8
DOCUMENT-LAYER
 66
     1
 10
0.0
 20
0.0
 30
0.0
 40
0.1
 41
0.1
  0
VERTEX
  5
23DF
  8
DOCUMENT-LAYER
 10
-5.664230632461263
 20
57.89328575057151
 30
0.0
  0
VERTEX
  5
23E0
  8
DOCUMENT-LAYER
 10
-5.209566421132844
 20
57.59102184404369
 30
0.0
  0
SEQEND
  5
29F2
  8
DOCUMENT-LAYER
  0
POLYLINE
  5
1452
  8
DOCUMENT-LAYER
 66
     1
 10
0.0
 20
0.0
 30
0.0
 40
0.1
 41
0.1
  0
VERTEX
  5
23E1
  8
DOCUMENT-LAYER
 10
55.19190322580646
 20
-2.06353213106426
 30
0.0
  0
VERTEX
  5
23E2
  8
DOCUMENT-LAYER
 10
55.34430632461266
 20
-2.368336042672086
 30
0.0
  0
SEQEND
  5
29F3
  8
DOCUMENT-LAYER
  0
POLYLINE
  5
1453
  8
DOCUMENT-LAYER
 66
     1
 10
0.0
 20
0.0
 30
0.0
 40
0.1
 41
0.1
  0
VERTEX
  5
23E3
  8
DOCUMENT-LAYER
 10
75.06830302260605
 20
113.9630574041148
 30
0.0
  0
VERTEX
  5
23E4
  8
DOCUMENT-LAYER
 10
75.3705643891288
 20
114.1154582169165
 30
0.0
  0
SEQEND
  5
29F4
  8
DOCUMENT-LAYER
  0
POLYLINE
  5
1454
  8
DOCUMENT-LAYER
 66
     1
 10
0.0
 20
0.0
 30
0.0
 40
0.1
 41
0.1
  0
VERTEX
  5
23E5
  8
DOCUMENT-LAYER
 10
77.15873152146304
 20
114.4177193294387
 30
0.0
  0
VERTEX
  5
23E6
  8
DOCUMENT-LAYER
 10
77.6133931927864
 20
114.5701224282449
 30
0.0
  0
SEQEND
  5
29F5
  8
DOCUMENT-LAYER
  0
POLYLINE
  5
1455
  8
DOCUMENT-LAYER
 66
     1
 10
0.0
 20
0.0
 30
0.0
 40
0.1
 41
0.1
  0
VERTEX
  5
23E7
  8
DOCUMENT-LAYER
 10
80.00862280924564
 20
114.4177193294387
 30
0.0
  0
VERTEX
  5
23E8
  8
DOCUMENT-LAYER
 10
80.46328473456948
 20
114.5701224282449
 30
0.0
  0
SEQEND
  5
29F6
  8
DOCUMENT-LAYER
  0
POLYLINE
  5
1456
  8
DOCUMENT-LAYER
 66
     1
 10
0.0
 20
0.0
 30
0.0
 40
0.1
 41
0.1
  0
VERTEX
  5
23E9
  8
DOCUMENT-LAYER
 10
-0.0006431292862519
 20
-6.079290830581662
 30
0.0
  0
VERTEX
  5
23EA
  8
DOCUMENT-LAYER
 10
0.7353934467868914
 20
-5.882069088138182
 30
0.0
  0
SEQEND
  5
29F7
  8
DOCUMENT-LAYER
  0
POLYLINE
  5
1457
  8
DOCUMENT-LAYER
 66
     1
 10
0.0
 20
0.0
 30
0.0
 40
0.1
 41
0.1
  0
VERTEX
  5
23EB
  8
DOCUMENT-LAYER
 10
179.695951993904
 20
14.04413792227584
 30
0.0
  0
VERTEX
  5
23EC
  8
DOCUMENT-LAYER
 10
181.8168580137161
 20
14.04413792227584
 30
0.0
  0
SEQEND
  5
29F8
  8
DOCUMENT-LAYER
  0
POLYLINE
  5
1458
  8
DOCUMENT-LAYER
 66
     1
 10
0.0
 20
0.0
 30
0.0
 40
0.1
 41
0.1
  0
VERTEX
  5
23ED
  8
DOCUMENT-LAYER
 10
179.695951993904
 20
14.92298145796292
 30
0.0
  0
VERTEX
  5
23EE
  8
DOCUMENT-LAYER
 10
181.2123380746762
 20
14.92298145796292
 30
0.0
  0
SEQEND
  5
29F9
  8
DOCUMENT-LAYER
  0
POLYLINE
  5
1459
  8
DOCUMENT-LAYER
 66
     1
 10
0.0
 20
0.0
 30
0.0
 40
0.1
 41
0.1
  0
VERTEX
  5
23EF
  8
DOCUMENT-LAYER
 10
179.695951993904
 20
16.58922809245618
 30
0.0
  0
VERTEX
  5
23F0
  8
DOCUMENT-LAYER
 10
181.2123380746762
 20
16.58922809245618
 30
0.0
  0
SEQEND
  5
29FA
  8
DOCUMENT-LAYER
  0
POLYLINE
  5
1460
  8
DOCUMENT-LAYER
 66
     1
 10
0.0
 20
0.0
 30
0.0
 40
0.1
 41
0.1
  0
VERTEX
  5
23F1
  8
DOCUMENT-LAYER
 10
179.695951993904
 20
18.25547472694945
 30
0.0
  0
VERTEX
  5
23F2
  8
DOCUMENT-LAYER
 10
181.8168580137161
 20
18.25547472694945
 30
0.0
  0
SEQEND
  5
29FB
  8
DOCUMENT-LAYER
  0
POLYLINE
  5
1461
  8
DOCUMENT-LAYER
 66
     1
 10
0.0
 20
0.0
 30
0.0
 40
0.1
 41
0.1
  0
VERTEX
  5
23F3
  8
DOCUMENT-LAYER
 10
181.0599375158751
 20
19.13431826263653
 30
0.0
  0
VERTEX
  5
23F4
  8
DOCUMENT-LAYER
 10
181.5145991871984
 20
19.13431826263653
 30
0.0
  0
SEQEND
  5
29FC
  8
DOCUMENT-LAYER
  0
POLYLINE
  5
1462
  8
DOCUMENT-LAYER
 66
     1
 10
0.0
 20
0.0
 30
0.0
 40
0.1
 41
0.1
  0
VERTEX
  5
23F5
  8
DOCUMENT-LAYER
 10
16.70849631699263
 20
24.58704699009399
 30
0.0
  0
VERTEX
  5
23F6
  8
DOCUMENT-LAYER
 10
16.88849657099314
 20
24.55704673609348
 30
0.0
  0
SEQEND
  5
29FD
  8
DOCUMENT-LAYER
  0
POLYLINE
  5
1463
  8
DOCUMENT-LAYER
 66
     1
 10
0.0
 20
0.0
 30
0.0
 40
0.1
 41
0.1
  0
VERTEX
  5
23F7
  8
DOCUMENT-LAYER
 10
168.4639890779782
 20
-5.882069088138182
 30
0.0
  0
VERTEX
  5
23F8
  8
DOCUMENT-LAYER
 10
169.2000256540514
 20
-6.079290830581662
 30
0.0
  0
SEQEND
  5
29FE
  8
DOCUMENT-LAYER
  0
POLYLINE
  5
1464
  8
DOCUMENT-LAYER
 66
     1
 10
0.0
 20
0.0
 30
0.0
 40
0.1
 41
0.1
  0
VERTEX
  5
23F9
  8
DOCUMENT-LAYER
 10
133.6230632461265
 20
-2.822997713995432
 30
0.0
  0
VERTEX
  5
23FA
  8
DOCUMENT-LAYER
 10
134.0777277114555
 20
-2.972858267716532
 30
0.0
  0
SEQEND
  5
29FF
  8
DOCUMENT-LAYER
  0
POLYLINE
  5
1465
  8
DOCUMENT-LAYER
 66
     1
 10
0.0
 20
0.0
 30
0.0
 40
0.1
 41
0.1
  0
VERTEX
  5
23FB
  8
DOCUMENT-LAYER
 10
132.7137396494793
 20
-4.791505715011424
 30
0.0
  0
VERTEX
  5
23FC
  8
DOCUMENT-LAYER
 10
133.1684041148082
 20
-4.943906273812547
 30
0.0
  0
SEQEND
  5
2A00
  8
DOCUMENT-LAYER
  0
POLYLINE
  5
1466
  8
DOCUMENT-LAYER
 66
     1
 10
0.0
 20
0.0
 30
0.0
 40
0.1
 41
0.1
  0
VERTEX
  5
23FD
  8
DOCUMENT-LAYER
 10
135.8658948437897
 20
-4.791505715011424
 30
0.0
  0
VERTEX
  5
23FE
  8
DOCUMENT-LAYER
 10
136.3205542291085
 20
-4.943906273812547
 30
0.0
  0
SEQEND
  5
2A01
  8
DOCUMENT-LAYER
  0
POLYLINE
  5
1467
  8
DOCUMENT-LAYER
 66
     1
 10
0.0
 20
0.0
 30
0.0
 40
0.1
 41
0.1
  0
VERTEX
  5
23FF
  8
DOCUMENT-LAYER
 10
139.899428498857
 20
-4.791505715011424
 30
0.0
  0
VERTEX
  5
2400
  8
DOCUMENT-LAYER
 10
140.3540927101855
 20
-4.943906273812547
 30
0.0
  0
SEQEND
  5
2A02
  8
DOCUMENT-LAYER
  0
POLYLINE
  5
1468
  8
DOCUMENT-LAYER
 66
     1
 10
0.0
 20
0.0
 30
0.0
 40
0.1
 41
0.1
  0
VERTEX
  5
2401
  8
DOCUMENT-LAYER
 10
136.4729547879096
 20
-2.972858267716532
 30
0.0
  0
VERTEX
  5
2402
  8
DOCUMENT-LAYER
 10
136.927618999238
 20
-3.125256540513075
 30
0.0
  0
SEQEND
  5
2A03
  8
DOCUMENT-LAYER
  0
POLYLINE
  5
1469
  8
DOCUMENT-LAYER
 66
     1
 10
0.0
 20
0.0
 30
0.0
 40
0.1
 41
0.1
  0
VERTEX
  5
2403
  8
DOCUMENT-LAYER
 10
136.6228178816358
 20
-1.76127355854711
 30
0.0
  0
VERTEX
  5
2404
  8
DOCUMENT-LAYER
 10
137.0774798069596
 20
-1.913671577343159
 30
0.0
  0
SEQEND
  5
2A04
  8
DOCUMENT-LAYER
  0
POLYLINE
  5
1470
  8
DOCUMENT-LAYER
 66
     1
 10
0.0
 20
0.0
 30
0.0
 40
0.1
 41
0.1
  0
VERTEX
  5
2405
  8
DOCUMENT-LAYER
 10
140.6563540767082
 20
-1.76127355854711
 30
0.0
  0
VERTEX
  5
2406
  8
DOCUMENT-LAYER
 10
141.1110132080264
 20
-1.913671577343159
 30
0.0
  0
SEQEND
  5
2A05
  8
DOCUMENT-LAYER
  0
POLYLINE
  5
1471
  8
DOCUMENT-LAYER
 66
     1
 10
0.0
 20
0.0
 30
0.0
 40
0.1
 41
0.1
  0
VERTEX
  5
2407
  8
DOCUMENT-LAYER
 10
57.88939649479301
 20
-2.972858267716532
 30
0.0
  0
VERTEX
  5
2408
  8
DOCUMENT-LAYER
 10
58.0392570485141
 20
-3.427520193040386
 30
0.0
  0
SEQEND
  5
2A06
  8
DOCUMENT-LAYER
  0
POLYLINE
  5
1472
  8
DOCUMENT-LAYER
 66
     1
 10
0.0
 20
0.0
 30
0.0
 40
0.1
 41
0.1
  0
VERTEX
  5
2409
  8
DOCUMENT-LAYER
 10
75.3705643891288
 20
114.1154582169165
 30
0.0
  0
VERTEX
  5
240A
  8
DOCUMENT-LAYER
 10
75.82522606045212
 20
114.5701224282449
 30
0.0
  0
SEQEND
  5
2A07
  8
DOCUMENT-LAYER
  0
POLYLINE
  5
1473
  8
DOCUMENT-LAYER
 66
     1
 10
0.0
 20
0.0
 30
0.0
 40
0.1
 41
0.1
  0
VERTEX
  5
240B
  8
DOCUMENT-LAYER
 10
-5.664230632461263
 20
56.07463601727205
 30
0.0
  0
VERTEX
  5
240C
  8
DOCUMENT-LAYER
 10
-5.209566421132844
 20
56.37943713487428
 30
0.0
  0
SEQEND
  5
2A08
  8
DOCUMENT-LAYER
  0
POLYLINE
  5
1474
  8
DOCUMENT-LAYER
 66
     1
 10
0.0
 20
0.0
 30
0.0
 40
0.1
 41
0.1
  0
VERTEX
  5
240D
  8
DOCUMENT-LAYER
 10
-8.087400304800616
 20
57.59102184404369
 30
0.0
  0
VERTEX
  5
240E
  8
DOCUMENT-LAYER
 10
-7.632736093472182
 20
57.89328575057151
 30
0.0
  0
SEQEND
  5
2A09
  8
DOCUMENT-LAYER
  0
POLYLINE
  5
1475
  8
DOCUMENT-LAYER
 66
     1
 10
0.0
 20
0.0
 30
0.0
 40
0.1
 41
0.1
  0
VERTEX
  5
240F
  8
DOCUMENT-LAYER
 10
-8.087400304800616
 20
54.59127000254001
 30
0.0
  0
VERTEX
  5
2410
  8
DOCUMENT-LAYER
 10
-7.632736093472182
 20
54.89353111506224
 30
0.0
  0
SEQEND
  5
2A0A
  8
DOCUMENT-LAYER
  0
POLYLINE
  5
1476
  8
DOCUMENT-LAYER
 66
     1
 10
0.0
 20
0.0
 30
0.0
 40
0.1
 41
0.1
  0
VERTEX
  5
2411
  8
DOCUMENT-LAYER
 10
84.04215900431801
 20
114.4177193294387
 30
0.0
  0
VERTEX
  5
2412
  8
DOCUMENT-LAYER
 10
84.34442011684024
 20
114.5701224282449
 30
0.0
  0
SEQEND
  5
2A0B
  8
DOCUMENT-LAYER
  0
POLYLINE
  5
1477
  8
DOCUMENT-LAYER
 66
     1
 10
0.0
 20
0.0
 30
0.0
 40
0.1
 41
0.1
  0
VERTEX
  5
2413
  8
DOCUMENT-LAYER
 10
87.0419110998222
 20
113.3585377190754
 30
0.0
  0
VERTEX
  5
2414
  8
DOCUMENT-LAYER
 10
87.34417221234443
 20
113.5083982727966
 30
0.0
  0
SEQEND
  5
2A0C
  8
DOCUMENT-LAYER
  0
POLYLINE
  5
1478
  8
DOCUMENT-LAYER
 66
     1
 10
0.0
 20
0.0
 30
0.0
 40
0.1
 41
0.1
  0
VERTEX
  5
2415
  8
DOCUMENT-LAYER
 10
88.70815773431548
 20
113.3585377190754
 30
0.0
  0
VERTEX
  5
2416
  8
DOCUMENT-LAYER
 10
89.01295885191772
 20
113.5083982727966
 30
0.0
  0
SEQEND
  5
2A0D
  8
DOCUMENT-LAYER
  0
POLYLINE
  5
1479
  8
DOCUMENT-LAYER
 66
     1
 10
0.0
 20
0.0
 30
0.0
 40
0.1
 41
0.1
  0
VERTEX
  5
2417
  8
DOCUMENT-LAYER
 10
77.15873152146304
 20
113.2061369062738
 30
0.0
  0
VERTEX
  5
2418
  8
DOCUMENT-LAYER
 10
77.6133931927864
 20
113.3585377190754
 30
0.0
  0
SEQEND
  5
2A0E
  8
DOCUMENT-LAYER
  0
POLYLINE
  5
1480
  8
DOCUMENT-LAYER
 66
     1
 10
0.0
 20
0.0
 30
0.0
 40
0.1
 41
0.1
  0
VERTEX
  5
2419
  8
DOCUMENT-LAYER
 10
77.76579400558803
 20
111.3874871729743
 30
0.0
  0
VERTEX
  5
241A
  8
DOCUMENT-LAYER
 10
78.22045567691137
 20
111.5398877317755
 30
0.0
  0
SEQEND
  5
2A0F
  8
DOCUMENT-LAYER
  0
POLYLINE
  5
1481
  8
DOCUMENT-LAYER
 66
     1
 10
0.0
 20
0.0
 30
0.0
 40
0.1
 41
0.1
  0
VERTEX
  5
241B
  8
DOCUMENT-LAYER
 10
80.6156852933706
 20
111.3874871729743
 30
0.0
  0
VERTEX
  5
241C
  8
DOCUMENT-LAYER
 10
81.07034721869444
 20
111.5398877317755
 30
0.0
  0
SEQEND
  5
2A10
  8
DOCUMENT-LAYER
  0
POLYLINE
  5
1482
  8
DOCUMENT-LAYER
 66
     1
 10
0.0
 20
0.0
 30
0.0
 40
0.1
 41
0.1
  0
VERTEX
  5
241D
  8
DOCUMENT-LAYER
 10
80.6156852933706
 20
112.6016121412243
 30
0.0
  0
VERTEX
  5
241E
  8
DOCUMENT-LAYER
 10
81.07034721869444
 20
112.7514726949454
 30
0.0
  0
SEQEND
  5
2A11
  8
DOCUMENT-LAYER
  0
POLYLINE
  5
1483
  8
DOCUMENT-LAYER
 66
     1
 10
0.0
 20
0.0
 30
0.0
 40
0.1
 41
0.1
  0
VERTEX
  5
241F
  8
DOCUMENT-LAYER
 10
181.0599375158751
 20
21.25522656845314
 30
0.0
  0
VERTEX
  5
2420
  8
DOCUMENT-LAYER
 10
181.5145991871984
 20
21.25522656845314
 30
0.0
  0
SEQEND
  5
2A12
  8
DOCUMENT-LAYER
  0
POLYLINE
  5
1484
  8
DOCUMENT-LAYER
 66
     1
 10
0.0
 20
0.0
 30
0.0
 40
0.1
 41
0.1
  0
VERTEX
  5
2421
  8
DOCUMENT-LAYER
 10
3.530560325120647
 20
21.60801117602236
 30
0.0
  0
VERTEX
  5
2422
  8
DOCUMENT-LAYER
 10
3.470560325120647
 20
21.60801117602236
 30
0.0
  0
SEQEND
  5
2A13
  8
DOCUMENT-LAYER
  0
POLYLINE
  5
1485
  8
DOCUMENT-LAYER
 66
     1
 10
0.0
 20
0.0
 30
0.0
 40
0.1
 41
0.1
  0
VERTEX
  5
2423
  8
DOCUMENT-LAYER
 10
3.32055981711963
 20
21.78801168402337
 30
0.0
  0
VERTEX
  5
2424
  8
DOCUMENT-LAYER
 10
18.02605537211074
 20
21.78801168402337
 30
0.0
  0
SEQEND
  5
2A14
  8
DOCUMENT-LAYER
  0
POLYLINE
  5
1486
  8
DOCUMENT-LAYER
 66
     1
 10
0.0
 20
0.0
 30
0.0
 40
0.1
 41
0.1
  0
VERTEX
  5
2425
  8
DOCUMENT-LAYER
 10
181.0599375158751
 20
23.31771501143003
 30
0.0
  0
VERTEX
  5
2426
  8
DOCUMENT-LAYER
 10
181.8168580137161
 20
23.31771501143003
 30
0.0
  0
SEQEND
  5
2A15
  8
DOCUMENT-LAYER
  0
POLYLINE
  5
1487
  8
DOCUMENT-LAYER
 66
     1
 10
0.0
 20
0.0
 30
0.0
 40
0.1
 41
0.1
  0
VERTEX
  5
2427
  8
DOCUMENT-LAYER
 10
0.1793548387096771
 20
24.55704673609348
 30
0.0
  0
VERTEX
  5
2428
  8
DOCUMENT-LAYER
 10
5.211534163068326
 20
24.55704673609348
 30
0.0
  0
SEQEND
  5
2A16
  8
DOCUMENT-LAYER
  0
POLYLINE
  5
1488
  8
DOCUMENT-LAYER
 66
     1
 10
0.0
 20
0.0
 30
0.0
 40
0.1
 41
0.1
  0
VERTEX
  5
2429
  8
DOCUMENT-LAYER
 10
11.83618821437642
 20
24.55704673609348
 30
0.0
  0
VERTEX
  5
242A
  8
DOCUMENT-LAYER
 10
16.70849631699263
 20
24.55704673609348
 30
0.0
  0
SEQEND
  5
2A17
  8
DOCUMENT-LAYER
  0
POLYLINE
  5
1489
  8
DOCUMENT-LAYER
 66
     1
 10
0.0
 20
0.0
 30
0.0
 40
0.1
 41
0.1
  0
VERTEX
  5
242B
  8
DOCUMENT-LAYER
 10
181.8168580137161
 20
25.28876276352554
 30
0.0
  0
VERTEX
  5
242C
  8
DOCUMENT-LAYER
 10
181.9692611125223
 20
25.28876276352554
 30
0.0
  0
SEQEND
  5
2A18
  8
DOCUMENT-LAYER
  0
POLYLINE
  5
1490
  8
DOCUMENT-LAYER
 66
     1
 10
0.0
 20
0.0
 30
0.0
 40
0.1
 41
0.1
  0
VERTEX
  5
242D
  8
DOCUMENT-LAYER
 10
180.6052730505461
 20
26.16760883921769
 30
0.0
  0
VERTEX
  5
242E
  8
DOCUMENT-LAYER
 10
180.9100769621539
 20
26.16760883921769
 30
0.0
  0
SEQEND
  5
2A19
  8
DOCUMENT-LAYER
  0
POLYLINE
  5
1491
  8
DOCUMENT-LAYER
 66
     1
 10
0.0
 20
0.0
 30
0.0
 40
0.1
 41
0.1
  0
VERTEX
  5
242F
  8
DOCUMENT-LAYER
 10
59.55564312928625
 20
-2.972858267716532
 30
0.0
  0
VERTEX
  5
2430
  8
DOCUMENT-LAYER
 10
59.70550368300737
 20
-3.427520193040386
 30
0.0
  0
SEQEND
  5
2A1A
  8
DOCUMENT-LAYER
  0
POLYLINE
  5
1492
  8
DOCUMENT-LAYER
 66
     1
 10
0.0
 20
0.0
 30
0.0
 40
0.1
 41
0.1
  0
VERTEX
  5
2431
  8
DOCUMENT-LAYER
 10
62.10073329946661
 20
-2.972858267716532
 30
0.0
  0
VERTEX
  5
2432
  8
DOCUMENT-LAYER
 10
62.25059385318772
 20
-3.427520193040386
 30
0.0
  0
SEQEND
  5
2A1B
  8
DOCUMENT-LAYER
  0
POLYLINE
  5
1493
  8
DOCUMENT-LAYER
 66
     1
 10
0.0
 20
0.0
 30
0.0
 40
0.1
 41
0.1
  0
VERTEX
  5
2433
  8
DOCUMENT-LAYER
 10
63.76697739395481
 20
-2.972858267716532
 30
0.0
  0
VERTEX
  5
2434
  8
DOCUMENT-LAYER
 10
63.91683820167641
 20
-3.427520193040386
 30
0.0
  0
SEQEND
  5
2A1C
  8
DOCUMENT-LAYER
  0
POLYLINE
  5
1494
  8
DOCUMENT-LAYER
 66
     1
 10
0.0
 20
0.0
 30
0.0
 40
0.1
 41
0.1
  0
VERTEX
  5
2435
  8
DOCUMENT-LAYER
 10
46.9061996443993
 20
81.4564086868174
 30
0.0
  0
VERTEX
  5
2436
  8
DOCUMENT-LAYER
 10
46.9061996443993
 20
81.51640894081788
 30
0.0
  0
SEQEND
  5
2A1D
  8
DOCUMENT-LAYER
  0
POLYLINE
  5
1495
  8
DOCUMENT-LAYER
 66
     1
 10
0.0
 20
0.0
 30
0.0
 40
0.1
 41
0.1
  0
VERTEX
  5
2437
  8
DOCUMENT-LAYER
 10
47.08619735839472
 20
81.30640843281688
 30
0.0
  0
VERTEX
  5
2438
  8
DOCUMENT-LAYER
 10
47.08619735839472
 20
92.38704267208536
 30
0.0
  0
SEQEND
  5
2A1E
  8
DOCUMENT-LAYER
  0
POLYLINE
  5
1496
  8
DOCUMENT-LAYER
 66
     1
 10
0.0
 20
0.0
 30
0.0
 40
0.1
 41
0.1
  0
VERTEX
  5
2439
  8
DOCUMENT-LAYER
 10
48.03923723647448
 20
-4.943906273812547
 30
0.0
  0
VERTEX
  5
243A
  8
DOCUMENT-LAYER
 10
48.03923723647448
 20
-1.76127355854711
 30
0.0
  0
SEQEND
  5
2A1F
  8
DOCUMENT-LAYER
  0
POLYLINE
  5
1497
  8
DOCUMENT-LAYER
 66
     1
 10
0.0
 20
0.0
 30
0.0
 40
0.1
 41
0.1
  0
VERTEX
  5
243B
  8
DOCUMENT-LAYER
 10
49.67500101600204
 20
-4.943906273812547
 30
0.0
  0
VERTEX
  5
243C
  8
DOCUMENT-LAYER
 10
49.67500101600204
 20
-1.76127355854711
 30
0.0
  0
SEQEND
  5
2A20
  8
DOCUMENT-LAYER
  0
POLYLINE
  5
1498
  8
DOCUMENT-LAYER
 66
     1
 10
0.0
 20
0.0
 30
0.0
 40
0.1
 41
0.1
  0
VERTEX
  5
243D
  8
DOCUMENT-LAYER
 10
51.31076758953519
 20
-4.943906273812547
 30
0.0
  0
VERTEX
  5
243E
  8
DOCUMENT-LAYER
 10
51.31076758953519
 20
-1.76127355854711
 30
0.0
  0
SEQEND
  5
2A21
  8
DOCUMENT-LAYER
  0
POLYLINE
  5
1499
  8
DOCUMENT-LAYER
 66
     1
 10
0.0
 20
0.0
 30
0.0
 40
0.1
 41
0.1
  0
VERTEX
  5
243F
  8
DOCUMENT-LAYER
 10
76.85647015494033
 20
113.9630574041148
 30
0.0
  0
VERTEX
  5
2440
  8
DOCUMENT-LAYER
 10
77.15873152146304
 20
114.4177193294387
 30
0.0
  0
SEQEND
  5
2A22
  8
DOCUMENT-LAYER
  0
POLYLINE
  5
1500
  8
DOCUMENT-LAYER
 66
     1
 10
0.0
 20
0.0
 30
0.0
 40
0.1
 41
0.1
  0
VERTEX
  5
2441
  8
DOCUMENT-LAYER
 10
81.07034721869444
 20
112.7514726949454
 30
0.0
  0
VERTEX
  5
2442
  8
DOCUMENT-LAYER
 10
81.37260833121668
 20
113.0562738125476
 30
0.0
  0
SEQEND
  5
2A23
  8
DOCUMENT-LAYER
  0
POLYLINE
  5
1501
  8
DOCUMENT-LAYER
 66
     1
 10
0.0
 20
0.0
 30
0.0
 40
0.1
 41
0.1
  0
VERTEX
  5
2443
  8
DOCUMENT-LAYER
 10
76.85647015494033
 20
112.9038732537465
 30
0.0
  0
VERTEX
  5
2444
  8
DOCUMENT-LAYER
 10
77.15873152146304
 20
113.2061369062738
 30
0.0
  0
SEQEND
  5
2A24
  8
DOCUMENT-LAYER
  0
POLYLINE
  5
1502
  8
DOCUMENT-LAYER
 66
     1
 10
0.0
 20
0.0
 30
0.0
 40
0.1
 41
0.1
  0
VERTEX
  5
2445
  8
DOCUMENT-LAYER
 10
79.7063616967234
 20
114.1154582169165
 30
0.0
  0
VERTEX
  5
2446
  8
DOCUMENT-LAYER
 10
80.00862280924564
 20
114.4177193294387
 30
0.0
  0
SEQEND
  5
2A25
  8
DOCUMENT-LAYER
  0
POLYLINE
  5
1503
  8
DOCUMENT-LAYER
 66
     1
 10
0.0
 20
0.0
 30
0.0
 40
0.1
 41
0.1
  0
VERTEX
  5
2447
  8
DOCUMENT-LAYER
 10
78.22045567691137
 20
111.5398877317755
 30
0.0
  0
VERTEX
  5
2448
  8
DOCUMENT-LAYER
 10
78.52271704343411
 20
111.8421490982982
 30
0.0
  0
SEQEND
  5
2A26
  8
DOCUMENT-LAYER
  0
POLYLINE
  5
1504
  8
DOCUMENT-LAYER
 66
     1
 10
0.0
 20
0.0
 30
0.0
 40
0.1
 41
0.1
  0
VERTEX
  5
2449
  8
DOCUMENT-LAYER
 10
83.89229845059693
 20
114.2678587757176
 30
0.0
  0
VERTEX
  5
244A
  8
DOCUMENT-LAYER
 10
84.04215900431801
 20
114.4177193294387
 30
0.0
  0
SEQEND
  5
2A27
  8
DOCUMENT-LAYER
  0
POLYLINE
  5
1505
  8
DOCUMENT-LAYER
 66
     1
 10
0.0
 20
0.0
 30
0.0
 40
0.1
 41
0.1
  0
VERTEX
  5
244B
  8
DOCUMENT-LAYER
 10
82.40385242570486
 20
111.9945521971044
 30
0.0
  0
VERTEX
  5
244C
  8
DOCUMENT-LAYER
 10
82.55625298450597
 20
112.1469527559055
 30
0.0
  0
SEQEND
  5
2A28
  8
DOCUMENT-LAYER
  0
POLYLINE
  5
1506
  8
DOCUMENT-LAYER
 66
     1
 10
0.0
 20
0.0
 30
0.0
 40
0.1
 41
0.1
  0
VERTEX
  5
244D
  8
DOCUMENT-LAYER
 10
82.55625298450597
 20
111.8421490982982
 30
0.0
  0
VERTEX
  5
244E
  8
DOCUMENT-LAYER
 10
82.7086535433071
 20
111.9945521971044
 30
0.0
  0
SEQEND
  5
2A29
  8
DOCUMENT-LAYER
  0
POLYLINE
  5
1507
  8
DOCUMENT-LAYER
 66
     1
 10
0.0
 20
0.0
 30
0.0
 40
0.1
 41
0.1
  0
VERTEX
  5
244F
  8
DOCUMENT-LAYER
 10
-5.664230632461263
 20
53.07488392176785
 30
0.0
  0
VERTEX
  5
2450
  8
DOCUMENT-LAYER
 10
-5.209566421132844
 20
53.37968503937009
 30
0.0
  0
SEQEND
  5
2A2A
  8
DOCUMENT-LAYER
  0
POLYLINE
  5
1508
  8
DOCUMENT-LAYER
 66
     1
 10
0.0
 20
0.0
 30
0.0
 40
0.1
 41
0.1
  0
VERTEX
  5
2451
  8
DOCUMENT-LAYER
 10
-5.664230632461263
 20
48.89148717297436
 30
0.0
  0
VERTEX
  5
2452
  8
DOCUMENT-LAYER
 10
-5.209566421132844
 20
49.19628829057659
 30
0.0
  0
SEQEND
  5
2A2B
  8
DOCUMENT-LAYER
  0
POLYLINE
  5
1509
  8
DOCUMENT-LAYER
 66
     1
 10
0.0
 20
0.0
 30
0.0
 40
0.1
 41
0.1
  0
VERTEX
  5
2453
  8
DOCUMENT-LAYER
 10
-8.087400304800616
 20
50.40787325374652
 30
0.0
  0
VERTEX
  5
2454
  8
DOCUMENT-LAYER
 10
-7.632736093472182
 20
50.71013436626874
 30
0.0
  0
SEQEND
  5
2A2C
  8
DOCUMENT-LAYER
  0
POLYLINE
  5
1510
  8
DOCUMENT-LAYER
 66
     1
 10
0.0
 20
0.0
 30
0.0
 40
0.1
 41
0.1
  0
VERTEX
  5
2455
  8
DOCUMENT-LAYER
 10
91.25324790449582
 20
113.3585377190754
 30
0.0
  0
VERTEX
  5
2456
  8
DOCUMENT-LAYER
 10
91.55550901701804
 20
113.5083982727966
 30
0.0
  0
SEQEND
  5
2A2D
  8
DOCUMENT-LAYER
  0
POLYLINE
  5
1511
  8
DOCUMENT-LAYER
 66
     1
 10
0.0
 20
0.0
 30
0.0
 40
0.1
 41
0.1
  0
VERTEX
  5
2457
  8
DOCUMENT-LAYER
 10
92.91949453898907
 20
113.3585377190754
 30
0.0
  0
VERTEX
  5
2458
  8
DOCUMENT-LAYER
 10
93.22429565659132
 20
113.5083982727966
 30
0.0
  0
SEQEND
  5
2A2E
  8
DOCUMENT-LAYER
  0
POLYLINE
  5
1512
  8
DOCUMENT-LAYER
 66
     1
 10
0.0
 20
0.0
 30
0.0
 40
0.1
 41
0.1
  0
VERTEX
  5
2459
  8
DOCUMENT-LAYER
 10
-7.632736093472182
 20
48.89148717297436
 30
0.0
  0
VERTEX
  5
245A
  8
DOCUMENT-LAYER
 10
-6.875815595631193
 20
48.74162661925325
 30
0.0
  0
SEQEND
  5
2A2F
  8
DOCUMENT-LAYER
  0
POLYLINE
  5
1513
  8
DOCUMENT-LAYER
 66
     1
 10
0.0
 20
0.0
 30
0.0
 40
0.1
 41
0.1
  0
VERTEX
  5
245B
  8
DOCUMENT-LAYER
 10
-6.421151130302266
 20
50.86253492506986
 30
0.0
  0
VERTEX
  5
245C
  8
DOCUMENT-LAYER
 10
-5.664230632461263
 20
50.71013436626874
 30
0.0
  0
SEQEND
  5
2A30
  8
DOCUMENT-LAYER
  0
POLYLINE
  5
1514
  8
DOCUMENT-LAYER
 66
     1
 10
0.0
 20
0.0
 30
0.0
 40
0.1
 41
0.1
  0
VERTEX
  5
245D
  8
DOCUMENT-LAYER
 10
143.6561033782068
 20
-2.822997713995432
 30
0.0
  0
VERTEX
  5
245E
  8
DOCUMENT-LAYER
 10
143.9609047498095
 20
-2.972858267716532
 30
0.0
  0
SEQEND
  5
2A31
  8
DOCUMENT-LAYER
  0
POLYLINE
  5
1515
  8
DOCUMENT-LAYER
 66
     1
 10
0.0
 20
0.0
 30
0.0
 40
0.1
 41
0.1
  0
VERTEX
  5
245F
  8
DOCUMENT-LAYER
 10
145.3223502667006
 20
-2.822997713995432
 30
0.0
  0
VERTEX
  5
2460
  8
DOCUMENT-LAYER
 10
145.6271539243079
 20
-2.972858267716532
 30
0.0
  0
SEQEND
  5
2A32
  8
DOCUMENT-LAYER
  0
POLYLINE
  5
1516
  8
DOCUMENT-LAYER
 66
     1
 10
0.0
 20
0.0
 30
0.0
 40
0.1
 41
0.1
  0
VERTEX
  5
2461
  8
DOCUMENT-LAYER
 10
147.8674404368809
 20
-2.822997713995432
 30
0.0
  0
VERTEX
  5
2462
  8
DOCUMENT-LAYER
 10
148.1722440944882
 20
-2.972858267716532
 30
0.0
  0
SEQEND
  5
2A33
  8
DOCUMENT-LAYER
  0
POLYLINE
  5
1517
  8
DOCUMENT-LAYER
 66
     1
 10
0.0
 20
0.0
 30
0.0
 40
0.1
 41
0.1
  0
VERTEX
  5
2463
  8
DOCUMENT-LAYER
 10
149.5336896113792
 20
-2.822997713995432
 30
0.0
  0
VERTEX
  5
2464
  8
DOCUMENT-LAYER
 10
149.8384907289815
 20
-2.972858267716532
 30
0.0
  0
SEQEND
  5
2A34
  8
DOCUMENT-LAYER
  0
POLYLINE
  5
1518
  8
DOCUMENT-LAYER
 66
     1
 10
0.0
 20
0.0
 30
0.0
 40
0.1
 41
0.1
  0
VERTEX
  5
2465
  8
DOCUMENT-LAYER
 10
53.52565659131319
 20
-2.518196596393187
 30
0.0
  0
VERTEX
  5
2466
  8
DOCUMENT-LAYER
 10
53.52565659131319
 20
-2.368336042672086
 30
0.0
  0
SEQEND
  5
2A35
  8
DOCUMENT-LAYER
  0
POLYLINE
  5
1519
  8
DOCUMENT-LAYER
 66
     1
 10
0.0
 20
0.0
 30
0.0
 40
0.1
 41
0.1
  0
VERTEX
  5
2467
  8
DOCUMENT-LAYER
 10
55.34430632461266
 20
-2.670597155194309
 30
0.0
  0
VERTEX
  5
2468
  8
DOCUMENT-LAYER
 10
55.34430632461266
 20
-2.368336042672086
 30
0.0
  0
SEQEND
  5
2A36
  8
DOCUMENT-LAYER
  0
POLYLINE
  5
1520
  8
DOCUMENT-LAYER
 66
     1
 10
0.0
 20
0.0
 30
0.0
 40
0.1
 41
0.1
  0
VERTEX
  5
2469
  8
DOCUMENT-LAYER
 10
56.37300787401575
 20
-4.943906273812547
 30
0.0
  0
VERTEX
  5
246A
  8
DOCUMENT-LAYER
 10
56.37300787401575
 20
-2.822997713995432
 30
0.0
  0
SEQEND
  5
2A37
  8
DOCUMENT-LAYER
  0
POLYLINE
  5
1521
  8
DOCUMENT-LAYER
 66
     1
 10
0.0
 20
0.0
 30
0.0
 40
0.1
 41
0.1
  0
VERTEX
  5
246B
  8
DOCUMENT-LAYER
 10
58.0392570485141
 20
-4.943906273812547
 30
0.0
  0
VERTEX
  5
246C
  8
DOCUMENT-LAYER
 10
58.0392570485141
 20
-3.427520193040386
 30
0.0
  0
SEQEND
  5
2A38
  8
DOCUMENT-LAYER
  0
POLYLINE
  5
1522
  8
DOCUMENT-LAYER
 66
     1
 10
0.0
 20
0.0
 30
0.0
 40
0.1
 41
0.1
  0
VERTEX
  5
246D
  8
DOCUMENT-LAYER
 10
58.51006832613667
 20
97.46456616713235
 30
0.0
  0
VERTEX
  5
246E
  8
DOCUMENT-LAYER
 10
58.51006832613667
 20
97.64456667513338
 30
0.0
  0
SEQEND
  5
2A39
  8
DOCUMENT-LAYER
  0
POLYLINE
  5
1523
  8
DOCUMENT-LAYER
 66
     1
 10
0.0
 20
0.0
 30
0.0
 40
0.1
 41
0.1
  0
VERTEX
  5
246F
  8
DOCUMENT-LAYER
 10
58.51006832613667
 20
100.1804036068072
 30
0.0
  0
VERTEX
  5
2470
  8
DOCUMENT-LAYER
 10
58.51006832613667
 20
100.3604038608077
 30
0.0
  0
SEQEND
  5
2A3A
  8
DOCUMENT-LAYER
  0
POLYLINE
  5
1524
  8
DOCUMENT-LAYER
 66
     1
 10
0.0
 20
0.0
 30
0.0
 40
0.1
 41
0.1
  0
VERTEX
  5
2471
  8
DOCUMENT-LAYER
 10
58.54006832613667
 20
100.1804036068072
 30
0.0
  0
VERTEX
  5
2472
  8
DOCUMENT-LAYER
 10
58.51006832613667
 20
100.0004030988062
 30
0.0
  0
SEQEND
  5
2A3B
  8
DOCUMENT-LAYER
  0
POLYLINE
  5
1525
  8
DOCUMENT-LAYER
 66
     1
 10
0.0
 20
0.0
 30
0.0
 40
0.1
 41
0.1
  0
VERTEX
  5
2473
  8
DOCUMENT-LAYER
 10
58.48006832613667
 20
97.64456667513338
 30
0.0
  0
VERTEX
  5
2474
  8
DOCUMENT-LAYER
 10
58.51006832613667
 20
97.82456692913387
 30
0.0
  0
SEQEND
  5
2A3C
  8
DOCUMENT-LAYER
  0
POLYLINE
  5
1526
  8
DOCUMENT-LAYER
 66
     1
 10
0.0
 20
0.0
 30
0.0
 40
0.1
 41
0.1
  0
VERTEX
  5
2475
  8
DOCUMENT-LAYER
 10
81.07034721869444
 20
111.5398877317755
 30
0.0
  0
VERTEX
  5
2476
  8
DOCUMENT-LAYER
 10
81.37260833121668
 20
111.9945521971044
 30
0.0
  0
SEQEND
  5
2A3D
  8
DOCUMENT-LAYER
  0
POLYLINE
  5
1527
  8
DOCUMENT-LAYER
 66
     1
 10
0.0
 20
0.0
 30
0.0
 40
0.1
 41
0.1
  0
VERTEX
  5
2477
  8
DOCUMENT-LAYER
 10
83.58749707899418
 20
111.3874871729743
 30
0.0
  0
VERTEX
  5
2478
  8
DOCUMENT-LAYER
 10
85.10388569977141
 20
112.9038732537465
 30
0.0
  0
SEQEND
  5
2A3E
  8
DOCUMENT-LAYER
  0
POLYLINE
  5
1528
  8
DOCUMENT-LAYER
 66
     1
 10
0.0
 20
0.0
 30
0.0
 40
0.1
 41
0.1
  0
VERTEX
  5
2479
  8
DOCUMENT-LAYER
 10
86.58724917449837
 20
112.9038732537465
 30
0.0
  0
VERTEX
  5
247A
  8
DOCUMENT-LAYER
 10
87.0419110998222
 20
113.3585377190754
 30
0.0
  0
SEQEND
  5
2A3F
  8
DOCUMENT-LAYER
  0
POLYLINE
  5
1529
  8
DOCUMENT-LAYER
 66
     1
 10
0.0
 20
0.0
 30
0.0
 40
0.1
 41
0.1
  0
VERTEX
  5
247B
  8
DOCUMENT-LAYER
 10
88.25349580899164
 20
112.9038732537465
 30
0.0
  0
VERTEX
  5
247C
  8
DOCUMENT-LAYER
 10
88.70815773431548
 20
113.3585377190754
 30
0.0
  0
SEQEND
  5
2A40
  8
DOCUMENT-LAYER
  0
POLYLINE
  5
1530
  8
DOCUMENT-LAYER
 66
     1
 10
0.0
 20
0.0
 30
0.0
 40
0.1
 41
0.1
  0
VERTEX
  5
247D
  8
DOCUMENT-LAYER
 10
90.79858597917196
 20
112.9038732537465
 30
0.0
  0
VERTEX
  5
247E
  8
DOCUMENT-LAYER
 10
91.25324790449582
 20
113.3585377190754
 30
0.0
  0
SEQEND
  5
2A41
  8
DOCUMENT-LAYER
  0
POLYLINE
  5
1531
  8
DOCUMENT-LAYER
 66
     1
 10
0.0
 20
0.0
 30
0.0
 40
0.1
 41
0.1
  0
VERTEX
  5
247F
  8
DOCUMENT-LAYER
 10
92.46483261366524
 20
112.9038732537465
 30
0.0
  0
VERTEX
  5
2480
  8
DOCUMENT-LAYER
 10
92.91949453898907
 20
113.3585377190754
 30
0.0
  0
SEQEND
  5
2A42
  8
DOCUMENT-LAYER
  0
POLYLINE
  5
1532
  8
DOCUMENT-LAYER
 66
     1
 10
0.0
 20
0.0
 30
0.0
 40
0.1
 41
0.1
  0
VERTEX
  5
2481
  8
DOCUMENT-LAYER
 10
16.88849657099314
 20
24.55704673609348
 30
0.0
  0
VERTEX
  5
2482
  8
DOCUMENT-LAYER
 10
16.70849631699263
 20
24.52704673609348
 30
0.0
  0
SEQEND
  5
2A43
  8
DOCUMENT-LAYER
  0
POLYLINE
  5
1533
  8
DOCUMENT-LAYER
 66
     1
 10
0.0
 20
0.0
 30
0.0
 40
0.1
 41
0.1
  0
VERTEX
  5
2483
  8
DOCUMENT-LAYER
 10
-0.0006431292862519
 20
24.55704673609348
 30
0.0
  0
VERTEX
  5
2484
  8
DOCUMENT-LAYER
 10
0.1793548387096771
 20
24.58704699009399
 30
0.0
  0
SEQEND
  5
2A44
  8
DOCUMENT-LAYER
  0
POLYLINE
  5
1534
  8
DOCUMENT-LAYER
 66
     1
 10
0.0
 20
0.0
 30
0.0
 40
0.1
 41
0.1
  0
VERTEX
  5
2485
  8
DOCUMENT-LAYER
 10
166.7000205740412
 20
39.00015925831853
 30
0.0
  0
VERTEX
  5
2486
  8
DOCUMENT-LAYER
 10
181.1005775971552
 20
39.00015925831853
 30
0.0
  0
SEQEND
  5
2A45
  8
DOCUMENT-LAYER
  0
POLYLINE
  5
1535
  8
DOCUMENT-LAYER
 66
     1
 10
0.0
 20
0.0
 30
0.0
 40
0.1
 41
0.1
  0
VERTEX
  5
2487
  8
DOCUMENT-LAYER
 10
-8.239801117602232
 20
40.31895275590552
 30
0.0
  0
VERTEX
  5
2488
  8
DOCUMENT-LAYER
 10
-6.723412496824997
 20
40.31895275590552
 30
0.0
  0
SEQEND
  5
2A46
  8
DOCUMENT-LAYER
  0
POLYLINE
  5
1536
  8
DOCUMENT-LAYER
 66
     1
 10
0.0
 20
0.0
 30
0.0
 40
0.1
 41
0.1
  0
VERTEX
  5
2489
  8
DOCUMENT-LAYER
 10
-7.632736093472182
 20
53.07488392176785
 30
0.0
  0
VERTEX
  5
248A
  8
DOCUMENT-LAYER
 10
-6.875815595631193
 20
52.92502336804675
 30
0.0
  0
SEQEND
  5
2A47
  8
DOCUMENT-LAYER
  0
POLYLINE
  5
1537
  8
DOCUMENT-LAYER
 66
     1
 10
0.0
 20
0.0
 30
0.0
 40
0.1
 41
0.1
  0
VERTEX
  5
248B
  8
DOCUMENT-LAYER
 10
-7.632736093472182
 20
56.07463601727205
 30
0.0
  0
VERTEX
  5
248C
  8
DOCUMENT-LAYER
 10
-6.875815595631193
 20
55.92477520955043
 30
0.0
  0
SEQEND
  5
2A48
  8
DOCUMENT-LAYER
  0
POLYLINE
  5
1538
  8
DOCUMENT-LAYER
 66
     1
 10
0.0
 20
0.0
 30
0.0
 40
0.1
 41
0.1
  0
VERTEX
  5
248D
  8
DOCUMENT-LAYER
 10
180.303014478029
 20
19.28417881635763
 30
0.0
  0
VERTEX
  5
248E
  8
DOCUMENT-LAYER
 10
181.0599375158751
 20
19.13431826263653
 30
0.0
  0
SEQEND
  5
2A49
  8
DOCUMENT-LAYER
  0
POLYLINE
  5
1539
  8
DOCUMENT-LAYER
 66
     1
 10
0.0
 20
0.0
 30
0.0
 40
0.1
 41
0.1
  0
VERTEX
  5
248F
  8
DOCUMENT-LAYER
 10
-6.421151130302266
 20
55.04593167386336
 30
0.0
  0
VERTEX
  5
2490
  8
DOCUMENT-LAYER
 10
-5.664230632461263
 20
54.89353111506224
 30
0.0
  0
SEQEND
  5
2A4A
  8
DOCUMENT-LAYER
  0
POLYLINE
  5
1540
  8
DOCUMENT-LAYER
 66
     1
 10
0.0
 20
0.0
 30
0.0
 40
0.1
 41
0.1
  0
VERTEX
  5
2491
  8
DOCUMENT-LAYER
 10
-6.421151130302266
 20
58.04568376936755
 30
0.0
  0
VERTEX
  5
2492
  8
DOCUMENT-LAYER
 10
-5.664230632461263
 20
57.89328575057151
 30
0.0
  0
SEQEND
  5
2A4B
  8
DOCUMENT-LAYER
  0
POLYLINE
  5
1541
  8
DOCUMENT-LAYER
 66
     1
 10
0.0
 20
0.0
 30
0.0
 40
0.1
 41
0.1
  0
VERTEX
  5
2493
  8
DOCUMENT-LAYER
 10
59.70550368300737
 20
-4.943906273812547
 30
0.0
  0
VERTEX
  5
2494
  8
DOCUMENT-LAYER
 10
59.70550368300737
 20
-3.427520193040386
 30
0.0
  0
SEQEND
  5
2A4C
  8
DOCUMENT-LAYER
  0
POLYLINE
  5
1542
  8
DOCUMENT-LAYER
 66
     1
 10
0.0
 20
0.0
 30
0.0
 40
0.1
 41
0.1
  0
VERTEX
  5
2495
  8
DOCUMENT-LAYER
 10
60.58434721869445
 20
-4.943906273812547
 30
0.0
  0
VERTEX
  5
2496
  8
DOCUMENT-LAYER
 10
60.58434721869445
 20
-2.822997713995432
 30
0.0
  0
SEQEND
  5
2A4D
  8
DOCUMENT-LAYER
  0
POLYLINE
  5
1543
  8
DOCUMENT-LAYER
 66
     1
 10
0.0
 20
0.0
 30
0.0
 40
0.1
 41
0.1
  0
VERTEX
  5
2497
  8
DOCUMENT-LAYER
 10
62.25059385318772
 20
-4.943906273812547
 30
0.0
  0
VERTEX
  5
2498
  8
DOCUMENT-LAYER
 10
62.25059385318772
 20
-3.427520193040386
 30
0.0
  0
SEQEND
  5
2A4E
  8
DOCUMENT-LAYER
  0
POLYLINE
  5
1544
  8
DOCUMENT-LAYER
 66
     1
 10
0.0
 20
0.0
 30
0.0
 40
0.1
 41
0.1
  0
VERTEX
  5
2499
  8
DOCUMENT-LAYER
 10
63.76791973583948
 20
77.51554991109982
 30
0.0
  0
VERTEX
  5
249A
  8
DOCUMENT-LAYER
 10
63.76791973583948
 20
77.57555016510034
 30
0.0
  0
SEQEND
  5
2A4F
  8
DOCUMENT-LAYER
  0
POLYLINE
  5
1545
  8
DOCUMENT-LAYER
 66
     1
 10
0.0
 20
0.0
 30
0.0
 40
0.1
 41
0.1
  0
VERTEX
  5
249B
  8
DOCUMENT-LAYER
 10
63.91683820167641
 20
-4.943906273812547
 30
0.0
  0
VERTEX
  5
249C
  8
DOCUMENT-LAYER
 10
63.91683820167641
 20
-3.427520193040386
 30
0.0
  0
SEQEND
  5
2A50
  8
DOCUMENT-LAYER
  0
POLYLINE
  5
1546
  8
DOCUMENT-LAYER
 66
     1
 10
0.0
 20
0.0
 30
0.0
 40
0.1
 41
0.1
  0
VERTEX
  5
249D
  8
DOCUMENT-LAYER
 10
63.9479202438405
 20
77.36554965709932
 30
0.0
  0
VERTEX
  5
249E
  8
DOCUMENT-LAYER
 10
63.9479202438405
 20
97.82456946913895
 30
0.0
  0
SEQEND
  5
2A51
  8
DOCUMENT-LAYER
  0
POLYLINE
  5
1547
  8
DOCUMENT-LAYER
 66
     1
 10
0.0
 20
0.0
 30
0.0
 40
0.1
 41
0.1
  0
VERTEX
  5
249F
  8
DOCUMENT-LAYER
 10
76.7040695961392
 20
112.4492138684277
 30
0.0
  0
VERTEX
  5
24A0
  8
DOCUMENT-LAYER
 10
76.85647015494033
 20
112.9038732537465
 30
0.0
  0
SEQEND
  5
2A52
  8
DOCUMENT-LAYER
  0
POLYLINE
  5
1548
  8
DOCUMENT-LAYER
 66
     1
 10
0.0
 20
0.0
 30
0.0
 40
0.1
 41
0.1
  0
VERTEX
  5
24A1
  8
DOCUMENT-LAYER
 10
78.52271704343411
 20
111.8421490982982
 30
0.0
  0
VERTEX
  5
24A2
  8
DOCUMENT-LAYER
 10
78.6751176022352
 20
112.2968133096266
 30
0.0
  0
SEQEND
  5
2A53
  8
DOCUMENT-LAYER
  0
POLYLINE
  5
1549
  8
DOCUMENT-LAYER
 66
     1
 10
0.0
 20
0.0
 30
0.0
 40
0.1
 41
0.1
  0
VERTEX
  5
24A3
  8
DOCUMENT-LAYER
 10
79.55396113792229
 20
113.6607988315977
 30
0.0
  0
VERTEX
  5
24A4
  8
DOCUMENT-LAYER
 10
79.7063616967234
 20
114.1154582169165
 30
0.0
  0
SEQEND
  5
2A54
  8
DOCUMENT-LAYER
  0
POLYLINE
  5
1550
  8
DOCUMENT-LAYER
 66
     1
 10
0.0
 20
0.0
 30
0.0
 40
0.1
 41
0.1
  0
VERTEX
  5
24A5
  8
DOCUMENT-LAYER
 10
83.7398978917958
 20
113.9630574041148
 30
0.0
  0
VERTEX
  5
24A6
  8
DOCUMENT-LAYER
 10
83.89229845059693
 20
114.2678587757176
 30
0.0
  0
SEQEND
  5
2A55
  8
DOCUMENT-LAYER
  0
POLYLINE
  5
1551
  8
DOCUMENT-LAYER
 66
     1
 10
0.0
 20
0.0
 30
0.0
 40
0.1
 41
0.1
  0
VERTEX
  5
24A7
  8
DOCUMENT-LAYER
 10
85.40614452628908
 20
113.3585377190754
 30
0.0
  0
VERTEX
  5
24A8
  8
DOCUMENT-LAYER
 10
85.55854508509017
 20
113.6607988315977
 30
0.0
  0
SEQEND
  5
2A56
  8
DOCUMENT-LAYER
  0
POLYLINE
  5
1552
  8
DOCUMENT-LAYER
 66
     1
 10
0.0
 20
0.0
 30
0.0
 40
0.1
 41
0.1
  0
VERTEX
  5
24A9
  8
DOCUMENT-LAYER
 10
85.10388569977141
 20
112.9038732537465
 30
0.0
  0
VERTEX
  5
24AA
  8
DOCUMENT-LAYER
 10
85.40614452628908
 20
113.3585377190754
 30
0.0
  0
SEQEND
  5
2A57
  8
DOCUMENT-LAYER
  0
POLYLINE
  5
1553
  8
DOCUMENT-LAYER
 66
     1
 10
0.0
 20
0.0
 30
0.0
 40
0.1
 41
0.1
  0
VERTEX
  5
24AB
  8
DOCUMENT-LAYER
 10
169.2000256540514
 20
60.21250038100077
 30
0.0
  0
VERTEX
  5
24AC
  8
DOCUMENT-LAYER
 10
169.0200251460503
 20
60.18250038100078
 30
0.0
  0
SEQEND
  5
2A58
  8
DOCUMENT-LAYER
  0
POLYLINE
  5
1554
  8
DOCUMENT-LAYER
 66
     1
 10
0.0
 20
0.0
 30
0.0
 40
0.1
 41
0.1
  0
VERTEX
  5
24AD
  8
DOCUMENT-LAYER
 10
166.7000205740412
 20
41.00016586233172
 30
0.0
  0
VERTEX
  5
24AE
  8
DOCUMENT-LAYER
 10
180.9475775971552
 20
41.00016586233172
 30
0.0
  0
SEQEND
  5
2A59
  8
DOCUMENT-LAYER
  0
POLYLINE
  5
1555
  8
DOCUMENT-LAYER
 66
     1
 10
0.0
 20
0.0
 30
0.0
 40
0.1
 41
0.1
  0
VERTEX
  5
24AF
  8
DOCUMENT-LAYER
 10
-8.239801117602232
 20
41.98519964439929
 30
0.0
  0
VERTEX
  5
24B0
  8
DOCUMENT-LAYER
 10
-6.723412496824997
 20
41.98519964439929
 30
0.0
  0
SEQEND
  5
2A5A
  8
DOCUMENT-LAYER
  0
POLYLINE
  5
1556
  8
DOCUMENT-LAYER
 66
     1
 10
0.0
 20
0.0
 30
0.0
 40
0.1
 41
0.1
  0
VERTEX
  5
24B1
  8
DOCUMENT-LAYER
 10
-8.239801117602232
 20
43.65144627889256
 30
0.0
  0
VERTEX
  5
24B2
  8
DOCUMENT-LAYER
 10
-6.118892557785117
 20
43.65144627889256
 30
0.0
  0
SEQEND
  5
2A5B
  8
DOCUMENT-LAYER
  0
POLYLINE
  5
1557
  8
DOCUMENT-LAYER
 66
     1
 10
0.0
 20
0.0
 30
0.0
 40
0.1
 41
0.1
  0
VERTEX
  5
24B3
  8
DOCUMENT-LAYER
 10
-8.239801117602232
 20
44.53028981457963
 30
0.0
  0
VERTEX
  5
24B4
  8
DOCUMENT-LAYER
 10
-6.723412496824997
 20
44.53028981457963
 30
0.0
  0
SEQEND
  5
2A5C
  8
DOCUMENT-LAYER
  0
POLYLINE
  5
1558
  8
DOCUMENT-LAYER
 66
     1
 10
0.0
 20
0.0
 30
0.0
 40
0.1
 41
0.1
  0
VERTEX
  5
24B5
  8
DOCUMENT-LAYER
 10
-8.239801117602232
 20
46.1965364490729
 30
0.0
  0
VERTEX
  5
24B6
  8
DOCUMENT-LAYER
 10
-6.723412496824997
 20
46.1965364490729
 30
0.0
  0
SEQEND
  5
2A5D
  8
DOCUMENT-LAYER
  0
POLYLINE
  5
1559
  8
DOCUMENT-LAYER
 66
     1
 10
0.0
 20
0.0
 30
0.0
 40
0.1
 41
0.1
  0
VERTEX
  5
24B7
  8
DOCUMENT-LAYER
 10
181.5145991871984
 20
21.25522656845314
 30
0.0
  0
VERTEX
  5
24B8
  8
DOCUMENT-LAYER
 10
182.2715222250445
 20
21.10282600965202
 30
0.0
  0
SEQEND
  5
2A5E
  8
DOCUMENT-LAYER
  0
POLYLINE
  5
1560
  8
DOCUMENT-LAYER
 66
     1
 10
0.0
 20
0.0
 30
0.0
 40
0.1
 41
0.1
  0
VERTEX
  5
24B9
  8
DOCUMENT-LAYER
 10
180.303014478029
 20
23.47011557023114
 30
0.0
  0
VERTEX
  5
24BA
  8
DOCUMENT-LAYER
 10
181.0599375158751
 20
23.31771501143003
 30
0.0
  0
SEQEND
  5
2A5F
  8
DOCUMENT-LAYER
  0
POLYLINE
  5
1561
  8
DOCUMENT-LAYER
 66
     1
 10
0.0
 20
0.0
 30
0.0
 40
0.1
 41
0.1
  0
VERTEX
  5
24BB
  8
DOCUMENT-LAYER
 10
58.51006832613667
 20
97.82456692913387
 30
0.0
  0
VERTEX
  5
24BC
  8
DOCUMENT-LAYER
 10
58.54006832613667
 20
97.64456667513338
 30
0.0
  0
SEQEND
  5
2A60
  8
DOCUMENT-LAYER
  0
POLYLINE
  5
1562
  8
DOCUMENT-LAYER
 66
     1
 10
0.0
 20
0.0
 30
0.0
 40
0.1
 41
0.1
  0
VERTEX
  5
24BD
  8
DOCUMENT-LAYER
 10
58.51006832613667
 20
100.0004030988062
 30
0.0
  0
VERTEX
  5
24BE
  8
DOCUMENT-LAYER
 10
58.48006832613667
 20
100.1804036068072
 30
0.0
  0
SEQEND
  5
2A61
  8
DOCUMENT-LAYER
  0
POLYLINE
  5
1563
  8
DOCUMENT-LAYER
 66
     1
 10
0.0
 20
0.0
 30
0.0
 40
0.1
 41
0.1
  0
VERTEX
  5
24BF
  8
DOCUMENT-LAYER
 10
76.7040695961392
 20
113.2061369062738
 30
0.0
  0
VERTEX
  5
24C0
  8
DOCUMENT-LAYER
 10
76.85647015494033
 20
113.9630574041148
 30
0.0
  0
SEQEND
  5
2A62
  8
DOCUMENT-LAYER
  0
POLYLINE
  5
1564
  8
DOCUMENT-LAYER
 66
     1
 10
0.0
 20
0.0
 30
0.0
 40
0.1
 41
0.1
  0
VERTEX
  5
24C1
  8
DOCUMENT-LAYER
 10
81.37260833121668
 20
111.9945521971044
 30
0.0
  0
VERTEX
  5
24C2
  8
DOCUMENT-LAYER
 10
81.5250088900178
 20
112.7514726949454
 30
0.0
  0
SEQEND
  5
2A63
  8
DOCUMENT-LAYER
  0
POLYLINE
  5
1565
  8
DOCUMENT-LAYER
 66
     1
 10
0.0
 20
0.0
 30
0.0
 40
0.1
 41
0.1
  0
VERTEX
  5
24C3
  8
DOCUMENT-LAYER
 10
81.37260833121668
 20
113.0562738125476
 30
0.0
  0
VERTEX
  5
24C4
  8
DOCUMENT-LAYER
 10
81.5250088900178
 20
113.5083982727966
 30
0.0
  0
SEQEND
  5
2A64
  8
DOCUMENT-LAYER
  0
POLYLINE
  5
1566
  8
DOCUMENT-LAYER
 66
     1
 10
0.0
 20
0.0
 30
0.0
 40
0.1
 41
0.1
  0
VERTEX
  5
24C5
  8
DOCUMENT-LAYER
 10
181.663858013716
 20
74.33958216916434
 30
0.0
  0
VERTEX
  5
24C6
  8
DOCUMENT-LAYER
 10
182.2709227838456
 20
74.49198044196089
 30
0.0
  0
SEQEND
  5
2A65
  8
DOCUMENT-LAYER
  0
POLYLINE
  5
1567
  8
DOCUMENT-LAYER
 66
     1
 10
0.0
 20
0.0
 30
0.0
 40
0.1
 41
0.1
  0
VERTEX
  5
24C7
  8
DOCUMENT-LAYER
 10
180.150014478029
 20
72.12469088138177
 30
0.0
  0
VERTEX
  5
24C8
  8
DOCUMENT-LAYER
 10
180.906937515875
 20
72.27709144018289
 30
0.0
  0
SEQEND
  5
2A66
  8
DOCUMENT-LAYER
  0
POLYLINE
  5
1568
  8
DOCUMENT-LAYER
 66
     1
 10
0.0
 20
0.0
 30
0.0
 40
0.1
 41
0.1
  0
VERTEX
  5
24C9
  8
DOCUMENT-LAYER
 10
181.3615991871984
 20
70.15618288036578
 30
0.0
  0
VERTEX
  5
24CA
  8
DOCUMENT-LAYER
 10
182.1185196850394
 20
70.30604368808739
 30
0.0
  0
SEQEND
  5
2A67
  8
DOCUMENT-LAYER
  0
POLYLINE
  5
1569
  8
DOCUMENT-LAYER
 66
     1
 10
0.0
 20
0.0
 30
0.0
 40
0.1
 41
0.1
  0
VERTEX
  5
24CB
  8
DOCUMENT-LAYER
 10
161.3671219202439
 20
60.21250038100077
 30
0.0
  0
VERTEX
  5
24CC
  8
DOCUMENT-LAYER
 10
161.5471221742444
 20
60.24250038100077
 30
0.0
  0
SEQEND
  5
2A68
  8
DOCUMENT-LAYER
  0
POLYLINE
  5
1570
  8
DOCUMENT-LAYER
 66
     1
 10
0.0
 20
0.0
 30
0.0
 40
0.1
 41
0.1
  0
VERTEX
  5
24CD
  8
DOCUMENT-LAYER
 10
-8.239801117602232
 20
47.86278308356618
 30
0.0
  0
VERTEX
  5
24CE
  8
DOCUMENT-LAYER
 10
-6.118892557785117
 20
47.86278308356618
 30
0.0
  0
SEQEND
  5
2A69
  8
DOCUMENT-LAYER
  0
POLYLINE
  5
1571
  8
DOCUMENT-LAYER
 66
     1
 10
0.0
 20
0.0
 30
0.0
 40
0.1
 41
0.1
  0
VERTEX
  5
24CF
  8
DOCUMENT-LAYER
 10
-6.875815595631193
 20
48.74162661925325
 30
0.0
  0
VERTEX
  5
24D0
  8
DOCUMENT-LAYER
 10
-6.421151130302266
 20
48.74162661925325
 30
0.0
  0
SEQEND
  5
2A6A
  8
DOCUMENT-LAYER
  0
POLYLINE
  5
1572
  8
DOCUMENT-LAYER
 66
     1
 10
0.0
 20
0.0
 30
0.0
 40
0.1
 41
0.1
  0
VERTEX
  5
24D1
  8
DOCUMENT-LAYER
 10
-6.875815595631193
 20
50.86253492506986
 30
0.0
  0
VERTEX
  5
24D2
  8
DOCUMENT-LAYER
 10
-6.421151130302266
 20
50.86253492506986
 30
0.0
  0
SEQEND
  5
2A6B
  8
DOCUMENT-LAYER
  0
POLYLINE
  5
1573
  8
DOCUMENT-LAYER
 66
     1
 10
0.0
 20
0.0
 30
0.0
 40
0.1
 41
0.1
  0
VERTEX
  5
24D3
  8
DOCUMENT-LAYER
 10
-6.875815595631193
 20
52.92502336804675
 30
0.0
  0
VERTEX
  5
24D4
  8
DOCUMENT-LAYER
 10
-6.421151130302266
 20
52.92502336804675
 30
0.0
  0
SEQEND
  5
2A6C
  8
DOCUMENT-LAYER
  0
POLYLINE
  5
1574
  8
DOCUMENT-LAYER
 66
     1
 10
0.0
 20
0.0
 30
0.0
 40
0.1
 41
0.1
  0
VERTEX
  5
24D5
  8
DOCUMENT-LAYER
 10
0.1793548387096771
 20
63.70312725425452
 30
0.0
  0
VERTEX
  5
24D6
  8
DOCUMENT-LAYER
 10
-0.0006431292862519
 20
63.73312725425452
 30
0.0
  0
SEQEND
  5
2A6D
  8
DOCUMENT-LAYER
  0
POLYLINE
  5
1575
  8
DOCUMENT-LAYER
 66
     1
 10
0.0
 20
0.0
 30
0.0
 40
0.1
 41
0.1
  0
VERTEX
  5
24D7
  8
DOCUMENT-LAYER
 10
135.5636337312675
 20
-4.48924180848362
 30
0.0
  0
VERTEX
  5
24D8
  8
DOCUMENT-LAYER
 10
135.8658948437897
 20
-4.791505715011424
 30
0.0
  0
SEQEND
  5
2A6E
  8
DOCUMENT-LAYER
  0
POLYLINE
  5
1576
  8
DOCUMENT-LAYER
 66
     1
 10
0.0
 20
0.0
 30
0.0
 40
0.1
 41
0.1
  0
VERTEX
  5
24D9
  8
DOCUMENT-LAYER
 10
134.0777277114555
 20
-2.972858267716532
 30
0.0
  0
VERTEX
  5
24DA
  8
DOCUMENT-LAYER
 10
134.3799888239776
 20
-3.27511709423419
 30
0.0
  0
SEQEND
  5
2A6F
  8
DOCUMENT-LAYER
  0
POLYLINE
  5
1577
  8
DOCUMENT-LAYER
 66
     1
 10
0.0
 20
0.0
 30
0.0
 40
0.1
 41
0.1
  0
VERTEX
  5
24DB
  8
DOCUMENT-LAYER
 10
136.927618999238
 20
-3.125256540513075
 30
0.0
  0
VERTEX
  5
24DC
  8
DOCUMENT-LAYER
 10
137.2298778257556
 20
-3.427520193040386
 30
0.0
  0
SEQEND
  5
2A70
  8
DOCUMENT-LAYER
  0
POLYLINE
  5
1578
  8
DOCUMENT-LAYER
 66
     1
 10
0.0
 20
0.0
 30
0.0
 40
0.1
 41
0.1
  0
VERTEX
  5
24DD
  8
DOCUMENT-LAYER
 10
138.261124460249
 20
-4.336841249682498
 30
0.0
  0
VERTEX
  5
24DE
  8
DOCUMENT-LAYER
 10
138.41352501905
 20
-4.48924180848362
 30
0.0
  0
SEQEND
  5
2A71
  8
DOCUMENT-LAYER
  0
POLYLINE
  5
1579
  8
DOCUMENT-LAYER
 66
     1
 10
0.0
 20
0.0
 30
0.0
 40
0.1
 41
0.1
  0
VERTEX
  5
24DF
  8
DOCUMENT-LAYER
 10
138.41352501905
 20
-4.184443230886463
 30
0.0
  0
VERTEX
  5
24E0
  8
DOCUMENT-LAYER
 10
138.5659230378461
 20
-4.336841249682498
 30
0.0
  0
SEQEND
  5
2A72
  8
DOCUMENT-LAYER
  0
POLYLINE
  5
1580
  8
DOCUMENT-LAYER
 66
     1
 10
0.0
 20
0.0
 30
0.0
 40
0.1
 41
0.1
  0
VERTEX
  5
24E1
  8
DOCUMENT-LAYER
 10
132.5638790957582
 20
-4.639105156210316
 30
0.0
  0
VERTEX
  5
24E2
  8
DOCUMENT-LAYER
 10
132.7137396494793
 20
-4.791505715011424
 30
0.0
  0
SEQEND
  5
2A73
  8
DOCUMENT-LAYER
  0
POLYLINE
  5
1581
  8
DOCUMENT-LAYER
 66
     1
 10
0.0
 20
0.0
 30
0.0
 40
0.1
 41
0.1
  0
VERTEX
  5
24E3
  8
DOCUMENT-LAYER
 10
75.82522606045212
 20
111.3874871729743
 30
0.0
  0
VERTEX
  5
24E4
  8
DOCUMENT-LAYER
 10
75.82522606045212
 20
114.5701224282449
 30
0.0
  0
SEQEND
  5
2A74
  8
DOCUMENT-LAYER
  0
POLYLINE
  5
1582
  8
DOCUMENT-LAYER
 66
     1
 10
0.0
 20
0.0
 30
0.0
 40
0.1
 41
0.1
  0
VERTEX
  5
24E5
  8
DOCUMENT-LAYER
 10
76.7040695961392
 20
112.4492138684277
 30
0.0
  0
VERTEX
  5
24E6
  8
DOCUMENT-LAYER
 10
76.7040695961392
 20
113.2061369062738
 30
0.0
  0
SEQEND
  5
2A75
  8
DOCUMENT-LAYER
  0
POLYLINE
  5
1583
  8
DOCUMENT-LAYER
 66
     1
 10
0.0
 20
0.0
 30
0.0
 40
0.1
 41
0.1
  0
VERTEX
  5
24E7
  8
DOCUMENT-LAYER
 10
78.6751176022352
 20
112.2968133096266
 30
0.0
  0
VERTEX
  5
24E8
  8
DOCUMENT-LAYER
 10
78.6751176022352
 20
112.4492138684277
 30
0.0
  0
SEQEND
  5
2A76
  8
DOCUMENT-LAYER
  0
POLYLINE
  5
1584
  8
DOCUMENT-LAYER
 66
     1
 10
0.0
 20
0.0
 30
0.0
 40
0.1
 41
0.1
  0
VERTEX
  5
24E9
  8
DOCUMENT-LAYER
 10
79.07324892049785
 20
73.34362407924817
 30
0.0
  0
VERTEX
  5
24EA
  8
DOCUMENT-LAYER
 10
79.07324892049785
 20
73.40362407924817
 30
0.0
  0
SEQEND
  5
2A77
  8
DOCUMENT-LAYER
  0
POLYLINE
  5
1585
  8
DOCUMENT-LAYER
 66
     1
 10
0.0
 20
0.0
 30
0.0
 40
0.1
 41
0.1
  0
VERTEX
  5
24EB
  8
DOCUMENT-LAYER
 10
79.25324917449835
 20
73.19362357124716
 30
0.0
  0
VERTEX
  5
24EC
  8
DOCUMENT-LAYER
 10
79.25324917449835
 20
97.79613157226316
 30
0.0
  0
SEQEND
  5
2A78
  8
DOCUMENT-LAYER
  0
POLYLINE
  5
1586
  8
DOCUMENT-LAYER
 66
     1
 10
0.0
 20
0.0
 30
0.0
 40
0.1
 41
0.1
  0
VERTEX
  5
24ED
  8
DOCUMENT-LAYER
 10
79.55396113792229
 20
113.5083982727966
 30
0.0
  0
VERTEX
  5
24EE
  8
DOCUMENT-LAYER
 10
79.55396113792229
 20
113.6607988315977
 30
0.0
  0
SEQEND
  5
2A79
  8
DOCUMENT-LAYER
  0
POLYLINE
  5
1587
  8
DOCUMENT-LAYER
 66
     1
 10
0.0
 20
0.0
 30
0.0
 40
0.1
 41
0.1
  0
VERTEX
  5
24EF
  8
DOCUMENT-LAYER
 10
-6.723412496824997
 20
46.1965364490729
 30
0.0
  0
VERTEX
  5
24F0
  8
DOCUMENT-LAYER
 10
-6.268753111506217
 20
46.34639700279402
 30
0.0
  0
SEQEND
  5
2A7A
  8
DOCUMENT-LAYER
  0
POLYLINE
  5
1588
  8
DOCUMENT-LAYER
 66
     1
 10
0.0
 20
0.0
 30
0.0
 40
0.1
 41
0.1
  0
VERTEX
  5
24F1
  8
DOCUMENT-LAYER
 10
-6.723412496824997
 20
44.53028981457963
 30
0.0
  0
VERTEX
  5
24F2
  8
DOCUMENT-LAYER
 10
-6.268753111506217
 20
44.68015036830074
 30
0.0
  0
SEQEND
  5
2A7B
  8
DOCUMENT-LAYER
  0
POLYLINE
  5
1589
  8
DOCUMENT-LAYER
 66
     1
 10
0.0
 20
0.0
 30
0.0
 40
0.1
 41
0.1
  0
VERTEX
  5
24F3
  8
DOCUMENT-LAYER
 10
127.9744058928118
 20
63.73312725425452
 30
0.0
  0
VERTEX
  5
24F4
  8
DOCUMENT-LAYER
 10
127.7944053848108
 20
63.70312725425452
 30
0.0
  0
SEQEND
  5
2A7C
  8
DOCUMENT-LAYER
  0
POLYLINE
  5
1590
  8
DOCUMENT-LAYER
 66
     1
 10
0.0
 20
0.0
 30
0.0
 40
0.1
 41
0.1
  0
VERTEX
  5
24F5
  8
DOCUMENT-LAYER
 10
-6.875815595631193
 20
55.04593167386336
 30
0.0
  0
VERTEX
  5
24F6
  8
DOCUMENT-LAYER
 10
-6.421151130302266
 20
55.04593167386336
 30
0.0
  0
SEQEND
  5
2A7D
  8
DOCUMENT-LAYER
  0
POLYLINE
  5
1591
  8
DOCUMENT-LAYER
 66
     1
 10
0.0
 20
0.0
 30
0.0
 40
0.1
 41
0.1
  0
VERTEX
  5
24F7
  8
DOCUMENT-LAYER
 10
-6.875815595631193
 20
55.92477520955043
 30
0.0
  0
VERTEX
  5
24F8
  8
DOCUMENT-LAYER
 10
-6.421151130302266
 20
55.92477520955043
 30
0.0
  0
SEQEND
  5
2A7E
  8
DOCUMENT-LAYER
  0
POLYLINE
  5
1592
  8
DOCUMENT-LAYER
 66
     1
 10
0.0
 20
0.0
 30
0.0
 40
0.1
 41
0.1
  0
VERTEX
  5
24F9
  8
DOCUMENT-LAYER
 10
-6.875815595631193
 20
58.04568376936755
 30
0.0
  0
VERTEX
  5
24FA
  8
DOCUMENT-LAYER
 10
-6.421151130302266
 20
58.04568376936755
 30
0.0
  0
SEQEND
  5
2A7F
  8
DOCUMENT-LAYER
  0
POLYLINE
  5
1593
  8
DOCUMENT-LAYER
 66
     1
 10
0.0
 20
0.0
 30
0.0
 40
0.1
 41
0.1
  0
VERTEX
  5
24FB
  8
DOCUMENT-LAYER
 10
147.5892125984252
 20
58.56444272288546
 30
0.0
  0
VERTEX
  5
24FC
  8
DOCUMENT-LAYER
 10
161.3046248412497
 20
58.56444272288546
 30
0.0
  0
SEQEND
  5
2A80
  8
DOCUMENT-LAYER
  0
POLYLINE
  5
1594
  8
DOCUMENT-LAYER
 66
     1
 10
0.0
 20
0.0
 30
0.0
 40
0.1
 41
0.1
  0
VERTEX
  5
24FD
  8
DOCUMENT-LAYER
 10
147.7392131064263
 20
58.74444323088646
 30
0.0
  0
VERTEX
  5
24FE
  8
DOCUMENT-LAYER
 10
147.7992131064262
 20
58.74444323088646
 30
0.0
  0
SEQEND
  5
2A81
  8
DOCUMENT-LAYER
  0
POLYLINE
  5
1595
  8
DOCUMENT-LAYER
 66
     1
 10
0.0
 20
0.0
 30
0.0
 40
0.1
 41
0.1
  0
VERTEX
  5
24FF
  8
DOCUMENT-LAYER
 10
-8.239801117602232
 20
58.92452730505462
 30
0.0
  0
VERTEX
  5
2500
  8
DOCUMENT-LAYER
 10
-5.057168402336809
 20
58.92452730505462
 30
0.0
  0
SEQEND
  5
2A82
  8
DOCUMENT-LAYER
  0
POLYLINE
  5
1596
  8
DOCUMENT-LAYER
 66
     1
 10
0.0
 20
0.0
 30
0.0
 40
0.1
 41
0.1
  0
VERTEX
  5
2501
  8
DOCUMENT-LAYER
 10
161.5471221742444
 20
60.21250038100077
 30
0.0
  0
VERTEX
  5
2502
  8
DOCUMENT-LAYER
 10
163.0392801625603
 20
60.21250038100077
 30
0.0
  0
SEQEND
  5
2A83
  8
DOCUMENT-LAYER
  0
POLYLINE
  5
1597
  8
DOCUMENT-LAYER
 66
     1
 10
0.0
 20
0.0
 30
0.0
 40
0.1
 41
0.1
  0
VERTEX
  5
2503
  8
DOCUMENT-LAYER
 10
167.7893058166117
 20
60.21686207772417
 30
0.0
  0
VERTEX
  5
2504
  8
DOCUMENT-LAYER
 10
169.0200251460503
 20
60.21250038100077
 30
0.0
  0
SEQEND
  5
2A84
  8
DOCUMENT-LAYER
  0
POLYLINE
  5
1598
  8
DOCUMENT-LAYER
 66
     1
 10
0.0
 20
0.0
 30
0.0
 40
0.1
 41
0.1
  0
VERTEX
  5
2505
  8
DOCUMENT-LAYER
 10
0.1793548387096771
 20
68.58939293878588
 30
0.0
  0
VERTEX
  5
2506
  8
DOCUMENT-LAYER
 10
-0.0006431292862519
 20
68.6193929387859
 30
0.0
  0
SEQEND
  5
2A85
  8
DOCUMENT-LAYER
  0
POLYLINE
  5
1599
  8
DOCUMENT-LAYER
 66
     1
 10
0.0
 20
0.0
 30
0.0
 40
0.1
 41
0.1
  0
VERTEX
  5
2507
  8
DOCUMENT-LAYER
 10
0.1793548387096771
 20
73.34362407924817
 30
0.0
  0
VERTEX
  5
2508
  8
DOCUMENT-LAYER
 10
-0.0006431292862519
 20
73.37362407924817
 30
0.0
  0
SEQEND
  5
2A86
  8
DOCUMENT-LAYER
  0
POLYLINE
  5
1600
  8
DOCUMENT-LAYER
 66
     1
 10
0.0
 20
0.0
 30
0.0
 40
0.1
 41
0.1
  0
VERTEX
  5
2509
  8
DOCUMENT-LAYER
 10
181.9692611125223
 20
25.28876276352554
 30
0.0
  0
VERTEX
  5
250A
  8
DOCUMENT-LAYER
 10
182.4239230378461
 20
25.13636220472441
 30
0.0
  0
SEQEND
  5
2A87
  8
DOCUMENT-LAYER
  0
POLYLINE
  5
1601
  8
DOCUMENT-LAYER
 66
     1
 10
0.0
 20
0.0
 30
0.0
 40
0.1
 41
0.1
  0
VERTEX
  5
250B
  8
DOCUMENT-LAYER
 10
180.1506139192279
 20
26.32000685801372
 30
0.0
  0
VERTEX
  5
250C
  8
DOCUMENT-LAYER
 10
180.6052730505461
 20
26.16760883921769
 30
0.0
  0
SEQEND
  5
2A88
  8
DOCUMENT-LAYER
  0
POLYLINE
  5
1602
  8
DOCUMENT-LAYER
 66
     1
 10
0.0
 20
0.0
 30
0.0
 40
0.1
 41
0.1
  0
VERTEX
  5
250D
  8
DOCUMENT-LAYER
 10
181.3647386334773
 20
23.47011557023114
 30
0.0
  0
VERTEX
  5
250E
  8
DOCUMENT-LAYER
 10
181.8168580137161
 20
23.31771501143003
 30
0.0
  0
SEQEND
  5
2A89
  8
DOCUMENT-LAYER
  0
POLYLINE
  5
1603
  8
DOCUMENT-LAYER
 66
     1
 10
0.0
 20
0.0
 30
0.0
 40
0.1
 41
0.1
  0
VERTEX
  5
250F
  8
DOCUMENT-LAYER
 10
81.5250088900178
 20
112.7514726949454
 30
0.0
  0
VERTEX
  5
2510
  8
DOCUMENT-LAYER
 10
81.5250088900178
 20
113.5083982727966
 30
0.0
  0
SEQEND
  5
2A8A
  8
DOCUMENT-LAYER
  0
POLYLINE
  5
1604
  8
DOCUMENT-LAYER
 66
     1
 10
0.0
 20
0.0
 30
0.0
 40
0.1
 41
0.1
  0
VERTEX
  5
2511
  8
DOCUMENT-LAYER
 10
83.7398978917958
 20
113.8131968503937
 30
0.0
  0
VERTEX
  5
2512
  8
DOCUMENT-LAYER
 10
83.7398978917958
 20
113.9630574041148
 30
0.0
  0
SEQEND
  5
2A8B
  8
DOCUMENT-LAYER
  0
POLYLINE
  5
1605
  8
DOCUMENT-LAYER
 66
     1
 10
0.0
 20
0.0
 30
0.0
 40
0.1
 41
0.1
  0
VERTEX
  5
2513
  8
DOCUMENT-LAYER
 10
85.55854508509017
 20
113.6607988315977
 30
0.0
  0
VERTEX
  5
2514
  8
DOCUMENT-LAYER
 10
85.55854508509017
 20
113.9630574041148
 30
0.0
  0
SEQEND
  5
2A8C
  8
DOCUMENT-LAYER
  0
POLYLINE
  5
1606
  8
DOCUMENT-LAYER
 66
     1
 10
0.0
 20
0.0
 30
0.0
 40
0.1
 41
0.1
  0
VERTEX
  5
2515
  8
DOCUMENT-LAYER
 10
-6.723412496824997
 20
41.98519964439929
 30
0.0
  0
VERTEX
  5
2516
  8
DOCUMENT-LAYER
 10
-6.268753111506217
 20
42.13506019812041
 30
0.0
  0
SEQEND
  5
2A8D
  8
DOCUMENT-LAYER
  0
POLYLINE
  5
1607
  8
DOCUMENT-LAYER
 66
     1
 10
0.0
 20
0.0
 30
0.0
 40
0.1
 41
0.1
  0
VERTEX
  5
2517
  8
DOCUMENT-LAYER
 10
-6.723412496824997
 20
40.31895275590552
 30
0.0
  0
VERTEX
  5
2518
  8
DOCUMENT-LAYER
 10
-6.268753111506217
 20
40.46881356362713
 30
0.0
  0
SEQEND
  5
2A8E
  8
DOCUMENT-LAYER
  0
POLYLINE
  5
1608
  8
DOCUMENT-LAYER
 66
     1
 10
0.0
 20
0.0
 30
0.0
 40
0.1
 41
0.1
  0
VERTEX
  5
2519
  8
DOCUMENT-LAYER
 10
-6.421151130302266
 20
48.74162661925325
 30
0.0
  0
VERTEX
  5
251A
  8
DOCUMENT-LAYER
 10
-5.664230632461263
 20
48.89148717297436
 30
0.0
  0
SEQEND
  5
2A8F
  8
DOCUMENT-LAYER
  0
POLYLINE
  5
1609
  8
DOCUMENT-LAYER
 66
     1
 10
0.0
 20
0.0
 30
0.0
 40
0.1
 41
0.1
  0
VERTEX
  5
251B
  8
DOCUMENT-LAYER
 10
97.30440792481586
 20
68.6193929387859
 30
0.0
  0
VERTEX
  5
251C
  8
DOCUMENT-LAYER
 10
97.12440513081027
 20
68.58939293878588
 30
0.0
  0
SEQEND
  5
2A90
  8
DOCUMENT-LAYER
  0
POLYLINE
  5
1610
  8
DOCUMENT-LAYER
 66
     1
 10
0.0
 20
0.0
 30
0.0
 40
0.1
 41
0.1
  0
VERTEX
  5
251D
  8
DOCUMENT-LAYER
 10
179.5429494538989
 20
61.73351181102363
 30
0.0
  0
VERTEX
  5
251E
  8
DOCUMENT-LAYER
 10
181.0593380746762
 20
61.73351181102363
 30
0.0
  0
SEQEND
  5
2A91
  8
DOCUMENT-LAYER
  0
POLYLINE
  5
1611
  8
DOCUMENT-LAYER
 66
     1
 10
0.0
 20
0.0
 30
0.0
 40
0.1
 41
0.1
  0
VERTEX
  5
251F
  8
DOCUMENT-LAYER
 10
179.5429494538989
 20
63.39975590551181
 30
0.0
  0
VERTEX
  5
2520
  8
DOCUMENT-LAYER
 10
181.0593380746762
 20
63.39975590551181
 30
0.0
  0
SEQEND
  5
2A92
  8
DOCUMENT-LAYER
  0
POLYLINE
  5
1612
  8
DOCUMENT-LAYER
 66
     1
 10
0.0
 20
0.0
 30
0.0
 40
0.1
 41
0.1
  0
VERTEX
  5
2521
  8
DOCUMENT-LAYER
 10
0.1793548387096771
 20
63.73312725425452
 30
0.0
  0
VERTEX
  5
2522
  8
DOCUMENT-LAYER
 10
58.56813512827027
 20
63.73312725425452
 30
0.0
  0
SEQEND
  5
2A93
  8
DOCUMENT-LAYER
  0
POLYLINE
  5
1613
  8
DOCUMENT-LAYER
 66
     1
 10
0.0
 20
0.0
 30
0.0
 40
0.1
 41
0.1
  0
VERTEX
  5
2523
  8
DOCUMENT-LAYER
 10
70.34694056388115
 20
63.73312725425452
 30
0.0
  0
VERTEX
  5
2524
  8
DOCUMENT-LAYER
 10
127.7944053848108
 20
63.73312725425452
 30
0.0
  0
SEQEND
  5
2A94
  8
DOCUMENT-LAYER
  0
POLYLINE
  5
1614
  8
DOCUMENT-LAYER
 66
     1
 10
0.0
 20
0.0
 30
0.0
 40
0.1
 41
0.1
  0
VERTEX
  5
2525
  8
DOCUMENT-LAYER
 10
179.5429494538989
 20
65.06600254000509
 30
0.0
  0
VERTEX
  5
2526
  8
DOCUMENT-LAYER
 10
181.663858013716
 20
65.06600254000509
 30
0.0
  0
SEQEND
  5
2A95
  8
DOCUMENT-LAYER
  0
POLYLINE
  5
1615
  8
DOCUMENT-LAYER
 66
     1
 10
0.0
 20
0.0
 30
0.0
 40
0.1
 41
0.1
  0
VERTEX
  5
2527
  8
DOCUMENT-LAYER
 10
179.5429494538989
 20
65.94484607569217
 30
0.0
  0
VERTEX
  5
2528
  8
DOCUMENT-LAYER
 10
181.0593380746762
 20
65.94484607569217
 30
0.0
  0
SEQEND
  5
2A96
  8
DOCUMENT-LAYER
  0
POLYLINE
  5
1616
  8
DOCUMENT-LAYER
 66
     1
 10
0.0
 20
0.0
 30
0.0
 40
0.1
 41
0.1
  0
VERTEX
  5
2529
  8
DOCUMENT-LAYER
 10
179.5429494538989
 20
67.61109271018543
 30
0.0
  0
VERTEX
  5
252A
  8
DOCUMENT-LAYER
 10
181.0593380746762
 20
67.61109271018543
 30
0.0
  0
SEQEND
  5
2A97
  8
DOCUMENT-LAYER
  0
POLYLINE
  5
1617
  8
DOCUMENT-LAYER
 66
     1
 10
0.0
 20
0.0
 30
0.0
 40
0.1
 41
0.1
  0
VERTEX
  5
252B
  8
DOCUMENT-LAYER
 10
0.1793548387096771
 20
77.51554991109982
 30
0.0
  0
VERTEX
  5
252C
  8
DOCUMENT-LAYER
 10
-0.0006431292862519
 20
77.54555016510034
 30
0.0
  0
SEQEND
  5
2A98
  8
DOCUMENT-LAYER
  0
POLYLINE
  5
1618
  8
DOCUMENT-LAYER
 66
     1
 10
0.0
 20
0.0
 30
0.0
 40
0.1
 41
0.1
  0
VERTEX
  5
252D
  8
DOCUMENT-LAYER
 10
0.1793548387096771
 20
81.4564086868174
 30
0.0
  0
VERTEX
  5
252E
  8
DOCUMENT-LAYER
 10
-0.0006431292862519
 20
81.4864089408179
 30
0.0
  0
SEQEND
  5
2A99
  8
DOCUMENT-LAYER
  0
POLYLINE
  5
1619
  8
DOCUMENT-LAYER
 66
     1
 10
0.0
 20
0.0
 30
0.0
 40
0.1
 41
0.1
  0
VERTEX
  5
252F
  8
DOCUMENT-LAYER
 10
86.58724917449837
 20
111.3874871729743
 30
0.0
  0
VERTEX
  5
2530
  8
DOCUMENT-LAYER
 10
86.58724917449837
 20
113.5083982727966
 30
0.0
  0
SEQEND
  5
2A9A
  8
DOCUMENT-LAYER
  0
POLYLINE
  5
1620
  8
DOCUMENT-LAYER
 66
     1
 10
0.0
 20
0.0
 30
0.0
 40
0.1
 41
0.1
  0
VERTEX
  5
2531
  8
DOCUMENT-LAYER
 10
88.25349580899164
 20
111.3874871729743
 30
0.0
  0
VERTEX
  5
2532
  8
DOCUMENT-LAYER
 10
88.25349580899164
 20
112.9038732537465
 30
0.0
  0
SEQEND
  5
2A9B
  8
DOCUMENT-LAYER
  0
POLYLINE
  5
1621
  8
DOCUMENT-LAYER
 66
     1
 10
0.0
 20
0.0
 30
0.0
 40
0.1
 41
0.1
  0
VERTEX
  5
2533
  8
DOCUMENT-LAYER
 10
89.9197424434849
 20
111.3874871729743
 30
0.0
  0
VERTEX
  5
2534
  8
DOCUMENT-LAYER
 10
89.9197424434849
 20
112.9038732537465
 30
0.0
  0
SEQEND
  5
2A9C
  8
DOCUMENT-LAYER
  0
POLYLINE
  5
1622
  8
DOCUMENT-LAYER
 66
     1
 10
0.0
 20
0.0
 30
0.0
 40
0.1
 41
0.1
  0
VERTEX
  5
2535
  8
DOCUMENT-LAYER
 10
90.79858597917196
 20
111.3874871729743
 30
0.0
  0
VERTEX
  5
2536
  8
DOCUMENT-LAYER
 10
90.79858597917196
 20
113.5083982727966
 30
0.0
  0
SEQEND
  5
2A9D
  8
DOCUMENT-LAYER
  0
POLYLINE
  5
1623
  8
DOCUMENT-LAYER
 66
     1
 10
0.0
 20
0.0
 30
0.0
 40
0.1
 41
0.1
  0
VERTEX
  5
2537
  8
DOCUMENT-LAYER
 10
92.46483261366524
 20
111.3874871729743
 30
0.0
  0
VERTEX
  5
2538
  8
DOCUMENT-LAYER
 10
92.46483261366524
 20
112.9038732537465
 30
0.0
  0
SEQEND
  5
2A9E
  8
DOCUMENT-LAYER
  0
POLYLINE
  5
1624
  8
DOCUMENT-LAYER
 66
     1
 10
0.0
 20
0.0
 30
0.0
 40
0.1
 41
0.1
  0
VERTEX
  5
2539
  8
DOCUMENT-LAYER
 10
93.58374015748032
 20
99.82040538481078
 30
0.0
  0
VERTEX
  5
253A
  8
DOCUMENT-LAYER
 10
93.61374015748035
 20
100.0004030988062
 30
0.0
  0
SEQEND
  5
2A9F
  8
DOCUMENT-LAYER
  0
POLYLINE
  5
1625
  8
DOCUMENT-LAYER
 66
     1
 10
0.0
 20
0.0
 30
0.0
 40
0.1
 41
0.1
  0
VERTEX
  5
253B
  8
DOCUMENT-LAYER
 10
93.64374041148085
 20
93.83465303530609
 30
0.0
  0
VERTEX
  5
253C
  8
DOCUMENT-LAYER
 10
93.61374015748035
 20
93.65465252730506
 30
0.0
  0
SEQEND
  5
2AA0
  8
DOCUMENT-LAYER
  0
POLYLINE
  5
1626
  8
DOCUMENT-LAYER
 66
     1
 10
0.0
 20
0.0
 30
0.0
 40
0.1
 41
0.1
  0
VERTEX
  5
253D
  8
DOCUMENT-LAYER
 10
53.52565659131319
 20
-2.368336042672086
 30
0.0
  0
VERTEX
  5
253E
  8
DOCUMENT-LAYER
 10
53.67805715011431
 20
-2.06353213106426
 30
0.0
  0
SEQEND
  5
2AA1
  8
DOCUMENT-LAYER
  0
POLYLINE
  5
1627
  8
DOCUMENT-LAYER
 66
     1
 10
0.0
 20
0.0
 30
0.0
 40
0.1
 41
0.1
  0
VERTEX
  5
253F
  8
DOCUMENT-LAYER
 10
55.19190322580646
 20
-2.972858267716532
 30
0.0
  0
VERTEX
  5
2540
  8
DOCUMENT-LAYER
 10
55.34430632461266
 20
-2.670597155194309
 30
0.0
  0
SEQEND
  5
2AA2
  8
DOCUMENT-LAYER
  0
POLYLINE
  5
1628
  8
DOCUMENT-LAYER
 66
     1
 10
0.0
 20
0.0
 30
0.0
 40
0.1
 41
0.1
  0
VERTEX
  5
2541
  8
DOCUMENT-LAYER
 10
-7.632736093472182
 20
50.71013436626874
 30
0.0
  0
VERTEX
  5
2542
  8
DOCUMENT-LAYER
 10
-6.875815595631193
 20
50.86253492506986
 30
0.0
  0
SEQEND
  5
2AA3
  8
DOCUMENT-LAYER
  0
POLYLINE
  5
1629
  8
DOCUMENT-LAYER
 66
     1
 10
0.0
 20
0.0
 30
0.0
 40
0.1
 41
0.1
  0
VERTEX
  5
2543
  8
DOCUMENT-LAYER
 10
-7.632736093472182
 20
54.89353111506224
 30
0.0
  0
VERTEX
  5
2544
  8
DOCUMENT-LAYER
 10
-6.875815595631193
 20
55.04593167386336
 30
0.0
  0
SEQEND
  5
2AA4
  8
DOCUMENT-LAYER
  0
POLYLINE
  5
1630
  8
DOCUMENT-LAYER
 66
     1
 10
0.0
 20
0.0
 30
0.0
 40
0.1
 41
0.1
  0
VERTEX
  5
2545
  8
DOCUMENT-LAYER
 10
-6.421151130302266
 20
52.92502336804675
 30
0.0
  0
VERTEX
  5
2546
  8
DOCUMENT-LAYER
 10
-5.664230632461263
 20
53.07488392176785
 30
0.0
  0
SEQEND
  5
2AA5
  8
DOCUMENT-LAYER
  0
POLYLINE
  5
1631
  8
DOCUMENT-LAYER
 66
     1
 10
0.0
 20
0.0
 30
0.0
 40
0.1
 41
0.1
  0
VERTEX
  5
2547
  8
DOCUMENT-LAYER
 10
-6.421151130302266
 20
55.92477520955043
 30
0.0
  0
VERTEX
  5
2548
  8
DOCUMENT-LAYER
 10
-5.664230632461263
 20
56.07463601727205
 30
0.0
  0
SEQEND
  5
2AA6
  8
DOCUMENT-LAYER
  0
POLYLINE
  5
1632
  8
DOCUMENT-LAYER
 66
     1
 10
0.0
 20
0.0
 30
0.0
 40
0.1
 41
0.1
  0
VERTEX
  5
2549
  8
DOCUMENT-LAYER
 10
79.25324917449835
 20
73.37362407924817
 30
0.0
  0
VERTEX
  5
254A
  8
DOCUMENT-LAYER
 10
79.07324892049785
 20
73.34362407924817
 30
0.0
  0
SEQEND
  5
2AA7
  8
DOCUMENT-LAYER
  0
POLYLINE
  5
1633
  8
DOCUMENT-LAYER
 66
     1
 10
0.0
 20
0.0
 30
0.0
 40
0.1
 41
0.1
  0
VERTEX
  5
254B
  8
DOCUMENT-LAYER
 10
0.1793548387096771
 20
68.6193929387859
 30
0.0
  0
VERTEX
  5
254C
  8
DOCUMENT-LAYER
 10
44.35258674117348
 20
68.6193929387859
 30
0.0
  0
SEQEND
  5
2AA8
  8
DOCUMENT-LAYER
  0
POLYLINE
  5
1634
  8
DOCUMENT-LAYER
 66
     1
 10
0.0
 20
0.0
 30
0.0
 40
0.1
 41
0.1
  0
VERTEX
  5
254D
  8
DOCUMENT-LAYER
 10
53.83404368808737
 20
68.6193929387859
 30
0.0
  0
VERTEX
  5
254E
  8
DOCUMENT-LAYER
 10
97.12440513081027
 20
68.6193929387859
 30
0.0
  0
SEQEND
  5
2AA9
  8
DOCUMENT-LAYER
  0
POLYLINE
  5
1635
  8
DOCUMENT-LAYER
 66
     1
 10
0.0
 20
0.0
 30
0.0
 40
0.1
 41
0.1
  0
VERTEX
  5
254F
  8
DOCUMENT-LAYER
 10
179.5429494538989
 20
69.27734188468378
 30
0.0
  0
VERTEX
  5
2550
  8
DOCUMENT-LAYER
 10
181.663858013716
 20
69.27734188468378
 30
0.0
  0
SEQEND
  5
2AAA
  8
DOCUMENT-LAYER
  0
POLYLINE
  5
1636
  8
DOCUMENT-LAYER
 66
     1
 10
0.0
 20
0.0
 30
0.0
 40
0.1
 41
0.1
  0
VERTEX
  5
2551
  8
DOCUMENT-LAYER
 10
180.906937515875
 20
70.15618288036578
 30
0.0
  0
VERTEX
  5
2552
  8
DOCUMENT-LAYER
 10
181.3615991871984
 20
70.15618288036578
 30
0.0
  0
SEQEND
  5
2AAB
  8
DOCUMENT-LAYER
  0
POLYLINE
  5
1637
  8
DOCUMENT-LAYER
 66
     1
 10
0.0
 20
0.0
 30
0.0
 40
0.1
 41
0.1
  0
VERTEX
  5
2553
  8
DOCUMENT-LAYER
 10
180.906937515875
 20
72.27709144018289
 30
0.0
  0
VERTEX
  5
2554
  8
DOCUMENT-LAYER
 10
181.3615991871984
 20
72.27709144018289
 30
0.0
  0
SEQEND
  5
2AAC
  8
DOCUMENT-LAYER
  0
POLYLINE
  5
1638
  8
DOCUMENT-LAYER
 66
     1
 10
0.0
 20
0.0
 30
0.0
 40
0.1
 41
0.1
  0
VERTEX
  5
2555
  8
DOCUMENT-LAYER
 10
0.1793548387096771
 20
73.37362407924817
 30
0.0
  0
VERTEX
  5
2556
  8
DOCUMENT-LAYER
 10
35.20837541275083
 20
73.37362407924817
 30
0.0
  0
SEQEND
  5
2AAD
  8
DOCUMENT-LAYER
  0
POLYLINE
  5
1639
  8
DOCUMENT-LAYER
 66
     1
 10
0.0
 20
0.0
 30
0.0
 40
0.1
 41
0.1
  0
VERTEX
  5
2557
  8
DOCUMENT-LAYER
 10
45.11610693421387
 20
73.37362407924817
 30
0.0
  0
VERTEX
  5
2558
  8
DOCUMENT-LAYER
 10
79.07324892049785
 20
73.37362407924817
 30
0.0
  0
SEQEND
  5
2AAE
  8
DOCUMENT-LAYER
  0
POLYLINE
  5
1640
  8
DOCUMENT-LAYER
 66
     1
 10
0.0
 20
0.0
 30
0.0
 40
0.1
 41
0.1
  0
VERTEX
  5
2559
  8
DOCUMENT-LAYER
 10
180.906937515875
 20
74.33958216916434
 30
0.0
  0
VERTEX
  5
255A
  8
DOCUMENT-LAYER
 10
181.663858013716
 20
74.33958216916434
 30
0.0
  0
SEQEND
  5
2AAF
  8
DOCUMENT-LAYER
  0
POLYLINE
  5
1641
  8
DOCUMENT-LAYER
 66
     1
 10
0.0
 20
0.0
 30
0.0
 40
0.1
 41
0.1
  0
VERTEX
  5
255B
  8
DOCUMENT-LAYER
 10
97.12440513081027
 20
68.6493931927864
 30
0.0
  0
VERTEX
  5
255C
  8
DOCUMENT-LAYER
 10
97.30440792481586
 20
68.6193929387859
 30
0.0
  0
SEQEND
  5
2AB0
  8
DOCUMENT-LAYER
  0
POLYLINE
  5
1642
  8
DOCUMENT-LAYER
 66
     1
 10
0.0
 20
0.0
 30
0.0
 40
0.1
 41
0.1
  0
VERTEX
  5
255D
  8
DOCUMENT-LAYER
 10
127.7944053848108
 20
63.76312725425452
 30
0.0
  0
VERTEX
  5
255E
  8
DOCUMENT-LAYER
 10
127.9744058928118
 20
63.73312725425452
 30
0.0
  0
SEQEND
  5
2AB1
  8
DOCUMENT-LAYER
  0
POLYLINE
  5
1643
  8
DOCUMENT-LAYER
 66
     1
 10
0.0
 20
0.0
 30
0.0
 40
0.1
 41
0.1
  0
VERTEX
  5
255F
  8
DOCUMENT-LAYER
 10
0.1793548387096771
 20
85.2723421386843
 30
0.0
  0
VERTEX
  5
2560
  8
DOCUMENT-LAYER
 10
-0.0006431292862519
 20
85.3023423926848
 30
0.0
  0
SEQEND
  5
2AB2
  8
DOCUMENT-LAYER
  0
POLYLINE
  5
1644
  8
DOCUMENT-LAYER
 66
     1
 10
0.0
 20
0.0
 30
0.0
 40
0.1
 41
0.1
  0
VERTEX
  5
2561
  8
DOCUMENT-LAYER
 10
79.07324892049785
 20
73.40362407924817
 30
0.0
  0
VERTEX
  5
2562
  8
DOCUMENT-LAYER
 10
79.25324917449835
 20
73.37362407924817
 30
0.0
  0
SEQEND
  5
2AB3
  8
DOCUMENT-LAYER
  0
POLYLINE
  5
1645
  8
DOCUMENT-LAYER
 66
     1
 10
0.0
 20
0.0
 30
0.0
 40
0.1
 41
0.1
  0
VERTEX
  5
2563
  8
DOCUMENT-LAYER
 10
161.5471221742444
 20
60.18250038100078
 30
0.0
  0
VERTEX
  5
2564
  8
DOCUMENT-LAYER
 10
161.3671219202439
 20
60.21250038100077
 30
0.0
  0
SEQEND
  5
2AB4
  8
DOCUMENT-LAYER
  0
POLYLINE
  5
1646
  8
DOCUMENT-LAYER
 66
     1
 10
0.0
 20
0.0
 30
0.0
 40
0.1
 41
0.1
  0
VERTEX
  5
2565
  8
DOCUMENT-LAYER
 10
63.76791973583948
 20
77.57555016510034
 30
0.0
  0
VERTEX
  5
2566
  8
DOCUMENT-LAYER
 10
63.9479202438405
 20
77.54555016510034
 30
0.0
  0
SEQEND
  5
2AB5
  8
DOCUMENT-LAYER
  0
POLYLINE
  5
1647
  8
DOCUMENT-LAYER
 66
     1
 10
0.0
 20
0.0
 30
0.0
 40
0.1
 41
0.1
  0
VERTEX
  5
2567
  8
DOCUMENT-LAYER
 10
169.0200251460503
 20
60.24250038100077
 30
0.0
  0
VERTEX
  5
2568
  8
DOCUMENT-LAYER
 10
169.2000256540514
 20
60.21250038100077
 30
0.0
  0
SEQEND
  5
2AB6
  8
DOCUMENT-LAYER
  0
POLYLINE
  5
1648
  8
DOCUMENT-LAYER
 66
     1
 10
0.0
 20
0.0
 30
0.0
 40
0.1
 41
0.1
  0
VERTEX
  5
2569
  8
DOCUMENT-LAYER
 10
139.5971696723394
 20
-4.336841249682498
 30
0.0
  0
VERTEX
  5
256A
  8
DOCUMENT-LAYER
 10
139.899428498857
 20
-4.791505715011424
 30
0.0
  0
SEQEND
  5
2AB7
  8
DOCUMENT-LAYER
  0
POLYLINE
  5
1649
  8
DOCUMENT-LAYER
 66
     1
 10
0.0
 20
0.0
 30
0.0
 40
0.1
 41
0.1
  0
VERTEX
  5
256B
  8
DOCUMENT-LAYER
 10
76.7040695961392
 20
112.4492138684277
 30
0.0
  0
VERTEX
  5
256C
  8
DOCUMENT-LAYER
 10
76.85647015494033
 20
111.8421490982982
 30
0.0
  0
SEQEND
  5
2AB8
  8
DOCUMENT-LAYER
  0
POLYLINE
  5
1650
  8
DOCUMENT-LAYER
 66
     1
 10
0.0
 20
0.0
 30
0.0
 40
0.1
 41
0.1
  0
VERTEX
  5
256D
  8
DOCUMENT-LAYER
 10
81.37260833121668
 20
114.1154582169165
 30
0.0
  0
VERTEX
  5
256E
  8
DOCUMENT-LAYER
 10
81.5250088900178
 20
113.5083982727966
 30
0.0
  0
SEQEND
  5
2AB9
  8
DOCUMENT-LAYER
  0
POLYLINE
  5
1651
  8
DOCUMENT-LAYER
 66
     1
 10
0.0
 20
0.0
 30
0.0
 40
0.1
 41
0.1
  0
VERTEX
  5
256F
  8
DOCUMENT-LAYER
 10
93.61374015748035
 20
93.83465303530609
 30
0.0
  0
VERTEX
  5
2570
  8
DOCUMENT-LAYER
 10
93.61374015748035
 20
95.13566497332995
 30
0.0
  0
SEQEND
  5
2ABA
  8
DOCUMENT-LAYER
  0
POLYLINE
  5
1652
  8
DOCUMENT-LAYER
 66
     1
 10
0.0
 20
0.0
 30
0.0
 40
0.1
 41
0.1
  0
VERTEX
  5
2571
  8
DOCUMENT-LAYER
 10
93.61374015748035
 20
97.91753136906276
 30
0.0
  0
VERTEX
  5
2572
  8
DOCUMENT-LAYER
 10
93.61374015748035
 20
99.82040538481078
 30
0.0
  0
SEQEND
  5
2ABB
  8
DOCUMENT-LAYER
  0
POLYLINE
  5
1653
  8
DOCUMENT-LAYER
 66
     1
 10
0.0
 20
0.0
 30
0.0
 40
0.1
 41
0.1
  0
VERTEX
  5
2573
  8
DOCUMENT-LAYER
 10
94.13107924815851
 20
111.3874871729743
 30
0.0
  0
VERTEX
  5
2574
  8
DOCUMENT-LAYER
 10
94.13107924815851
 20
112.9038732537465
 30
0.0
  0
SEQEND
  5
2ABC
  8
DOCUMENT-LAYER
  0
POLYLINE
  5
1654
  8
DOCUMENT-LAYER
 66
     1
 10
0.0
 20
0.0
 30
0.0
 40
0.1
 41
0.1
  0
VERTEX
  5
2575
  8
DOCUMENT-LAYER
 10
97.12440513081027
 20
68.58939293878588
 30
0.0
  0
VERTEX
  5
2576
  8
DOCUMENT-LAYER
 10
97.12440513081027
 20
68.6493931927864
 30
0.0
  0
SEQEND
  5
2ABD
  8
DOCUMENT-LAYER
  0
POLYLINE
  5
1655
  8
DOCUMENT-LAYER
 66
     1
 10
0.0
 20
0.0
 30
0.0
 40
0.1
 41
0.1
  0
VERTEX
  5
2577
  8
DOCUMENT-LAYER
 10
97.30440792481586
 20
68.43939268478537
 30
0.0
  0
VERTEX
  5
2578
  8
DOCUMENT-LAYER
 10
97.30440792481586
 20
93.59215316230633
 30
0.0
  0
SEQEND
  5
2ABE
  8
DOCUMENT-LAYER
  0
POLYLINE
  5
1656
  8
DOCUMENT-LAYER
 66
     1
 10
0.0
 20
0.0
 30
0.0
 40
0.1
 41
0.1
  0
VERTEX
  5
2579
  8
DOCUMENT-LAYER
 10
54.88964185928371
 20
-3.427520193040386
 30
0.0
  0
VERTEX
  5
257A
  8
DOCUMENT-LAYER
 10
55.19190322580646
 20
-2.972858267716532
 30
0.0
  0
SEQEND
  5
2ABF
  8
DOCUMENT-LAYER
  0
POLYLINE
  5
1657
  8
DOCUMENT-LAYER
 66
     1
 10
0.0
 20
0.0
 30
0.0
 40
0.1
 41
0.1
  0
VERTEX
  5
257B
  8
DOCUMENT-LAYER
 10
-7.632736093472182
 20
57.89328575057151
 30
0.0
  0
VERTEX
  5
257C
  8
DOCUMENT-LAYER
 10
-6.875815595631193
 20
58.04568376936755
 30
0.0
  0
SEQEND
  5
2AC0
  8
DOCUMENT-LAYER
  0
POLYLINE
  5
1658
  8
DOCUMENT-LAYER
 66
     1
 10
0.0
 20
0.0
 30
0.0
 40
0.1
 41
0.1
  0
VERTEX
  5
257D
  8
DOCUMENT-LAYER
 10
-0.0006431292862519
 20
63.73312725425452
 30
0.0
  0
VERTEX
  5
257E
  8
DOCUMENT-LAYER
 10
0.1793548387096771
 20
63.76312725425452
 30
0.0
  0
SEQEND
  5
2AC1
  8
DOCUMENT-LAYER
  0
POLYLINE
  5
1659
  8
DOCUMENT-LAYER
 66
     1
 10
0.0
 20
0.0
 30
0.0
 40
0.1
 41
0.1
  0
VERTEX
  5
257F
  8
DOCUMENT-LAYER
 10
63.9479202438405
 20
77.54555016510034
 30
0.0
  0
VERTEX
  5
2580
  8
DOCUMENT-LAYER
 10
63.76791973583948
 20
77.51554991109982
 30
0.0
  0
SEQEND
  5
2AC2
  8
DOCUMENT-LAYER
  0
POLYLINE
  5
1660
  8
DOCUMENT-LAYER
 66
     1
 10
0.0
 20
0.0
 30
0.0
 40
0.1
 41
0.1
  0
VERTEX
  5
2581
  8
DOCUMENT-LAYER
 10
181.663858013716
 20
76.31062763525527
 30
0.0
  0
VERTEX
  5
2582
  8
DOCUMENT-LAYER
 10
181.8162585725172
 20
76.31062763525527
 30
0.0
  0
SEQEND
  5
2AC3
  8
DOCUMENT-LAYER
  0
POLYLINE
  5
1661
  8
DOCUMENT-LAYER
 66
     1
 10
0.0
 20
0.0
 30
0.0
 40
0.1
 41
0.1
  0
VERTEX
  5
2583
  8
DOCUMENT-LAYER
 10
180.4522730505461
 20
77.18947117094235
 30
0.0
  0
VERTEX
  5
2584
  8
DOCUMENT-LAYER
 10
180.7570744221489
 20
77.18947117094235
 30
0.0
  0
SEQEND
  5
2AC4
  8
DOCUMENT-LAYER
  0
POLYLINE
  5
1662
  8
DOCUMENT-LAYER
 66
     1
 10
0.0
 20
0.0
 30
0.0
 40
0.1
 41
0.1
  0
VERTEX
  5
2585
  8
DOCUMENT-LAYER
 10
0.1793548387096771
 20
77.54555016510034
 30
0.0
  0
VERTEX
  5
2586
  8
DOCUMENT-LAYER
 10
27.2132567945136
 20
77.54555016510034
 30
0.0
  0
SEQEND
  5
2AC5
  8
DOCUMENT-LAYER
  0
POLYLINE
  5
1663
  8
DOCUMENT-LAYER
 66
     1
 10
0.0
 20
0.0
 30
0.0
 40
0.1
 41
0.1
  0
VERTEX
  5
2587
  8
DOCUMENT-LAYER
 10
37.16381127762256
 20
77.54555016510034
 30
0.0
  0
VERTEX
  5
2588
  8
DOCUMENT-LAYER
 10
63.76791973583948
 20
77.54555016510034
 30
0.0
  0
SEQEND
  5
2AC6
  8
DOCUMENT-LAYER
  0
POLYLINE
  5
1664
  8
DOCUMENT-LAYER
 66
     1
 10
0.0
 20
0.0
 30
0.0
 40
0.1
 41
0.1
  0
VERTEX
  5
2589
  8
DOCUMENT-LAYER
 10
0.1793548387096771
 20
89.2025049530099
 30
0.0
  0
VERTEX
  5
258A
  8
DOCUMENT-LAYER
 10
-0.0006431292862519
 20
89.23250520701042
 30
0.0
  0
SEQEND
  5
2AC7
  8
DOCUMENT-LAYER
  0
POLYLINE
  5
1665
  8
DOCUMENT-LAYER
 66
     1
 10
0.0
 20
0.0
 30
0.0
 40
0.1
 41
0.1
  0
VERTEX
  5
258B
  8
DOCUMENT-LAYER
 10
46.9061996443993
 20
81.51640894081788
 30
0.0
  0
VERTEX
  5
258C
  8
DOCUMENT-LAYER
 10
47.08619735839472
 20
81.4864089408179
 30
0.0
  0
SEQEND
  5
2AC8
  8
DOCUMENT-LAYER
  0
POLYLINE
  5
1666
  8
DOCUMENT-LAYER
 66
     1
 10
0.0
 20
0.0
 30
0.0
 40
0.1
 41
0.1
  0
VERTEX
  5
258D
  8
DOCUMENT-LAYER
 10
31.46207670815342
 20
85.33234239268481
 30
0.0
  0
VERTEX
  5
258E
  8
DOCUMENT-LAYER
 10
31.64207696215393
 20
85.3023423926848
 30
0.0
  0
SEQEND
  5
2AC9
  8
DOCUMENT-LAYER
  0
POLYLINE
  5
1667
  8
DOCUMENT-LAYER
 66
     1
 10
0.0
 20
0.0
 30
0.0
 40
0.1
 41
0.1
  0
VERTEX
  5
258F
  8
DOCUMENT-LAYER
 10
16.22195478790958
 20
89.26250520701043
 30
0.0
  0
VERTEX
  5
2590
  8
DOCUMENT-LAYER
 10
16.40195504191009
 20
89.23250520701042
 30
0.0
  0
SEQEND
  5
2ACA
  8
DOCUMENT-LAYER
  0
POLYLINE
  5
1668
  8
DOCUMENT-LAYER
 66
     1
 10
0.0
 20
0.0
 30
0.0
 40
0.1
 41
0.1
  0
VERTEX
  5
2591
  8
DOCUMENT-LAYER
 10
179.8483525527051
 20
19.58897993395986
 30
0.0
  0
VERTEX
  5
2592
  8
DOCUMENT-LAYER
 10
180.303014478029
 20
19.28417881635763
 30
0.0
  0
SEQEND
  5
2ACB
  8
DOCUMENT-LAYER
  0
POLYLINE
  5
1669
  8
DOCUMENT-LAYER
 66
     1
 10
0.0
 20
0.0
 30
0.0
 40
0.1
 41
0.1
  0
VERTEX
  5
2593
  8
DOCUMENT-LAYER
 10
141.1110132080264
 20
-1.913671577343159
 30
0.0
  0
VERTEX
  5
2594
  8
DOCUMENT-LAYER
 10
141.4158145796292
 20
-2.368336042672086
 30
0.0
  0
SEQEND
  5
2ACC
  8
DOCUMENT-LAYER
  0
POLYLINE
  5
1670
  8
DOCUMENT-LAYER
 66
     1
 10
0.0
 20
0.0
 30
0.0
 40
0.1
 41
0.1
  0
VERTEX
  5
2595
  8
DOCUMENT-LAYER
 10
132.4114785369571
 20
-4.336841249682498
 30
0.0
  0
VERTEX
  5
2596
  8
DOCUMENT-LAYER
 10
132.5638790957582
 20
-4.639105156210316
 30
0.0
  0
SEQEND
  5
2ACD
  8
DOCUMENT-LAYER
  0
POLYLINE
  5
1671
  8
DOCUMENT-LAYER
 66
     1
 10
0.0
 20
0.0
 30
0.0
 40
0.1
 41
0.1
  0
VERTEX
  5
2597
  8
DOCUMENT-LAYER
 10
79.55396113792229
 20
113.5083982727966
 30
0.0
  0
VERTEX
  5
2598
  8
DOCUMENT-LAYER
 10
79.7063616967234
 20
113.0562738125476
 30
0.0
  0
SEQEND
  5
2ACE
  8
DOCUMENT-LAYER
  0
POLYLINE
  5
1672
  8
DOCUMENT-LAYER
 66
     1
 10
0.0
 20
0.0
 30
0.0
 40
0.1
 41
0.1
  0
VERTEX
  5
2599
  8
DOCUMENT-LAYER
 10
78.52271704343411
 20
112.9038732537465
 30
0.0
  0
VERTEX
  5
259A
  8
DOCUMENT-LAYER
 10
78.6751176022352
 20
112.4492138684277
 30
0.0
  0
SEQEND
  5
2ACF
  8
DOCUMENT-LAYER
  0
POLYLINE
  5
1673
  8
DOCUMENT-LAYER
 66
     1
 10
0.0
 20
0.0
 30
0.0
 40
0.1
 41
0.1
  0
VERTEX
  5
259B
  8
DOCUMENT-LAYER
 10
93.61374015748035
 20
93.65465252730506
 30
0.0
  0
VERTEX
  5
259C
  8
DOCUMENT-LAYER
 10
93.58374015748032
 20
93.83465303530609
 30
0.0
  0
SEQEND
  5
2AD0
  8
DOCUMENT-LAYER
  0
POLYLINE
  5
1674
  8
DOCUMENT-LAYER
 66
     1
 10
0.0
 20
0.0
 30
0.0
 40
0.1
 41
0.1
  0
VERTEX
  5
259D
  8
DOCUMENT-LAYER
 10
93.61374015748035
 20
100.0004030988062
 30
0.0
  0
VERTEX
  5
259E
  8
DOCUMENT-LAYER
 10
93.64374041148085
 20
99.82040538481078
 30
0.0
  0
SEQEND
  5
2AD1
  8
DOCUMENT-LAYER
  0
POLYLINE
  5
1675
  8
DOCUMENT-LAYER
 66
     1
 10
0.0
 20
0.0
 30
0.0
 40
0.1
 41
0.1
  0
VERTEX
  5
259F
  8
DOCUMENT-LAYER
 10
180.7570744221489
 20
77.18947117094235
 30
0.0
  0
VERTEX
  5
25A0
  8
DOCUMENT-LAYER
 10
181.2117386334773
 20
77.34187172974347
 30
0.0
  0
SEQEND
  5
2AD2
  8
DOCUMENT-LAYER
  0
POLYLINE
  5
1676
  8
DOCUMENT-LAYER
 66
     1
 10
0.0
 20
0.0
 30
0.0
 40
0.1
 41
0.1
  0
VERTEX
  5
25A1
  8
DOCUMENT-LAYER
 10
168.4639890779782
 20
110.0548811277623
 30
0.0
  0
VERTEX
  5
25A2
  8
DOCUMENT-LAYER
 10
169.2000256540514
 20
110.2521026162053
 30
0.0
  0
SEQEND
  5
2AD3
  8
DOCUMENT-LAYER
  0
POLYLINE
  5
1677
  8
DOCUMENT-LAYER
 66
     1
 10
0.0
 20
0.0
 30
0.0
 40
0.1
 41
0.1
  0
VERTEX
  5
25A3
  8
DOCUMENT-LAYER
 10
-0.0006431292862519
 20
68.6193929387859
 30
0.0
  0
VERTEX
  5
25A4
  8
DOCUMENT-LAYER
 10
0.1793548387096771
 20
68.6493931927864
 30
0.0
  0
SEQEND
  5
2AD4
  8
DOCUMENT-LAYER
  0
POLYLINE
  5
1678
  8
DOCUMENT-LAYER
 66
     1
 10
0.0
 20
0.0
 30
0.0
 40
0.1
 41
0.1
  0
VERTEX
  5
25A5
  8
DOCUMENT-LAYER
 10
-0.0006431292862519
 20
73.37362407924817
 30
0.0
  0
VERTEX
  5
25A6
  8
DOCUMENT-LAYER
 10
0.1793548387096771
 20
73.40362407924817
 30
0.0
  0
SEQEND
  5
2AD5
  8
DOCUMENT-LAYER
  0
POLYLINE
  5
1679
  8
DOCUMENT-LAYER
 66
     1
 10
0.0
 20
0.0
 30
0.0
 40
0.1
 41
0.1
  0
VERTEX
  5
25A7
  8
DOCUMENT-LAYER
 10
47.08619735839472
 20
81.4864089408179
 30
0.0
  0
VERTEX
  5
25A8
  8
DOCUMENT-LAYER
 10
46.9061996443993
 20
81.4564086868174
 30
0.0
  0
SEQEND
  5
2AD6
  8
DOCUMENT-LAYER
  0
POLYLINE
  5
1680
  8
DOCUMENT-LAYER
 66
     1
 10
0.0
 20
0.0
 30
0.0
 40
0.1
 41
0.1
  0
VERTEX
  5
25A9
  8
DOCUMENT-LAYER
 10
0.1793548387096771
 20
81.4864089408179
 30
0.0
  0
VERTEX
  5
25AA
  8
DOCUMENT-LAYER
 10
19.44067970535941
 20
81.4864089408179
 30
0.0
  0
SEQEND
  5
2AD7
  8
DOCUMENT-LAYER
  0
POLYLINE
  5
1681
  8
DOCUMENT-LAYER
 66
     1
 10
0.0
 20
0.0
 30
0.0
 40
0.1
 41
0.1
  0
VERTEX
  5
25AB
  8
DOCUMENT-LAYER
 10
28.97046786893575
 20
81.4864089408179
 30
0.0
  0
VERTEX
  5
25AC
  8
DOCUMENT-LAYER
 10
46.9061996443993
 20
81.4864089408179
 30
0.0
  0
SEQEND
  5
2AD8
  8
DOCUMENT-LAYER
  0
POLYLINE
  5
1682
  8
DOCUMENT-LAYER
 66
     1
 10
0.0
 20
0.0
 30
0.0
 40
0.1
 41
0.1
  0
VERTEX
  5
25AD
  8
DOCUMENT-LAYER
 10
0.1793548387096771
 20
85.3023423926848
 30
0.0
  0
VERTEX
  5
25AE
  8
DOCUMENT-LAYER
 10
11.89099491998984
 20
85.3023423926848
 30
0.0
  0
SEQEND
  5
2AD9
  8
DOCUMENT-LAYER
  0
POLYLINE
  5
1683
  8
DOCUMENT-LAYER
 66
     1
 10
0.0
 20
0.0
 30
0.0
 40
0.1
 41
0.1
  0
VERTEX
  5
25AF
  8
DOCUMENT-LAYER
 10
19.53302082804166
 20
85.3023423926848
 30
0.0
  0
VERTEX
  5
25B0
  8
DOCUMENT-LAYER
 10
31.46207670815342
 20
85.3023423926848
 30
0.0
  0
SEQEND
  5
2ADA
  8
DOCUMENT-LAYER
  0
POLYLINE
  5
1684
  8
DOCUMENT-LAYER
 66
     1
 10
0.0
 20
0.0
 30
0.0
 40
0.1
 41
0.1
  0
VERTEX
  5
25B1
  8
DOCUMENT-LAYER
 10
155.7550609601219
 20
88.07610972821946
 30
0.0
  0
VERTEX
  5
25B2
  8
DOCUMENT-LAYER
 10
161.3643380746762
 20
88.07610972821946
 30
0.0
  0
SEQEND
  5
2ADB
  8
DOCUMENT-LAYER
  0
POLYLINE
  5
1685
  8
DOCUMENT-LAYER
 66
     1
 10
0.0
 20
0.0
 30
0.0
 40
0.1
 41
0.1
  0
VERTEX
  5
25B3
  8
DOCUMENT-LAYER
 10
-0.0006431292862519
 20
110.2521026162053
 30
0.0
  0
VERTEX
  5
25B4
  8
DOCUMENT-LAYER
 10
0.7353934467868914
 20
110.0548811277623
 30
0.0
  0
SEQEND
  5
2ADC
  8
DOCUMENT-LAYER
  0
POLYLINE
  5
1686
  8
DOCUMENT-LAYER
 66
     1
 10
0.0
 20
0.0
 30
0.0
 40
0.1
 41
0.1
  0
VERTEX
  5
25B5
  8
DOCUMENT-LAYER
 10
182.2715222250445
 20
21.10282600965202
 30
0.0
  0
VERTEX
  5
25B6
  8
DOCUMENT-LAYER
 10
182.7261841503683
 20
20.80056489712979
 30
0.0
  0
SEQEND
  5
2ADD
  8
DOCUMENT-LAYER
  0
POLYLINE
  5
1687
  8
DOCUMENT-LAYER
 66
     1
 10
0.0
 20
0.0
 30
0.0
 40
0.1
 41
0.1
  0
VERTEX
  5
25B7
  8
DOCUMENT-LAYER
 10
179.8483525527051
 20
23.77237668275338
 30
0.0
  0
VERTEX
  5
25B8
  8
DOCUMENT-LAYER
 10
180.303014478029
 20
23.47011557023114
 30
0.0
  0
SEQEND
  5
2ADE
  8
DOCUMENT-LAYER
  0
POLYLINE
  5
1688
  8
DOCUMENT-LAYER
 66
     1
 10
0.0
 20
0.0
 30
0.0
 40
0.1
 41
0.1
  0
VERTEX
  5
25B9
  8
DOCUMENT-LAYER
 10
78.37031623063248
 20
114.4177193294387
 30
0.0
  0
VERTEX
  5
25BA
  8
DOCUMENT-LAYER
 10
78.52271704343411
 20
114.1154582169165
 30
0.0
  0
SEQEND
  5
2ADF
  8
DOCUMENT-LAYER
  0
POLYLINE
  5
1689
  8
DOCUMENT-LAYER
 66
     1
 10
0.0
 20
0.0
 30
0.0
 40
0.1
 41
0.1
  0
VERTEX
  5
25BB
  8
DOCUMENT-LAYER
 10
79.7063616967234
 20
111.8421490982982
 30
0.0
  0
VERTEX
  5
25BC
  8
DOCUMENT-LAYER
 10
79.85876225552452
 20
111.5398877317755
 30
0.0
  0
SEQEND
  5
2AE0
  8
DOCUMENT-LAYER
  0
POLYLINE
  5
1690
  8
DOCUMENT-LAYER
 66
     1
 10
0.0
 20
0.0
 30
0.0
 40
0.1
 41
0.1
  0
VERTEX
  5
25BD
  8
DOCUMENT-LAYER
 10
137.0774798069596
 20
-1.913671577343159
 30
0.0
  0
VERTEX
  5
25BE
  8
DOCUMENT-LAYER
 10
137.2298778257556
 20
-2.215935229870456
 30
0.0
  0
SEQEND
  5
2AE1
  8
DOCUMENT-LAYER
  0
POLYLINE
  5
1691
  8
DOCUMENT-LAYER
 66
     1
 10
0.0
 20
0.0
 30
0.0
 40
0.1
 41
0.1
  0
VERTEX
  5
25BF
  8
DOCUMENT-LAYER
 10
85.40614452628908
 20
114.2678587757176
 30
0.0
  0
VERTEX
  5
25C0
  8
DOCUMENT-LAYER
 10
85.55854508509017
 20
113.9630574041148
 30
0.0
  0
SEQEND
  5
2AE2
  8
DOCUMENT-LAYER
  0
POLYLINE
  5
1692
  8
DOCUMENT-LAYER
 66
     1
 10
0.0
 20
0.0
 30
0.0
 40
0.1
 41
0.1
  0
VERTEX
  5
25C1
  8
DOCUMENT-LAYER
 10
88.10363525527052
 20
113.3585377190754
 30
0.0
  0
VERTEX
  5
25C2
  8
DOCUMENT-LAYER
 10
88.25349580899164
 20
112.9038732537465
 30
0.0
  0
SEQEND
  5
2AE3
  8
DOCUMENT-LAYER
  0
POLYLINE
  5
1693
  8
DOCUMENT-LAYER
 66
     1
 10
0.0
 20
0.0
 30
0.0
 40
0.1
 41
0.1
  0
VERTEX
  5
25C3
  8
DOCUMENT-LAYER
 10
89.7698818897638
 20
113.3585377190754
 30
0.0
  0
VERTEX
  5
25C4
  8
DOCUMENT-LAYER
 10
89.9197424434849
 20
112.9038732537465
 30
0.0
  0
SEQEND
  5
2AE4
  8
DOCUMENT-LAYER
  0
POLYLINE
  5
1694
  8
DOCUMENT-LAYER
 66
     1
 10
0.0
 20
0.0
 30
0.0
 40
0.1
 41
0.1
  0
VERTEX
  5
25C5
  8
DOCUMENT-LAYER
 10
92.31497205994413
 20
113.3585377190754
 30
0.0
  0
VERTEX
  5
25C6
  8
DOCUMENT-LAYER
 10
92.46483261366524
 20
112.9038732537465
 30
0.0
  0
SEQEND
  5
2AE5
  8
DOCUMENT-LAYER
  0
POLYLINE
  5
1695
  8
DOCUMENT-LAYER
 66
     1
 10
0.0
 20
0.0
 30
0.0
 40
0.1
 41
0.1
  0
VERTEX
  5
25C7
  8
DOCUMENT-LAYER
 10
111.1997978155956
 20
-8.619300990601984
 30
0.0
  0
VERTEX
  5
25C8
  8
DOCUMENT-LAYER
 10
111.1997978155956
 20
2.500005080010155
 30
0.0
  0
SEQEND
  5
2AE6
  8
DOCUMENT-LAYER
  0
POLYLINE
  5
1696
  8
DOCUMENT-LAYER
 66
     1
 10
0.0
 20
0.0
 30
0.0
 40
0.1
 41
0.1
  0
VERTEX
  5
25C9
  8
DOCUMENT-LAYER
 10
113.1998018796038
 20
-8.619300990601984
 30
0.0
  0
VERTEX
  5
25CA
  8
DOCUMENT-LAYER
 10
113.1998018796038
 20
2.500005080010155
 30
0.0
  0
SEQEND
  5
2AE7
  8
DOCUMENT-LAYER
  0
POLYLINE
  5
1697
  8
DOCUMENT-LAYER
 66
     1
 10
0.0
 20
0.0
 30
0.0
 40
0.1
 41
0.1
  0
VERTEX
  5
25CB
  8
DOCUMENT-LAYER
 10
49.22288188976378
 20
-2.215935229870456
 30
0.0
  0
VERTEX
  5
25CC
  8
DOCUMENT-LAYER
 10
49.67500101600204
 20
-1.76127355854711
 30
0.0
  0
SEQEND
  5
2AE8
  8
DOCUMENT-LAYER
  0
POLYLINE
  5
1698
  8
DOCUMENT-LAYER
 66
     1
 10
0.0
 20
0.0
 30
0.0
 40
0.1
 41
0.1
  0
VERTEX
  5
25CD
  8
DOCUMENT-LAYER
 10
50.85864592329185
 20
-2.215935229870456
 30
0.0
  0
VERTEX
  5
25CE
  8
DOCUMENT-LAYER
 10
51.31076758953519
 20
-1.76127355854711
 30
0.0
  0
SEQEND
  5
2AE9
  8
DOCUMENT-LAYER
  0
POLYLINE
  5
1699
  8
DOCUMENT-LAYER
 66
     1
 10
0.0
 20
0.0
 30
0.0
 40
0.1
 41
0.1
  0
VERTEX
  5
25CF
  8
DOCUMENT-LAYER
 10
47.58457277114555
 20
-2.215935229870456
 30
0.0
  0
VERTEX
  5
25D0
  8
DOCUMENT-LAYER
 10
48.03923723647448
 20
-1.76127355854711
 30
0.0
  0
SEQEND
  5
2AEA
  8
DOCUMENT-LAYER
  0
POLYLINE
  5
1700
  8
DOCUMENT-LAYER
 66
     1
 10
0.0
 20
0.0
 30
0.0
 40
0.1
 41
0.1
  0
VERTEX
  5
25D1
  8
DOCUMENT-LAYER
 10
53.67805715011431
 20
-2.06353213106426
 30
0.0
  0
VERTEX
  5
25D2
  8
DOCUMENT-LAYER
 10
53.82791770383542
 20
-1.913671577343159
 30
0.0
  0
SEQEND
  5
2AEB
  8
DOCUMENT-LAYER
  0
POLYLINE
  5
1701
  8
DOCUMENT-LAYER
 66
     1
 10
0.0
 20
0.0
 30
0.0
 40
0.1
 41
0.1
  0
VERTEX
  5
25D3
  8
DOCUMENT-LAYER
 10
52.18961112522226
 20
-4.336841249682498
 30
0.0
  0
VERTEX
  5
25D4
  8
DOCUMENT-LAYER
 10
52.34201168402338
 20
-4.184443230886463
 30
0.0
  0
SEQEND
  5
2AEC
  8
DOCUMENT-LAYER
  0
POLYLINE
  5
1702
  8
DOCUMENT-LAYER
 66
     1
 10
0.0
 20
0.0
 30
0.0
 40
0.1
 41
0.1
  0
VERTEX
  5
25D5
  8
DOCUMENT-LAYER
 10
52.34201168402338
 20
-4.48924180848362
 30
0.0
  0
VERTEX
  5
25D6
  8
DOCUMENT-LAYER
 10
52.49441249682499
 20
-4.336841249682498
 30
0.0
  0
SEQEND
  5
2AED
  8
DOCUMENT-LAYER
  0
POLYLINE
  5
1703
  8
DOCUMENT-LAYER
 66
     1
 10
0.0
 20
0.0
 30
0.0
 40
0.1
 41
0.1
  0
VERTEX
  5
25D7
  8
DOCUMENT-LAYER
 10
53.37325603251206
 20
-4.943906273812547
 30
0.0
  0
VERTEX
  5
25D8
  8
DOCUMENT-LAYER
 10
54.88964185928371
 20
-3.427520193040386
 30
0.0
  0
SEQEND
  5
2AEE
  8
DOCUMENT-LAYER
  0
POLYLINE
  5
1704
  8
DOCUMENT-LAYER
 66
     1
 10
0.0
 20
0.0
 30
0.0
 40
0.1
 41
0.1
  0
VERTEX
  5
25D9
  8
DOCUMENT-LAYER
 10
181.2117386334773
 20
76.15822707645417
 30
0.0
  0
VERTEX
  5
25DA
  8
DOCUMENT-LAYER
 10
181.663858013716
 20
76.31062763525527
 30
0.0
  0
SEQEND
  5
2AEF
  8
DOCUMENT-LAYER
  0
POLYLINE
  5
1705
  8
DOCUMENT-LAYER
 66
     1
 10
0.0
 20
0.0
 30
0.0
 40
0.1
 41
0.1
  0
VERTEX
  5
25DB
  8
DOCUMENT-LAYER
 10
169.2000256540514
 20
104.2306657353315
 30
0.0
  0
VERTEX
  5
25DC
  8
DOCUMENT-LAYER
 10
169.0200251460503
 20
104.200665481331
 30
0.0
  0
SEQEND
  5
2AF0
  8
DOCUMENT-LAYER
  0
POLYLINE
  5
1706
  8
DOCUMENT-LAYER
 66
     1
 10
0.0
 20
0.0
 30
0.0
 40
0.1
 41
0.1
  0
VERTEX
  5
25DD
  8
DOCUMENT-LAYER
 10
161.2516479552959
 20
104.2306657353315
 30
0.0
  0
VERTEX
  5
25DE
  8
DOCUMENT-LAYER
 10
161.4316482092964
 20
104.2606657353315
 30
0.0
  0
SEQEND
  5
2AF1
  8
DOCUMENT-LAYER
  0
POLYLINE
  5
1707
  8
DOCUMENT-LAYER
 66
     1
 10
0.0
 20
0.0
 30
0.0
 40
0.1
 41
0.1
  0
VERTEX
  5
25DF
  8
DOCUMENT-LAYER
 10
-0.0006431292862519
 20
77.54555016510034
 30
0.0
  0
VERTEX
  5
25E0
  8
DOCUMENT-LAYER
 10
0.1793548387096771
 20
77.57555016510034
 30
0.0
  0
SEQEND
  5
2AF2
  8
DOCUMENT-LAYER
  0
POLYLINE
  5
1708
  8
DOCUMENT-LAYER
 66
     1
 10
0.0
 20
0.0
 30
0.0
 40
0.1
 41
0.1
  0
VERTEX
  5
25E1
  8
DOCUMENT-LAYER
 10
31.64207696215393
 20
85.3023423926848
 30
0.0
  0
VERTEX
  5
25E2
  8
DOCUMENT-LAYER
 10
31.46207670815342
 20
85.2723421386843
 30
0.0
  0
SEQEND
  5
2AF3
  8
DOCUMENT-LAYER
  0
POLYLINE
  5
1709
  8
DOCUMENT-LAYER
 66
     1
 10
0.0
 20
0.0
 30
0.0
 40
0.1
 41
0.1
  0
VERTEX
  5
25E3
  8
DOCUMENT-LAYER
 10
155.9050612141224
 20
88.25610998221998
 30
0.0
  0
VERTEX
  5
25E4
  8
DOCUMENT-LAYER
 10
155.9650612141224
 20
88.25610998221998
 30
0.0
  0
SEQEND
  5
2AF4
  8
DOCUMENT-LAYER
  0
POLYLINE
  5
1710
  8
DOCUMENT-LAYER
 66
     1
 10
0.0
 20
0.0
 30
0.0
 40
0.1
 41
0.1
  0
VERTEX
  5
25E5
  8
DOCUMENT-LAYER
 10
0.1793548387096771
 20
89.23250520701042
 30
0.0
  0
VERTEX
  5
25E6
  8
DOCUMENT-LAYER
 10
5.39176987553975
 20
89.23250520701042
 30
0.0
  0
SEQEND
  5
2AF5
  8
DOCUMENT-LAYER
  0
POLYLINE
  5
1711
  8
DOCUMENT-LAYER
 66
     1
 10
0.0
 20
0.0
 30
0.0
 40
0.1
 41
0.1
  0
VERTEX
  5
25E7
  8
DOCUMENT-LAYER
 10
12.82306629413259
 20
89.23250520701042
 30
0.0
  0
VERTEX
  5
25E8
  8
DOCUMENT-LAYER
 10
16.22195478790958
 20
89.23250520701042
 30
0.0
  0
SEQEND
  5
2AF6
  8
DOCUMENT-LAYER
  0
POLYLINE
  5
1712
  8
DOCUMENT-LAYER
 66
     1
 10
0.0
 20
0.0
 30
0.0
 40
0.1
 41
0.1
  0
VERTEX
  5
25E9
  8
DOCUMENT-LAYER
 10
123.9903441706884
 20
89.9708503937008
 30
0.0
  0
VERTEX
  5
25EA
  8
DOCUMENT-LAYER
 10
127.9119037338075
 20
89.9708503937008
 30
0.0
  0
SEQEND
  5
2AF7
  8
DOCUMENT-LAYER
  0
POLYLINE
  5
1713
  8
DOCUMENT-LAYER
 66
     1
 10
0.0
 20
0.0
 30
0.0
 40
0.1
 41
0.1
  0
VERTEX
  5
25EB
  8
DOCUMENT-LAYER
 10
124.1403444246889
 20
90.15085090170182
 30
0.0
  0
VERTEX
  5
25EC
  8
DOCUMENT-LAYER
 10
124.2003444246889
 20
90.15085090170182
 30
0.0
  0
SEQEND
  5
2AF8
  8
DOCUMENT-LAYER
  0
POLYLINE
  5
1714
  8
DOCUMENT-LAYER
 66
     1
 10
0.0
 20
0.0
 30
0.0
 40
0.1
 41
0.1
  0
VERTEX
  5
25ED
  8
DOCUMENT-LAYER
 10
12.62369773939548
 20
92.38804597409197
 30
0.0
  0
VERTEX
  5
25EE
  8
DOCUMENT-LAYER
 10
16.33945313690629
 20
92.38804597409197
 30
0.0
  0
SEQEND
  5
2AF9
  8
DOCUMENT-LAYER
  0
POLYLINE
  5
1715
  8
DOCUMENT-LAYER
 66
     1
 10
0.0
 20
0.0
 30
0.0
 40
0.1
 41
0.1
  0
VERTEX
  5
25EF
  8
DOCUMENT-LAYER
 10
12.7736954533909
 20
92.56804648209297
 30
0.0
  0
VERTEX
  5
25F0
  8
DOCUMENT-LAYER
 10
12.8336954533909
 20
92.56804648209297
 30
0.0
  0
SEQEND
  5
2AFA
  8
DOCUMENT-LAYER
  0
POLYLINE
  5
1716
  8
DOCUMENT-LAYER
 66
     1
 10
0.0
 20
0.0
 30
0.0
 40
0.1
 41
0.1
  0
VERTEX
  5
25F1
  8
DOCUMENT-LAYER
 10
93.4337399034798
 20
93.65465252730506
 30
0.0
  0
VERTEX
  5
25F2
  8
DOCUMENT-LAYER
 10
97.24190601981206
 20
93.65465252730506
 30
0.0
  0
SEQEND
  5
2AFB
  8
DOCUMENT-LAYER
  0
POLYLINE
  5
1717
  8
DOCUMENT-LAYER
 66
     1
 10
0.0
 20
0.0
 30
0.0
 40
0.1
 41
0.1
  0
VERTEX
  5
25F3
  8
DOCUMENT-LAYER
 10
93.58374015748032
 20
93.83465303530609
 30
0.0
  0
VERTEX
  5
25F4
  8
DOCUMENT-LAYER
 10
93.64374041148085
 20
93.83465303530609
 30
0.0
  0
SEQEND
  5
2AFC
  8
DOCUMENT-LAYER
  0
POLYLINE
  5
1718
  8
DOCUMENT-LAYER
 66
     1
 10
0.0
 20
0.0
 30
0.0
 40
0.1
 41
0.1
  0
VERTEX
  5
25F5
  8
DOCUMENT-LAYER
 10
181.3615991871984
 20
79.15797891795785
 30
0.0
  0
VERTEX
  5
25F6
  8
DOCUMENT-LAYER
 10
182.7255847091695
 20
79.00811836423674
 30
0.0
  0
SEQEND
  5
2AFD
  8
DOCUMENT-LAYER
  0
POLYLINE
  5
1719
  8
DOCUMENT-LAYER
 66
     1
 10
0.0
 20
0.0
 30
0.0
 40
0.1
 41
0.1
  0
VERTEX
  5
25F7
  8
DOCUMENT-LAYER
 10
-0.1679077978155909
 20
105.0709441198883
 30
0.0
  0
VERTEX
  5
25F8
  8
DOCUMENT-LAYER
 10
0.0120924561849188
 20
105.0409441198883
 30
0.0
  0
SEQEND
  5
2AFE
  8
DOCUMENT-LAYER
  0
POLYLINE
  5
1720
  8
DOCUMENT-LAYER
 66
     1
 10
0.0
 20
0.0
 30
0.0
 40
0.1
 41
0.1
  0
VERTEX
  5
25F9
  8
DOCUMENT-LAYER
 10
5.006755905511807
 20
105.0109441198882
 30
0.0
  0
VERTEX
  5
25FA
  8
DOCUMENT-LAYER
 10
4.82675539751079
 20
105.0409441198883
 30
0.0
  0
SEQEND
  5
2AFF
  8
DOCUMENT-LAYER
  0
POLYLINE
  5
1721
  8
DOCUMENT-LAYER
 66
     1
 10
0.0
 20
0.0
 30
0.0
 40
0.1
 41
0.1
  0
VERTEX
  5
25FB
  8
DOCUMENT-LAYER
 10
180.150014478029
 20
70.30604368808739
 30
0.0
  0
VERTEX
  5
25FC
  8
DOCUMENT-LAYER
 10
180.906937515875
 20
70.15618288036578
 30
0.0
  0
SEQEND
  5
2B00
  8
DOCUMENT-LAYER
  0
POLYLINE
  5
1722
  8
DOCUMENT-LAYER
 66
     1
 10
0.0
 20
0.0
 30
0.0
 40
0.1
 41
0.1
  0
VERTEX
  5
25FD
  8
DOCUMENT-LAYER
 10
181.3615991871984
 20
72.27709144018289
 30
0.0
  0
VERTEX
  5
25FE
  8
DOCUMENT-LAYER
 10
182.1185196850394
 20
72.12469088138177
 30
0.0
  0
SEQEND
  5
2B01
  8
DOCUMENT-LAYER
  0
POLYLINE
  5
1723
  8
DOCUMENT-LAYER
 66
     1
 10
0.0
 20
0.0
 30
0.0
 40
0.1
 41
0.1
  0
VERTEX
  5
25FF
  8
DOCUMENT-LAYER
 10
180.150014478029
 20
74.49198044196089
 30
0.0
  0
VERTEX
  5
2600
  8
DOCUMENT-LAYER
 10
180.906937515875
 20
74.33958216916434
 30
0.0
  0
SEQEND
  5
2B02
  8
DOCUMENT-LAYER
  0
POLYLINE
  5
1724
  8
DOCUMENT-LAYER
 66
     1
 10
0.0
 20
0.0
 30
0.0
 40
0.1
 41
0.1
  0
VERTEX
  5
2601
  8
DOCUMENT-LAYER
 10
181.6669974599949
 20
27.22933045466091
 30
0.0
  0
VERTEX
  5
2602
  8
DOCUMENT-LAYER
 10
182.8785847091694
 20
26.32000685801372
 30
0.0
  0
SEQEND
  5
2B03
  8
DOCUMENT-LAYER
  0
POLYLINE
  5
1725
  8
DOCUMENT-LAYER
 66
     1
 10
0.0
 20
0.0
 30
0.0
 40
0.1
 41
0.1
  0
VERTEX
  5
2603
  8
DOCUMENT-LAYER
 10
76.85647015494033
 20
111.8421490982982
 30
0.0
  0
VERTEX
  5
2604
  8
DOCUMENT-LAYER
 10
77.15873152146304
 20
111.5398877317755
 30
0.0
  0
SEQEND
  5
2B04
  8
DOCUMENT-LAYER
  0
POLYLINE
  5
1726
  8
DOCUMENT-LAYER
 66
     1
 10
0.0
 20
0.0
 30
0.0
 40
0.1
 41
0.1
  0
VERTEX
  5
2605
  8
DOCUMENT-LAYER
 10
78.22045567691137
 20
113.2061369062738
 30
0.0
  0
VERTEX
  5
2606
  8
DOCUMENT-LAYER
 10
78.52271704343411
 20
112.9038732537465
 30
0.0
  0
SEQEND
  5
2B05
  8
DOCUMENT-LAYER
  0
POLYLINE
  5
1727
  8
DOCUMENT-LAYER
 66
     1
 10
0.0
 20
0.0
 30
0.0
 40
0.1
 41
0.1
  0
VERTEX
  5
2607
  8
DOCUMENT-LAYER
 10
134.3799888239776
 20
-3.27511709423419
 30
0.0
  0
VERTEX
  5
2608
  8
DOCUMENT-LAYER
 10
134.5323896367793
 20
-3.729781305562609
 30
0.0
  0
SEQEND
  5
2B06
  8
DOCUMENT-LAYER
  0
POLYLINE
  5
1728
  8
DOCUMENT-LAYER
 66
     1
 10
0.0
 20
0.0
 30
0.0
 40
0.1
 41
0.1
  0
VERTEX
  5
2609
  8
DOCUMENT-LAYER
 10
137.2298778257556
 20
-3.427520193040386
 30
0.0
  0
VERTEX
  5
260A
  8
DOCUMENT-LAYER
 10
137.3822783845568
 20
-3.88218211836424
 30
0.0
  0
SEQEND
  5
2B07
  8
DOCUMENT-LAYER
  0
POLYLINE
  5
1729
  8
DOCUMENT-LAYER
 66
     1
 10
0.0
 20
0.0
 30
0.0
 40
0.1
 41
0.1
  0
VERTEX
  5
260B
  8
DOCUMENT-LAYER
 10
93.9812186944374
 20
113.3585377190754
 30
0.0
  0
VERTEX
  5
260C
  8
DOCUMENT-LAYER
 10
94.13107924815851
 20
112.9038732537465
 30
0.0
  0
SEQEND
  5
2B08
  8
DOCUMENT-LAYER
  0
POLYLINE
  5
1730
  8
DOCUMENT-LAYER
 66
     1
 10
0.0
 20
0.0
 30
0.0
 40
0.1
 41
0.1
  0
VERTEX
  5
260D
  8
DOCUMENT-LAYER
 10
124.1403444246889
 20
99.82040538481078
 30
0.0
  0
VERTEX
  5
260E
  8
DOCUMENT-LAYER
 10
124.1703444246889
 20
100.0004030988062
 30
0.0
  0
SEQEND
  5
2B09
  8
DOCUMENT-LAYER
  0
POLYLINE
  5
1731
  8
DOCUMENT-LAYER
 66
     1
 10
0.0
 20
0.0
 30
0.0
 40
0.1
 41
0.1
  0
VERTEX
  5
260F
  8
DOCUMENT-LAYER
 10
124.2003444246889
 20
90.15085090170182
 30
0.0
  0
VERTEX
  5
2610
  8
DOCUMENT-LAYER
 10
124.1703444246889
 20
89.9708503937008
 30
0.0
  0
SEQEND
  5
2B0A
  8
DOCUMENT-LAYER
  0
POLYLINE
  5
1732
  8
DOCUMENT-LAYER
 66
     1
 10
0.0
 20
0.0
 30
0.0
 40
0.1
 41
0.1
  0
VERTEX
  5
2611
  8
DOCUMENT-LAYER
 10
56.37300787401575
 20
-3.427520193040386
 30
0.0
  0
VERTEX
  5
2612
  8
DOCUMENT-LAYER
 10
56.82767233934469
 20
-2.972858267716532
 30
0.0
  0
SEQEND
  5
2B0B
  8
DOCUMENT-LAYER
  0
POLYLINE
  5
1733
  8
DOCUMENT-LAYER
 66
     1
 10
0.0
 20
0.0
 30
0.0
 40
0.1
 41
0.1
  0
VERTEX
  5
2613
  8
DOCUMENT-LAYER
 10
58.0392570485141
 20
-3.427520193040386
 30
0.0
  0
VERTEX
  5
2614
  8
DOCUMENT-LAYER
 10
58.49391643383289
 20
-2.972858267716532
 30
0.0
  0
SEQEND
  5
2B0C
  8
DOCUMENT-LAYER
  0
POLYLINE
  5
1734
  8
DOCUMENT-LAYER
 66
     1
 10
0.0
 20
0.0
 30
0.0
 40
0.1
 41
0.1
  0
VERTEX
  5
2615
  8
DOCUMENT-LAYER
 10
60.58434721869445
 20
-3.427520193040386
 30
0.0
  0
VERTEX
  5
2616
  8
DOCUMENT-LAYER
 10
61.03900660401321
 20
-2.972858267716532
 30
0.0
  0
SEQEND
  5
2B0D
  8
DOCUMENT-LAYER
  0
POLYLINE
  5
1735
  8
DOCUMENT-LAYER
 66
     1
 10
0.0
 20
0.0
 30
0.0
 40
0.1
 41
0.1
  0
VERTEX
  5
2617
  8
DOCUMENT-LAYER
 10
62.25059385318772
 20
-3.427520193040386
 30
0.0
  0
VERTEX
  5
2618
  8
DOCUMENT-LAYER
 10
62.70525323850649
 20
-2.972858267716532
 30
0.0
  0
SEQEND
  5
2B0E
  8
DOCUMENT-LAYER
  0
POLYLINE
  5
1736
  8
DOCUMENT-LAYER
 66
     1
 10
0.0
 20
0.0
 30
0.0
 40
0.1
 41
0.1
  0
VERTEX
  5
2619
  8
DOCUMENT-LAYER
 10
179.8477531115063
 20
79.15797891795785
 30
0.0
  0
VERTEX
  5
261A
  8
DOCUMENT-LAYER
 10
180.150014478029
 20
79.31037947675895
 30
0.0
  0
SEQEND
  5
2B0F
  8
DOCUMENT-LAYER
  0
POLYLINE
  5
1737
  8
DOCUMENT-LAYER
 66
     1
 10
0.0
 20
0.0
 30
0.0
 40
0.1
 41
0.1
  0
VERTEX
  5
261B
  8
DOCUMENT-LAYER
 10
179.6953525527051
 20
76.00582626365254
 30
0.0
  0
VERTEX
  5
261C
  8
DOCUMENT-LAYER
 10
179.9976139192278
 20
76.15822707645417
 30
0.0
  0
SEQEND
  5
2B10
  8
DOCUMENT-LAYER
  0
POLYLINE
  5
1738
  8
DOCUMENT-LAYER
 66
     1
 10
0.0
 20
0.0
 30
0.0
 40
0.1
 41
0.1
  0
VERTEX
  5
261D
  8
DOCUMENT-LAYER
 10
181.0593380746762
 20
67.61109271018543
 30
0.0
  0
VERTEX
  5
261E
  8
DOCUMENT-LAYER
 10
181.5139997459995
 20
67.76095351790704
 30
0.0
  0
SEQEND
  5
2B11
  8
DOCUMENT-LAYER
  0
POLYLINE
  5
1739
  8
DOCUMENT-LAYER
 66
     1
 10
0.0
 20
0.0
 30
0.0
 40
0.1
 41
0.1
  0
VERTEX
  5
261F
  8
DOCUMENT-LAYER
 10
181.0593380746762
 20
65.94484607569217
 30
0.0
  0
VERTEX
  5
2620
  8
DOCUMENT-LAYER
 10
181.5139997459995
 20
66.09470662941327
 30
0.0
  0
SEQEND
  5
2B12
  8
DOCUMENT-LAYER
  0
POLYLINE
  5
1740
  8
DOCUMENT-LAYER
 66
     1
 10
0.0
 20
0.0
 30
0.0
 40
0.1
 41
0.1
  0
VERTEX
  5
2621
  8
DOCUMENT-LAYER
 10
181.0593380746762
 20
63.39975590551181
 30
0.0
  0
VERTEX
  5
2622
  8
DOCUMENT-LAYER
 10
181.5139997459995
 20
63.54961645923293
 30
0.0
  0
SEQEND
  5
2B13
  8
DOCUMENT-LAYER
  0
POLYLINE
  5
1741
  8
DOCUMENT-LAYER
 66
     1
 10
0.0
 20
0.0
 30
0.0
 40
0.1
 41
0.1
  0
VERTEX
  5
2623
  8
DOCUMENT-LAYER
 10
181.0593380746762
 20
61.73351181102363
 30
0.0
  0
VERTEX
  5
2624
  8
DOCUMENT-LAYER
 10
181.5139997459995
 20
61.88336982473966
 30
0.0
  0
SEQEND
  5
2B14
  8
DOCUMENT-LAYER
  0
POLYLINE
  5
1742
  8
DOCUMENT-LAYER
 66
     1
 10
0.0
 20
0.0
 30
0.0
 40
0.1
 41
0.1
  0
VERTEX
  5
2625
  8
DOCUMENT-LAYER
 10
-0.0006431292862519
 20
81.4864089408179
 30
0.0
  0
VERTEX
  5
2626
  8
DOCUMENT-LAYER
 10
0.1793548387096771
 20
81.51640894081788
 30
0.0
  0
SEQEND
  5
2B15
  8
DOCUMENT-LAYER
  0
POLYLINE
  5
1743
  8
DOCUMENT-LAYER
 66
     1
 10
0.0
 20
0.0
 30
0.0
 40
0.1
 41
0.1
  0
VERTEX
  5
2627
  8
DOCUMENT-LAYER
 10
-0.0006431292862519
 20
85.3023423926848
 30
0.0
  0
VERTEX
  5
2628
  8
DOCUMENT-LAYER
 10
0.1793548387096771
 20
85.33234239268481
 30
0.0
  0
SEQEND
  5
2B16
  8
DOCUMENT-LAYER
  0
POLYLINE
  5
1744
  8
DOCUMENT-LAYER
 66
     1
 10
0.0
 20
0.0
 30
0.0
 40
0.1
 41
0.1
  0
VERTEX
  5
2629
  8
DOCUMENT-LAYER
 10
16.40195504191009
 20
89.23250520701042
 30
0.0
  0
VERTEX
  5
262A
  8
DOCUMENT-LAYER
 10
16.22195478790958
 20
89.2025049530099
 30
0.0
  0
SEQEND
  5
2B17
  8
DOCUMENT-LAYER
  0
POLYLINE
  5
1745
  8
DOCUMENT-LAYER
 66
     1
 10
0.0
 20
0.0
 30
0.0
 40
0.1
 41
0.1
  0
VERTEX
  5
262B
  8
DOCUMENT-LAYER
 10
-4.367987299974607
 20
95.08944348488698
 30
0.0
  0
VERTEX
  5
262C
  8
DOCUMENT-LAYER
 10
4.751517907035815
 20
95.08944348488698
 30
0.0
  0
SEQEND
  5
2B18
  8
DOCUMENT-LAYER
  0
POLYLINE
  5
1746
  8
DOCUMENT-LAYER
 66
     1
 10
0.0
 20
0.0
 30
0.0
 40
0.1
 41
0.1
  0
VERTEX
  5
262D
  8
DOCUMENT-LAYER
 10
-4.217987045974097
 20
95.26944373888747
 30
0.0
  0
VERTEX
  5
262E
  8
DOCUMENT-LAYER
 10
-4.157986791973589
 20
95.26944373888747
 30
0.0
  0
SEQEND
  5
2B19
  8
DOCUMENT-LAYER
  0
POLYLINE
  5
1747
  8
DOCUMENT-LAYER
 66
     1
 10
0.0
 20
0.0
 30
0.0
 40
0.1
 41
0.1
  0
VERTEX
  5
262F
  8
DOCUMENT-LAYER
 10
58.54006832613667
 20
97.64456667513338
 30
0.0
  0
VERTEX
  5
2630
  8
DOCUMENT-LAYER
 10
58.48006832613667
 20
97.64456667513338
 30
0.0
  0
SEQEND
  5
2B1A
  8
DOCUMENT-LAYER
  0
POLYLINE
  5
1748
  8
DOCUMENT-LAYER
 66
     1
 10
0.0
 20
0.0
 30
0.0
 40
0.1
 41
0.1
  0
VERTEX
  5
2631
  8
DOCUMENT-LAYER
 10
58.33007061214123
 20
97.82456946913895
 30
0.0
  0
VERTEX
  5
2632
  8
DOCUMENT-LAYER
 10
63.88542062484125
 20
97.82456946913895
 30
0.0
  0
SEQEND
  5
2B1B
  8
DOCUMENT-LAYER
  0
POLYLINE
  5
1749
  8
DOCUMENT-LAYER
 66
     1
 10
0.0
 20
0.0
 30
0.0
 40
0.1
 41
0.1
  0
VERTEX
  5
2633
  8
DOCUMENT-LAYER
 10
155.9650612141224
 20
99.82040538481078
 30
0.0
  0
VERTEX
  5
2634
  8
DOCUMENT-LAYER
 10
155.9050612141224
 20
99.82040538481078
 30
0.0
  0
SEQEND
  5
2B1C
  8
DOCUMENT-LAYER
  0
POLYLINE
  5
1750
  8
DOCUMENT-LAYER
 66
     1
 10
0.0
 20
0.0
 30
0.0
 40
0.1
 41
0.1
  0
VERTEX
  5
2635
  8
DOCUMENT-LAYER
 10
147.7992131064262
 20
99.82040538481078
 30
0.0
  0
VERTEX
  5
2636
  8
DOCUMENT-LAYER
 10
147.7392131064263
 20
99.82040538481078
 30
0.0
  0
SEQEND
  5
2B1D
  8
DOCUMENT-LAYER
  0
POLYLINE
  5
1751
  8
DOCUMENT-LAYER
 66
     1
 10
0.0
 20
0.0
 30
0.0
 40
0.1
 41
0.1
  0
VERTEX
  5
2637
  8
DOCUMENT-LAYER
 10
124.2003444246889
 20
99.82040538481078
 30
0.0
  0
VERTEX
  5
2638
  8
DOCUMENT-LAYER
 10
124.1403444246889
 20
99.82040538481078
 30
0.0
  0
SEQEND
  5
2B1E
  8
DOCUMENT-LAYER
  0
POLYLINE
  5
1752
  8
DOCUMENT-LAYER
 66
     1
 10
0.0
 20
0.0
 30
0.0
 40
0.1
 41
0.1
  0
VERTEX
  5
2639
  8
DOCUMENT-LAYER
 10
93.64374041148085
 20
99.82040538481078
 30
0.0
  0
VERTEX
  5
263A
  8
DOCUMENT-LAYER
 10
93.58374015748032
 20
99.82040538481078
 30
0.0
  0
SEQEND
  5
2B1F
  8
DOCUMENT-LAYER
  0
POLYLINE
  5
1753
  8
DOCUMENT-LAYER
 66
     1
 10
0.0
 20
0.0
 30
0.0
 40
0.1
 41
0.1
  0
VERTEX
  5
263B
  8
DOCUMENT-LAYER
 10
12.8336954533909
 20
99.82040538481078
 30
0.0
  0
VERTEX
  5
263C
  8
DOCUMENT-LAYER
 10
12.7736954533909
 20
99.82040538481078
 30
0.0
  0
SEQEND
  5
2B20
  8
DOCUMENT-LAYER
  0
POLYLINE
  5
1754
  8
DOCUMENT-LAYER
 66
     1
 10
0.0
 20
0.0
 30
0.0
 40
0.1
 41
0.1
  0
VERTEX
  5
263D
  8
DOCUMENT-LAYER
 10
-4.157986791973589
 20
99.82040538481078
 30
0.0
  0
VERTEX
  5
263E
  8
DOCUMENT-LAYER
 10
-4.217987045974097
 20
99.82040538481078
 30
0.0
  0
SEQEND
  5
2B21
  8
DOCUMENT-LAYER
  0
POLYLINE
  5
1755
  8
DOCUMENT-LAYER
 66
     1
 10
0.0
 20
0.0
 30
0.0
 40
0.1
 41
0.1
  0
VERTEX
  5
263F
  8
DOCUMENT-LAYER
 10
-11.91519583439167
 20
100.0004030988062
 30
0.0
  0
VERTEX
  5
2640
  8
DOCUMENT-LAYER
 10
4.76425603251206
 20
100.0004030988062
 30
0.0
  0
SEQEND
  5
2B22
  8
DOCUMENT-LAYER
  0
POLYLINE
  5
1756
  8
DOCUMENT-LAYER
 66
     1
 10
0.0
 20
0.0
 30
0.0
 40
0.1
 41
0.1
  0
VERTEX
  5
2641
  8
DOCUMENT-LAYER
 10
12.62369773939548
 20
100.0004030988062
 30
0.0
  0
VERTEX
  5
2642
  8
DOCUMENT-LAYER
 10
16.33945313690629
 20
100.0004030988062
 30
0.0
  0
SEQEND
  5
2B23
  8
DOCUMENT-LAYER
  0
POLYLINE
  5
1757
  8
DOCUMENT-LAYER
 66
     1
 10
0.0
 20
0.0
 30
0.0
 40
0.1
 41
0.1
  0
VERTEX
  5
2643
  8
DOCUMENT-LAYER
 10
58.33007061214123
 20
100.0004030988062
 30
0.0
  0
VERTEX
  5
2644
  8
DOCUMENT-LAYER
 10
63.88542062484125
 20
100.0004030988062
 30
0.0
  0
SEQEND
  5
2B24
  8
DOCUMENT-LAYER
  0
POLYLINE
  5
1758
  8
DOCUMENT-LAYER
 66
     1
 10
0.0
 20
0.0
 30
0.0
 40
0.1
 41
0.1
  0
VERTEX
  5
2645
  8
DOCUMENT-LAYER
 10
93.4337399034798
 20
100.0004030988062
 30
0.0
  0
VERTEX
  5
2646
  8
DOCUMENT-LAYER
 10
97.24190601981206
 20
100.0004030988062
 30
0.0
  0
SEQEND
  5
2B25
  8
DOCUMENT-LAYER
  0
POLYLINE
  5
1759
  8
DOCUMENT-LAYER
 66
     1
 10
0.0
 20
0.0
 30
0.0
 40
0.1
 41
0.1
  0
VERTEX
  5
2647
  8
DOCUMENT-LAYER
 10
123.9903441706884
 20
100.0004030988062
 30
0.0
  0
VERTEX
  5
2648
  8
DOCUMENT-LAYER
 10
127.9119037338075
 20
100.0004030988062
 30
0.0
  0
SEQEND
  5
2B26
  8
DOCUMENT-LAYER
  0
POLYLINE
  5
1760
  8
DOCUMENT-LAYER
 66
     1
 10
0.0
 20
0.0
 30
0.0
 40
0.1
 41
0.1
  0
VERTEX
  5
2649
  8
DOCUMENT-LAYER
 10
147.5892125984252
 20
100.0004030988062
 30
0.0
  0
VERTEX
  5
264A
  8
DOCUMENT-LAYER
 10
161.3046248412497
 20
100.0004030988062
 30
0.0
  0
SEQEND
  5
2B27
  8
DOCUMENT-LAYER
  0
POLYLINE
  5
1761
  8
DOCUMENT-LAYER
 66
     1
 10
0.0
 20
0.0
 30
0.0
 40
0.1
 41
0.1
  0
VERTEX
  5
264B
  8
DOCUMENT-LAYER
 10
166.6567007874016
 20
100.0437231394463
 30
0.0
  0
VERTEX
  5
264C
  8
DOCUMENT-LAYER
 10
180.9475775971552
 20
100.0437231394463
 30
0.0
  0
SEQEND
  5
2B28
  8
DOCUMENT-LAYER
  0
POLYLINE
  5
1762
  8
DOCUMENT-LAYER
 66
     1
 10
0.0
 20
0.0
 30
0.0
 40
0.1
 41
0.1
  0
VERTEX
  5
264D
  8
DOCUMENT-LAYER
 10
58.48006832613667
 20
100.1804036068072
 30
0.0
  0
VERTEX
  5
264E
  8
DOCUMENT-LAYER
 10
58.54006832613667
 20
100.1804036068072
 30
0.0
  0
SEQEND
  5
2B29
  8
DOCUMENT-LAYER
  0
POLYLINE
  5
1763
  8
DOCUMENT-LAYER
 66
     1
 10
0.0
 20
0.0
 30
0.0
 40
0.1
 41
0.1
  0
VERTEX
  5
264F
  8
DOCUMENT-LAYER
 10
85.25374396748795
 20
114.4177193294387
 30
0.0
  0
VERTEX
  5
2650
  8
DOCUMENT-LAYER
 10
85.40614452628908
 20
114.2678587757176
 30
0.0
  0
SEQEND
  5
2B2A
  8
DOCUMENT-LAYER
  0
POLYLINE
  5
1764
  8
DOCUMENT-LAYER
 66
     1
 10
0.0
 20
0.0
 30
0.0
 40
0.1
 41
0.1
  0
VERTEX
  5
2651
  8
DOCUMENT-LAYER
 10
181.2123380746762
 20
12.37789103378207
 30
0.0
  0
VERTEX
  5
2652
  8
DOCUMENT-LAYER
 10
181.6669974599949
 20
11.92322936245873
 30
0.0
  0
SEQEND
  5
2B2B
  8
DOCUMENT-LAYER
  0
POLYLINE
  5
1765
  8
DOCUMENT-LAYER
 66
     1
 10
0.0
 20
0.0
 30
0.0
 40
0.1
 41
0.1
  0
VERTEX
  5
2653
  8
DOCUMENT-LAYER
 10
82.40385242570486
 20
111.9945521971044
 30
0.0
  0
VERTEX
  5
2654
  8
DOCUMENT-LAYER
 10
82.55625298450597
 20
111.8421490982982
 30
0.0
  0
SEQEND
  5
2B2C
  8
DOCUMENT-LAYER
  0
POLYLINE
  5
1766
  8
DOCUMENT-LAYER
 66
     1
 10
0.0
 20
0.0
 30
0.0
 40
0.1
 41
0.1
  0
VERTEX
  5
2655
  8
DOCUMENT-LAYER
 10
82.55625298450597
 20
112.1469527559055
 30
0.0
  0
VERTEX
  5
2656
  8
DOCUMENT-LAYER
 10
82.7086535433071
 20
111.9945521971044
 30
0.0
  0
SEQEND
  5
2B2D
  8
DOCUMENT-LAYER
  0
POLYLINE
  5
1767
  8
DOCUMENT-LAYER
 66
     1
 10
0.0
 20
0.0
 30
0.0
 40
0.1
 41
0.1
  0
VERTEX
  5
2657
  8
DOCUMENT-LAYER
 10
181.2123380746762
 20
14.04413792227584
 30
0.0
  0
VERTEX
  5
2658
  8
DOCUMENT-LAYER
 10
181.6669974599949
 20
13.58947599695199
 30
0.0
  0
SEQEND
  5
2B2E
  8
DOCUMENT-LAYER
  0
POLYLINE
  5
1768
  8
DOCUMENT-LAYER
 66
     1
 10
0.0
 20
0.0
 30
0.0
 40
0.1
 41
0.1
  0
VERTEX
  5
2659
  8
DOCUMENT-LAYER
 10
81.07034721869444
 20
114.4177193294387
 30
0.0
  0
VERTEX
  5
265A
  8
DOCUMENT-LAYER
 10
81.37260833121668
 20
114.1154582169165
 30
0.0
  0
SEQEND
  5
2B2F
  8
DOCUMENT-LAYER
  0
POLYLINE
  5
1769
  8
DOCUMENT-LAYER
 66
     1
 10
0.0
 20
0.0
 30
0.0
 40
0.1
 41
0.1
  0
VERTEX
  5
265B
  8
DOCUMENT-LAYER
 10
181.2123380746762
 20
16.58922809245618
 30
0.0
  0
VERTEX
  5
265C
  8
DOCUMENT-LAYER
 10
181.6669974599949
 20
16.13456616713234
 30
0.0
  0
SEQEND
  5
2B30
  8
DOCUMENT-LAYER
  0
POLYLINE
  5
1770
  8
DOCUMENT-LAYER
 66
     1
 10
0.0
 20
0.0
 30
0.0
 40
0.1
 41
0.1
  0
VERTEX
  5
265D
  8
DOCUMENT-LAYER
 10
181.2123380746762
 20
18.25547472694945
 30
0.0
  0
VERTEX
  5
265E
  8
DOCUMENT-LAYER
 10
181.6669974599949
 20
17.8008128016256
 30
0.0
  0
SEQEND
  5
2B31
  8
DOCUMENT-LAYER
  0
POLYLINE
  5
1771
  8
DOCUMENT-LAYER
 66
     1
 10
0.0
 20
0.0
 30
0.0
 40
0.1
 41
0.1
  0
VERTEX
  5
265F
  8
DOCUMENT-LAYER
 10
79.7063616967234
 20
113.0562738125476
 30
0.0
  0
VERTEX
  5
2660
  8
DOCUMENT-LAYER
 10
80.00862280924564
 20
112.7514726949454
 30
0.0
  0
SEQEND
  5
2B32
  8
DOCUMENT-LAYER
  0
POLYLINE
  5
1772
  8
DOCUMENT-LAYER
 66
     1
 10
0.0
 20
0.0
 30
0.0
 40
0.1
 41
0.1
  0
VERTEX
  5
2661
  8
DOCUMENT-LAYER
 10
143.9609047498095
 20
-2.972858267716532
 30
0.0
  0
VERTEX
  5
2662
  8
DOCUMENT-LAYER
 10
144.1107653035306
 20
-3.427520193040386
 30
0.0
  0
SEQEND
  5
2B33
  8
DOCUMENT-LAYER
  0
POLYLINE
  5
1773
  8
DOCUMENT-LAYER
 66
     1
 10
0.0
 20
0.0
 30
0.0
 40
0.1
 41
0.1
  0
VERTEX
  5
2663
  8
DOCUMENT-LAYER
 10
135.4112329184659
 20
-3.88218211836424
 30
0.0
  0
VERTEX
  5
2664
  8
DOCUMENT-LAYER
 10
135.5636337312675
 20
-4.48924180848362
 30
0.0
  0
SEQEND
  5
2B34
  8
DOCUMENT-LAYER
  0
POLYLINE
  5
1774
  8
DOCUMENT-LAYER
 66
     1
 10
0.0
 20
0.0
 30
0.0
 40
0.1
 41
0.1
  0
VERTEX
  5
2665
  8
DOCUMENT-LAYER
 10
124.1703444246889
 20
90.15085090170182
 30
0.0
  0
VERTEX
  5
2666
  8
DOCUMENT-LAYER
 10
124.1703444246889
 20
92.27966700533402
 30
0.0
  0
SEQEND
  5
2B35
  8
DOCUMENT-LAYER
  0
POLYLINE
  5
1775
  8
DOCUMENT-LAYER
 66
     1
 10
0.0
 20
0.0
 30
0.0
 40
0.1
 41
0.1
  0
VERTEX
  5
2667
  8
DOCUMENT-LAYER
 10
124.1703444246889
 20
96.07562763525529
 30
0.0
  0
VERTEX
  5
2668
  8
DOCUMENT-LAYER
 10
124.1703444246889
 20
99.82040538481078
 30
0.0
  0
SEQEND
  5
2B36
  8
DOCUMENT-LAYER
  0
POLYLINE
  5
1776
  8
DOCUMENT-LAYER
 66
     1
 10
0.0
 20
0.0
 30
0.0
 40
0.1
 41
0.1
  0
VERTEX
  5
2669
  8
DOCUMENT-LAYER
 10
-0.0006431292862519
 20
89.23250520701042
 30
0.0
  0
VERTEX
  5
266A
  8
DOCUMENT-LAYER
 10
0.1793548387096771
 20
89.26250520701043
 30
0.0
  0
SEQEND
  5
2B37
  8
DOCUMENT-LAYER
  0
POLYLINE
  5
1777
  8
DOCUMENT-LAYER
 66
     1
 10
0.0
 20
0.0
 30
0.0
 40
0.1
 41
0.1
  0
VERTEX
  5
266B
  8
DOCUMENT-LAYER
 10
161.4316456692914
 20
104.2306657353315
 30
0.0
  0
VERTEX
  5
266C
  8
DOCUMENT-LAYER
 10
162.8692486664974
 20
104.2306657353315
 30
0.0
  0
SEQEND
  5
2B38
  8
DOCUMENT-LAYER
  0
POLYLINE
  5
1778
  8
DOCUMENT-LAYER
 66
     1
 10
0.0
 20
0.0
 30
0.0
 40
0.1
 41
0.1
  0
VERTEX
  5
266D
  8
DOCUMENT-LAYER
 10
167.5957622555245
 20
104.2306657353315
 30
0.0
  0
VERTEX
  5
266E
  8
DOCUMENT-LAYER
 10
169.0200251460503
 20
104.2306657353315
 30
0.0
  0
SEQEND
  5
2B39
  8
DOCUMENT-LAYER
  0
POLYLINE
  5
1779
  8
DOCUMENT-LAYER
 66
     1
 10
0.0
 20
0.0
 30
0.0
 40
0.1
 41
0.1
  0
VERTEX
  5
266F
  8
DOCUMENT-LAYER
 10
-0.3479080518161005
 20
105.0409441198883
 30
0.0
  0
VERTEX
  5
2670
  8
DOCUMENT-LAYER
 10
-0.1679077978155909
 20
105.0409441198883
 30
0.0
  0
SEQEND
  5
2B3A
  8
DOCUMENT-LAYER
  0
POLYLINE
  5
1780
  8
DOCUMENT-LAYER
 66
     1
 10
0.0
 20
0.0
 30
0.0
 40
0.1
 41
0.1
  0
VERTEX
  5
2671
  8
DOCUMENT-LAYER
 10
5.006755905511807
 20
105.0409441198883
 30
0.0
  0
VERTEX
  5
2672
  8
DOCUMENT-LAYER
 10
5.186753619507243
 20
105.0409441198883
 30
0.0
  0
SEQEND
  5
2B3B
  8
DOCUMENT-LAYER
  0
POLYLINE
  5
1781
  8
DOCUMENT-LAYER
 66
     1
 10
0.0
 20
0.0
 30
0.0
 40
0.1
 41
0.1
  0
VERTEX
  5
2673
  8
DOCUMENT-LAYER
 10
181.8162585725172
 20
76.31062763525527
 30
0.0
  0
VERTEX
  5
2674
  8
DOCUMENT-LAYER
 10
182.2709227838456
 20
76.15822707645417
 30
0.0
  0
SEQEND
  5
2B3C
  8
DOCUMENT-LAYER
  0
POLYLINE
  5
1782
  8
DOCUMENT-LAYER
 66
     1
 10
0.0
 20
0.0
 30
0.0
 40
0.1
 41
0.1
  0
VERTEX
  5
2675
  8
DOCUMENT-LAYER
 10
77.15873152146304
 20
111.5398877317755
 30
0.0
  0
VERTEX
  5
2676
  8
DOCUMENT-LAYER
 10
77.6133931927864
 20
111.3874871729743
 30
0.0
  0
SEQEND
  5
2B3D
  8
DOCUMENT-LAYER
  0
POLYLINE
  5
1783
  8
DOCUMENT-LAYER
 66
     1
 10
0.0
 20
0.0
 30
0.0
 40
0.1
 41
0.1
  0
VERTEX
  5
2677
  8
DOCUMENT-LAYER
 10
179.9976139192278
 20
77.34187172974347
 30
0.0
  0
VERTEX
  5
2678
  8
DOCUMENT-LAYER
 10
180.4522730505461
 20
77.18947117094235
 30
0.0
  0
SEQEND
  5
2B3E
  8
DOCUMENT-LAYER
  0
POLYLINE
  5
1784
  8
DOCUMENT-LAYER
 66
     1
 10
0.0
 20
0.0
 30
0.0
 40
0.1
 41
0.1
  0
VERTEX
  5
2679
  8
DOCUMENT-LAYER
 10
77.76579400558803
 20
113.3585377190754
 30
0.0
  0
VERTEX
  5
267A
  8
DOCUMENT-LAYER
 10
78.22045567691137
 20
113.2061369062738
 30
0.0
  0
SEQEND
  5
2B3F
  8
DOCUMENT-LAYER
  0
POLYLINE
  5
1785
  8
DOCUMENT-LAYER
 66
     1
 10
0.0
 20
0.0
 30
0.0
 40
0.1
 41
0.1
  0
VERTEX
  5
267B
  8
DOCUMENT-LAYER
 10
181.2117386334773
 20
74.49198044196089
 30
0.0
  0
VERTEX
  5
267C
  8
DOCUMENT-LAYER
 10
181.663858013716
 20
74.33958216916434
 30
0.0
  0
SEQEND
  5
2B40
  8
DOCUMENT-LAYER
  0
POLYLINE
  5
1786
  8
DOCUMENT-LAYER
 66
     1
 10
0.0
 20
0.0
 30
0.0
 40
0.1
 41
0.1
  0
VERTEX
  5
267D
  8
DOCUMENT-LAYER
 10
79.85876225552452
 20
111.5398877317755
 30
0.0
  0
VERTEX
  5
267E
  8
DOCUMENT-LAYER
 10
80.31088417576835
 20
111.3874871729743
 30
0.0
  0
SEQEND
  5
2B41
  8
DOCUMENT-LAYER
  0
POLYLINE
  5
1787
  8
DOCUMENT-LAYER
 66
     1
 10
0.0
 20
0.0
 30
0.0
 40
0.1
 41
0.1
  0
VERTEX
  5
267F
  8
DOCUMENT-LAYER
 10
181.0599375158751
 20
23.77237668275338
 30
0.0
  0
VERTEX
  5
2680
  8
DOCUMENT-LAYER
 10
181.3647386334773
 20
23.47011557023114
 30
0.0
  0
SEQEND
  5
2B42
  8
DOCUMENT-LAYER
  0
POLYLINE
  5
1788
  8
DOCUMENT-LAYER
 66
     1
 10
0.0
 20
0.0
 30
0.0
 40
0.1
 41
0.1
  0
VERTEX
  5
2681
  8
DOCUMENT-LAYER
 10
180.1506139192279
 20
22.28647320294641
 30
0.0
  0
VERTEX
  5
2682
  8
DOCUMENT-LAYER
 10
180.303014478029
 20
22.13407010414021
 30
0.0
  0
SEQEND
  5
2B43
  8
DOCUMENT-LAYER
  0
POLYLINE
  5
1789
  8
DOCUMENT-LAYER
 66
     1
 10
0.0
 20
0.0
 30
0.0
 40
0.1
 41
0.1
  0
VERTEX
  5
2683
  8
DOCUMENT-LAYER
 10
180.303014478029
 20
22.43887147574295
 30
0.0
  0
VERTEX
  5
2684
  8
DOCUMENT-LAYER
 10
180.455412496825
 20
22.28647320294641
 30
0.0
  0
SEQEND
  5
2B44
  8
DOCUMENT-LAYER
  0
POLYLINE
  5
1790
  8
DOCUMENT-LAYER
 66
     1
 10
0.0
 20
0.0
 30
0.0
 40
0.1
 41
0.1
  0
VERTEX
  5
2685
  8
DOCUMENT-LAYER
 10
179.8483525527051
 20
26.62226822453645
 30
0.0
  0
VERTEX
  5
2686
  8
DOCUMENT-LAYER
 10
180.1506139192279
 20
26.32000685801372
 30
0.0
  0
SEQEND
  5
2B45
  8
DOCUMENT-LAYER
  0
POLYLINE
  5
1791
  8
DOCUMENT-LAYER
 66
     1
 10
0.0
 20
0.0
 30
0.0
 40
0.1
 41
0.1
  0
VERTEX
  5
2687
  8
DOCUMENT-LAYER
 10
182.4239230378461
 20
25.13636220472441
 30
0.0
  0
VERTEX
  5
2688
  8
DOCUMENT-LAYER
 10
182.7261841503683
 20
24.83410363220726
 30
0.0
  0
SEQEND
  5
2B46
  8
DOCUMENT-LAYER
  0
POLYLINE
  5
1792
  8
DOCUMENT-LAYER
 66
     1
 10
0.0
 20
0.0
 30
0.0
 40
0.1
 41
0.1
  0
VERTEX
  5
2689
  8
DOCUMENT-LAYER
 10
145.6271539243079
 20
-2.972858267716532
 30
0.0
  0
VERTEX
  5
268A
  8
DOCUMENT-LAYER
 10
145.777014478029
 20
-3.427520193040386
 30
0.0
  0
SEQEND
  5
2B47
  8
DOCUMENT-LAYER
  0
POLYLINE
  5
1793
  8
DOCUMENT-LAYER
 66
     1
 10
0.0
 20
0.0
 30
0.0
 40
0.1
 41
0.1
  0
VERTEX
  5
268B
  8
DOCUMENT-LAYER
 10
148.1722440944882
 20
-2.972858267716532
 30
0.0
  0
VERTEX
  5
268C
  8
DOCUMENT-LAYER
 10
148.3221046482093
 20
-3.427520193040386
 30
0.0
  0
SEQEND
  5
2B48
  8
DOCUMENT-LAYER
  0
POLYLINE
  5
1794
  8
DOCUMENT-LAYER
 66
     1
 10
0.0
 20
0.0
 30
0.0
 40
0.1
 41
0.1
  0
VERTEX
  5
268D
  8
DOCUMENT-LAYER
 10
149.8384907289815
 20
-2.972858267716532
 30
0.0
  0
VERTEX
  5
268E
  8
DOCUMENT-LAYER
 10
149.9883487426975
 20
-3.427520193040386
 30
0.0
  0
SEQEND
  5
2B49
  8
DOCUMENT-LAYER
  0
POLYLINE
  5
1795
  8
DOCUMENT-LAYER
 66
     1
 10
0.0
 20
0.0
 30
0.0
 40
0.1
 41
0.1
  0
VERTEX
  5
268F
  8
DOCUMENT-LAYER
 10
139.4447691135383
 20
-3.579920751841509
 30
0.0
  0
VERTEX
  5
2690
  8
DOCUMENT-LAYER
 10
139.5971696723394
 20
-4.336841249682498
 30
0.0
  0
SEQEND
  5
2B4A
  8
DOCUMENT-LAYER
  0
POLYLINE
  5
1796
  8
DOCUMENT-LAYER
 66
     1
 10
0.0
 20
0.0
 30
0.0
 40
0.1
 41
0.1
  0
VERTEX
  5
2691
  8
DOCUMENT-LAYER
 10
141.4158145796292
 20
-2.368336042672086
 30
0.0
  0
VERTEX
  5
2692
  8
DOCUMENT-LAYER
 10
141.5656751333503
 20
-3.125256540513075
 30
0.0
  0
SEQEND
  5
2B4B
  8
DOCUMENT-LAYER
  0
POLYLINE
  5
1797
  8
DOCUMENT-LAYER
 66
     1
 10
0.0
 20
0.0
 30
0.0
 40
0.1
 41
0.1
  0
VERTEX
  5
2693
  8
DOCUMENT-LAYER
 10
127.7944053848108
 20
63.70312725425452
 30
0.0
  0
VERTEX
  5
2694
  8
DOCUMENT-LAYER
 10
127.7944053848108
 20
63.76312725425452
 30
0.0
  0
SEQEND
  5
2B4C
  8
DOCUMENT-LAYER
  0
POLYLINE
  5
1798
  8
DOCUMENT-LAYER
 66
     1
 10
0.0
 20
0.0
 30
0.0
 40
0.1
 41
0.1
  0
VERTEX
  5
2695
  8
DOCUMENT-LAYER
 10
127.9744058928118
 20
63.5531267462535
 30
0.0
  0
VERTEX
  5
2696
  8
DOCUMENT-LAYER
 10
127.9744058928118
 20
82.90805003810009
 30
0.0
  0
SEQEND
  5
2B4D
  8
DOCUMENT-LAYER
  0
POLYLINE
  5
1799
  8
DOCUMENT-LAYER
 66
     1
 10
0.0
 20
0.0
 30
0.0
 40
0.1
 41
0.1
  0
VERTEX
  5
2697
  8
DOCUMENT-LAYER
 10
179.6953525527051
 20
71.82243230886462
 30
0.0
  0
VERTEX
  5
2698
  8
DOCUMENT-LAYER
 10
180.150014478029
 20
72.12469088138177
 30
0.0
  0
SEQEND
  5
2B4E
  8
DOCUMENT-LAYER
  0
POLYLINE
  5
1800
  8
DOCUMENT-LAYER
 66
     1
 10
0.0
 20
0.0
 30
0.0
 40
0.1
 41
0.1
  0
VERTEX
  5
2699
  8
DOCUMENT-LAYER
 10
47.28231165862333
 20
-2.368336042672086
 30
0.0
  0
VERTEX
  5
269A
  8
DOCUMENT-LAYER
 10
47.58457277114555
 20
-2.215935229870456
 30
0.0
  0
SEQEND
  5
2B4F
  8
DOCUMENT-LAYER
  0
POLYLINE
  5
1801
  8
DOCUMENT-LAYER
 66
     1
 10
0.0
 20
0.0
 30
0.0
 40
0.1
 41
0.1
  0
VERTEX
  5
269B
  8
DOCUMENT-LAYER
 10
53.82791770383542
 20
-1.913671577343159
 30
0.0
  0
VERTEX
  5
269C
  8
DOCUMENT-LAYER
 10
54.13018135636271
 20
-1.76127355854711
 30
0.0
  0
SEQEND
  5
2B50
  8
DOCUMENT-LAYER
  0
POLYLINE
  5
1802
  8
DOCUMENT-LAYER
 66
     1
 10
0.0
 20
0.0
 30
0.0
 40
0.1
 41
0.1
  0
VERTEX
  5
269D
  8
DOCUMENT-LAYER
 10
48.91808051816104
 20
-2.368336042672086
 30
0.0
  0
VERTEX
  5
269E
  8
DOCUMENT-LAYER
 10
49.22288188976378
 20
-2.215935229870456
 30
0.0
  0
SEQEND
  5
2B51
  8
DOCUMENT-LAYER
  0
POLYLINE
  5
1803
  8
DOCUMENT-LAYER
 66
     1
 10
0.0
 20
0.0
 30
0.0
 40
0.1
 41
0.1
  0
VERTEX
  5
269F
  8
DOCUMENT-LAYER
 10
50.55384709169418
 20
-2.368336042672086
 30
0.0
  0
VERTEX
  5
26A0
  8
DOCUMENT-LAYER
 10
50.85864592329185
 20
-2.215935229870456
 30
0.0
  0
SEQEND
  5
2B52
  8
DOCUMENT-LAYER
  0
POLYLINE
  5
1804
  8
DOCUMENT-LAYER
 66
     1
 10
0.0
 20
0.0
 30
0.0
 40
0.1
 41
0.1
  0
VERTEX
  5
26A1
  8
DOCUMENT-LAYER
 10
-0.0006431292862519
 20
110.2521026162053
 30
0.0
  0
VERTEX
  5
26A2
  8
DOCUMENT-LAYER
 10
74.99210287020576
 20
110.2521026162053
 30
0.0
  0
SEQEND
  5
2B53
  8
DOCUMENT-LAYER
  0
POLYLINE
  5
1805
  8
DOCUMENT-LAYER
 66
     1
 10
0.0
 20
0.0
 30
0.0
 40
0.1
 41
0.1
  0
VERTEX
  5
26A3
  8
DOCUMENT-LAYER
 10
94.20727965455931
 20
110.2521026162053
 30
0.0
  0
VERTEX
  5
26A4
  8
DOCUMENT-LAYER
 10
169.2000256540514
 20
110.2521026162053
 30
0.0
  0
SEQEND
  5
2B54
  8
DOCUMENT-LAYER
  0
POLYLINE
  5
1806
  8
DOCUMENT-LAYER
 66
     1
 10
0.0
 20
0.0
 30
0.0
 40
0.1
 41
0.1
  0
VERTEX
  5
26A5
  8
DOCUMENT-LAYER
 10
77.6133931927864
 20
111.3874871729743
 30
0.0
  0
VERTEX
  5
26A6
  8
DOCUMENT-LAYER
 10
77.76579400558803
 20
111.3874871729743
 30
0.0
  0
SEQEND
  5
2B55
  8
DOCUMENT-LAYER
  0
POLYLINE
  5
1807
  8
DOCUMENT-LAYER
 66
     1
 10
0.0
 20
0.0
 30
0.0
 40
0.1
 41
0.1
  0
VERTEX
  5
26A7
  8
DOCUMENT-LAYER
 10
80.31088417576835
 20
111.3874871729743
 30
0.0
  0
VERTEX
  5
26A8
  8
DOCUMENT-LAYER
 10
80.6156852933706
 20
111.3874871729743
 30
0.0
  0
SEQEND
  5
2B56
  8
DOCUMENT-LAYER
  0
POLYLINE
  5
1808
  8
DOCUMENT-LAYER
 66
     1
 10
0.0
 20
0.0
 30
0.0
 40
0.1
 41
0.1
  0
VERTEX
  5
26A9
  8
DOCUMENT-LAYER
 10
83.58749707899418
 20
111.3874871729743
 30
0.0
  0
VERTEX
  5
26AA
  8
DOCUMENT-LAYER
 10
85.70840563881129
 20
111.3874871729743
 30
0.0
  0
SEQEND
  5
2B57
  8
DOCUMENT-LAYER
  0
POLYLINE
  5
1809
  8
DOCUMENT-LAYER
 66
     1
 10
0.0
 20
0.0
 30
0.0
 40
0.1
 41
0.1
  0
VERTEX
  5
26AB
  8
DOCUMENT-LAYER
 10
80.46328473456948
 20
112.6016121412243
 30
0.0
  0
VERTEX
  5
26AC
  8
DOCUMENT-LAYER
 10
80.6156852933706
 20
112.6016121412243
 30
0.0
  0
SEQEND
  5
2B58
  8
DOCUMENT-LAYER
  0
POLYLINE
  5
1810
  8
DOCUMENT-LAYER
 66
     1
 10
0.0
 20
0.0
 30
0.0
 40
0.1
 41
0.1
  0
VERTEX
  5
26AD
  8
DOCUMENT-LAYER
 10
77.6133931927864
 20
113.3585377190754
 30
0.0
  0
VERTEX
  5
26AE
  8
DOCUMENT-LAYER
 10
77.76579400558803
 20
113.3585377190754
 30
0.0
  0
SEQEND
  5
2B59
  8
DOCUMENT-LAYER
  0
POLYLINE
  5
1811
  8
DOCUMENT-LAYER
 66
     1
 10
0.0
 20
0.0
 30
0.0
 40
0.1
 41
0.1
  0
VERTEX
  5
26AF
  8
DOCUMENT-LAYER
 10
87.34417221234443
 20
113.5083982727966
 30
0.0
  0
VERTEX
  5
26B0
  8
DOCUMENT-LAYER
 10
87.79883413766828
 20
113.5083982727966
 30
0.0
  0
SEQEND
  5
2B5A
  8
DOCUMENT-LAYER
  0
POLYLINE
  5
1812
  8
DOCUMENT-LAYER
 66
     1
 10
0.0
 20
0.0
 30
0.0
 40
0.1
 41
0.1
  0
VERTEX
  5
26B1
  8
DOCUMENT-LAYER
 10
89.01295885191772
 20
113.5083982727966
 30
0.0
  0
VERTEX
  5
26B2
  8
DOCUMENT-LAYER
 10
89.46508077216156
 20
113.5083982727966
 30
0.0
  0
SEQEND
  5
2B5B
  8
DOCUMENT-LAYER
  0
POLYLINE
  5
1813
  8
DOCUMENT-LAYER
 66
     1
 10
0.0
 20
0.0
 30
0.0
 40
0.1
 41
0.1
  0
VERTEX
  5
26B3
  8
DOCUMENT-LAYER
 10
91.55550901701804
 20
113.5083982727966
 30
0.0
  0
VERTEX
  5
26B4
  8
DOCUMENT-LAYER
 10
92.0101709423419
 20
113.5083982727966
 30
0.0
  0
SEQEND
  5
2B5C
  8
DOCUMENT-LAYER
  0
POLYLINE
  5
1814
  8
DOCUMENT-LAYER
 66
     1
 10
0.0
 20
0.0
 30
0.0
 40
0.1
 41
0.1
  0
VERTEX
  5
26B5
  8
DOCUMENT-LAYER
 10
93.22429565659132
 20
113.5083982727966
 30
0.0
  0
VERTEX
  5
26B6
  8
DOCUMENT-LAYER
 10
93.67641757683515
 20
113.5083982727966
 30
0.0
  0
SEQEND
  5
2B5D
  8
DOCUMENT-LAYER
  0
POLYLINE
  5
1815
  8
DOCUMENT-LAYER
 66
     1
 10
0.0
 20
0.0
 30
0.0
 40
0.1
 41
0.1
  0
VERTEX
  5
26B7
  8
DOCUMENT-LAYER
 10
77.6133931927864
 20
114.5701224282449
 30
0.0
  0
VERTEX
  5
26B8
  8
DOCUMENT-LAYER
 10
77.91565455930912
 20
114.5701224282449
 30
0.0
  0
SEQEND
  5
2B5E
  8
DOCUMENT-LAYER
  0
POLYLINE
  5
1816
  8
DOCUMENT-LAYER
 66
     1
 10
0.0
 20
0.0
 30
0.0
 40
0.1
 41
0.1
  0
VERTEX
  5
26B9
  8
DOCUMENT-LAYER
 10
80.46328473456948
 20
114.5701224282449
 30
0.0
  0
VERTEX
  5
26BA
  8
DOCUMENT-LAYER
 10
80.6156852933706
 20
114.5701224282449
 30
0.0
  0
SEQEND
  5
2B5F
  8
DOCUMENT-LAYER
  0
POLYLINE
  5
1817
  8
DOCUMENT-LAYER
 66
     1
 10
0.0
 20
0.0
 30
0.0
 40
0.1
 41
0.1
  0
VERTEX
  5
26BB
  8
DOCUMENT-LAYER
 10
84.34442011684024
 20
114.5701224282449
 30
0.0
  0
VERTEX
  5
26BC
  8
DOCUMENT-LAYER
 10
84.9514826009652
 20
114.5701224282449
 30
0.0
  0
SEQEND
  5
2B60
  8
DOCUMENT-LAYER
  0
POLYLINE
  5
1818
  8
DOCUMENT-LAYER
 66
     1
 10
0.0
 20
0.0
 30
0.0
 40
0.1
 41
0.1
  0
VERTEX
  5
26BD
  8
DOCUMENT-LAYER
 10
80.00862280924564
 20
112.7514726949454
 30
0.0
  0
VERTEX
  5
26BE
  8
DOCUMENT-LAYER
 10
80.46328473456948
 20
112.6016121412243
 30
0.0
  0
SEQEND
  5
2B61
  8
DOCUMENT-LAYER
  0
POLYLINE
  5
1819
  8
DOCUMENT-LAYER
 66
     1
 10
0.0
 20
0.0
 30
0.0
 40
0.1
 41
0.1
  0
VERTEX
  5
26BF
  8
DOCUMENT-LAYER
 10
77.91565455930912
 20
114.5701224282449
 30
0.0
  0
VERTEX
  5
26C0
  8
DOCUMENT-LAYER
 10
78.37031623063248
 20
114.4177193294387
 30
0.0
  0
SEQEND
  5
2B62
  8
DOCUMENT-LAYER
  0
POLYLINE
  5
1820
  8
DOCUMENT-LAYER
 66
     1
 10
0.0
 20
0.0
 30
0.0
 40
0.1
 41
0.1
  0
VERTEX
  5
26C1
  8
DOCUMENT-LAYER
 10
80.6156852933706
 20
114.5701224282449
 30
0.0
  0
VERTEX
  5
26C2
  8
DOCUMENT-LAYER
 10
81.07034721869444
 20
114.4177193294387
 30
0.0
  0
SEQEND
  5
2B63
  8
DOCUMENT-LAYER
  0
POLYLINE
  5
1821
  8
DOCUMENT-LAYER
 66
     1
 10
0.0
 20
0.0
 30
0.0
 40
0.1
 41
0.1
  0
VERTEX
  5
26C3
  8
DOCUMENT-LAYER
 10
87.79883413766828
 20
113.5083982727966
 30
0.0
  0
VERTEX
  5
26C4
  8
DOCUMENT-LAYER
 10
88.10363525527052
 20
113.3585377190754
 30
0.0
  0
SEQEND
  5
2B64
  8
DOCUMENT-LAYER
  0
POLYLINE
  5
1822
  8
DOCUMENT-LAYER
 66
     1
 10
0.0
 20
0.0
 30
0.0
 40
0.1
 41
0.1
  0
VERTEX
  5
26C5
  8
DOCUMENT-LAYER
 10
89.46508077216156
 20
113.5083982727966
 30
0.0
  0
VERTEX
  5
26C6
  8
DOCUMENT-LAYER
 10
89.7698818897638
 20
113.3585377190754
 30
0.0
  0
SEQEND
  5
2B65
  8
DOCUMENT-LAYER
  0
POLYLINE
  5
1823
  8
DOCUMENT-LAYER
 66
     1
 10
0.0
 20
0.0
 30
0.0
 40
0.1
 41
0.1
  0
VERTEX
  5
26C7
  8
DOCUMENT-LAYER
 10
92.0101709423419
 20
113.5083982727966
 30
0.0
  0
VERTEX
  5
26C8
  8
DOCUMENT-LAYER
 10
92.31497205994413
 20
113.3585377190754
 30
0.0
  0
SEQEND
  5
2B66
  8
DOCUMENT-LAYER
  0
POLYLINE
  5
1824
  8
DOCUMENT-LAYER
 66
     1
 10
0.0
 20
0.0
 30
0.0
 40
0.1
 41
0.1
  0
VERTEX
  5
26C9
  8
DOCUMENT-LAYER
 10
93.67641757683515
 20
113.5083982727966
 30
0.0
  0
VERTEX
  5
26CA
  8
DOCUMENT-LAYER
 10
93.9812186944374
 20
113.3585377190754
 30
0.0
  0
SEQEND
  5
2B67
  8
DOCUMENT-LAYER
  0
POLYLINE
  5
1825
  8
DOCUMENT-LAYER
 66
     1
 10
0.0
 20
0.0
 30
0.0
 40
0.1
 41
0.1
  0
VERTEX
  5
26CB
  8
DOCUMENT-LAYER
 10
84.9514826009652
 20
114.5701224282449
 30
0.0
  0
VERTEX
  5
26CC
  8
DOCUMENT-LAYER
 10
85.25374396748795
 20
114.4177193294387
 30
0.0
  0
SEQEND
  5
2B68
  8
DOCUMENT-LAYER
  0
POLYLINE
  5
1826
  8
DOCUMENT-LAYER
 66
     1
 10
0.0
 20
0.0
 30
0.0
 40
0.1
 41
0.1
  0
VERTEX
  5
26CD
  8
DOCUMENT-LAYER
 10
124.1703444246889
 20
89.9708503937008
 30
0.0
  0
VERTEX
  5
26CE
  8
DOCUMENT-LAYER
 10
124.1403444246889
 20
90.15085090170182
 30
0.0
  0
SEQEND
  5
2B69
  8
DOCUMENT-LAYER
  0
POLYLINE
  5
1827
  8
DOCUMENT-LAYER
 66
     1
 10
0.0
 20
0.0
 30
0.0
 40
0.1
 41
0.1
  0
VERTEX
  5
26CF
  8
DOCUMENT-LAYER
 10
124.1703444246889
 20
100.0004030988062
 30
0.0
  0
VERTEX
  5
26D0
  8
DOCUMENT-LAYER
 10
124.2003444246889
 20
99.82040538481078
 30
0.0
  0
SEQEND
  5
2B6A
  8
DOCUMENT-LAYER
  0
POLYLINE
  5
1828
  8
DOCUMENT-LAYER
 66
     1
 10
0.0
 20
0.0
 30
0.0
 40
0.1
 41
0.1
  0
VERTEX
  5
26D1
  8
DOCUMENT-LAYER
 10
134.5323896367793
 20
-4.034582677165348
 30
0.0
  0
VERTEX
  5
26D2
  8
DOCUMENT-LAYER
 10
134.5323896367793
 20
-3.729781305562609
 30
0.0
  0
SEQEND
  5
2B6B
  8
DOCUMENT-LAYER
  0
POLYLINE
  5
1829
  8
DOCUMENT-LAYER
 66
     1
 10
0.0
 20
0.0
 30
0.0
 40
0.1
 41
0.1
  0
VERTEX
  5
26D3
  8
DOCUMENT-LAYER
 10
135.4112329184659
 20
-3.88218211836424
 30
0.0
  0
VERTEX
  5
26D4
  8
DOCUMENT-LAYER
 10
135.4112329184659
 20
-3.125256540513075
 30
0.0
  0
SEQEND
  5
2B6C
  8
DOCUMENT-LAYER
  0
POLYLINE
  5
1830
  8
DOCUMENT-LAYER
 66
     1
 10
0.0
 20
0.0
 30
0.0
 40
0.1
 41
0.1
  0
VERTEX
  5
26D5
  8
DOCUMENT-LAYER
 10
137.3822783845568
 20
-4.034582677165348
 30
0.0
  0
VERTEX
  5
26D6
  8
DOCUMENT-LAYER
 10
137.3822783845568
 20
-3.88218211836424
 30
0.0
  0
SEQEND
  5
2B6D
  8
DOCUMENT-LAYER
  0
POLYLINE
  5
1831
  8
DOCUMENT-LAYER
 66
     1
 10
0.0
 20
0.0
 30
0.0
 40
0.1
 41
0.1
  0
VERTEX
  5
26D7
  8
DOCUMENT-LAYER
 10
139.4447691135383
 20
-3.579920751841509
 30
0.0
  0
VERTEX
  5
26D8
  8
DOCUMENT-LAYER
 10
139.4447691135383
 20
-3.125256540513075
 30
0.0
  0
SEQEND
  5
2B6E
  8
DOCUMENT-LAYER
  0
POLYLINE
  5
1832
  8
DOCUMENT-LAYER
 66
     1
 10
0.0
 20
0.0
 30
0.0
 40
0.1
 41
0.1
  0
VERTEX
  5
26D9
  8
DOCUMENT-LAYER
 10
132.5638790957582
 20
-3.125256540513075
 30
0.0
  0
VERTEX
  5
26DA
  8
DOCUMENT-LAYER
 10
132.7137396494793
 20
-1.76127355854711
 30
0.0
  0
SEQEND
  5
2B6F
  8
DOCUMENT-LAYER
  0
POLYLINE
  5
1833
  8
DOCUMENT-LAYER
 66
     1
 10
0.0
 20
0.0
 30
0.0
 40
0.1
 41
0.1
  0
VERTEX
  5
26DB
  8
DOCUMENT-LAYER
 10
182.1185196850394
 20
70.30604368808739
 30
0.0
  0
VERTEX
  5
26DC
  8
DOCUMENT-LAYER
 10
182.5731841503683
 20
70.61084734569471
 30
0.0
  0
SEQEND
  5
2B70
  8
DOCUMENT-LAYER
  0
POLYLINE
  5
1834
  8
DOCUMENT-LAYER
 66
     1
 10
0.0
 20
0.0
 30
0.0
 40
0.1
 41
0.1
  0
VERTEX
  5
26DD
  8
DOCUMENT-LAYER
 10
56.82767233934469
 20
-2.972858267716532
 30
0.0
  0
VERTEX
  5
26DE
  8
DOCUMENT-LAYER
 10
57.12993345186693
 20
-2.822997713995432
 30
0.0
  0
SEQEND
  5
2B71
  8
DOCUMENT-LAYER
  0
POLYLINE
  5
1835
  8
DOCUMENT-LAYER
 66
     1
 10
0.0
 20
0.0
 30
0.0
 40
0.1
 41
0.1
  0
VERTEX
  5
26DF
  8
DOCUMENT-LAYER
 10
61.03900660401321
 20
-2.972858267716532
 30
0.0
  0
VERTEX
  5
26E0
  8
DOCUMENT-LAYER
 10
61.34126771653545
 20
-2.822997713995432
 30
0.0
  0
SEQEND
  5
2B72
  8
DOCUMENT-LAYER
  0
POLYLINE
  5
1836
  8
DOCUMENT-LAYER
 66
     1
 10
0.0
 20
0.0
 30
0.0
 40
0.1
 41
0.1
  0
VERTEX
  5
26E1
  8
DOCUMENT-LAYER
 10
58.49391643383289
 20
-2.972858267716532
 30
0.0
  0
VERTEX
  5
26E2
  8
DOCUMENT-LAYER
 10
58.7987175514351
 20
-2.822997713995432
 30
0.0
  0
SEQEND
  5
2B73
  8
DOCUMENT-LAYER
  0
POLYLINE
  5
1837
  8
DOCUMENT-LAYER
 66
     1
 10
0.0
 20
0.0
 30
0.0
 40
0.1
 41
0.1
  0
VERTEX
  5
26E3
  8
DOCUMENT-LAYER
 10
62.70525323850649
 20
-2.972858267716532
 30
0.0
  0
VERTEX
  5
26E4
  8
DOCUMENT-LAYER
 10
63.01005689611381
 20
-2.822997713995432
 30
0.0
  0
SEQEND
  5
2B74
  8
DOCUMENT-LAYER
  0
POLYLINE
  5
1838
  8
DOCUMENT-LAYER
 66
     1
 10
0.0
 20
0.0
 30
0.0
 40
0.1
 41
0.1
  0
VERTEX
  5
26E5
  8
DOCUMENT-LAYER
 10
4.82675539751079
 20
105.0409441198883
 30
0.0
  0
VERTEX
  5
26E6
  8
DOCUMENT-LAYER
 10
5.006755905511807
 20
105.0709441198883
 30
0.0
  0
SEQEND
  5
2B75
  8
DOCUMENT-LAYER
  0
POLYLINE
  5
1839
  8
DOCUMENT-LAYER
 66
     1
 10
0.0
 20
0.0
 30
0.0
 40
0.1
 41
0.1
  0
VERTEX
  5
26E7
  8
DOCUMENT-LAYER
 10
0.0120924561849188
 20
105.0409441198883
 30
0.0
  0
VERTEX
  5
26E8
  8
DOCUMENT-LAYER
 10
-0.1679077978155909
 20
105.0109441198882
 30
0.0
  0
SEQEND
  5
2B76
  8
DOCUMENT-LAYER
  0
POLYLINE
  5
1840
  8
DOCUMENT-LAYER
 66
     1
 10
0.0
 20
0.0
 30
0.0
 40
0.1
 41
0.1
  0
VERTEX
  5
26E9
  8
DOCUMENT-LAYER
 10
161.4316482092964
 20
104.200665481331
 30
0.0
  0
VERTEX
  5
26EA
  8
DOCUMENT-LAYER
 10
161.2516479552959
 20
104.2306657353315
 30
0.0
  0
SEQEND
  5
2B77
  8
DOCUMENT-LAYER
  0
POLYLINE
  5
1841
  8
DOCUMENT-LAYER
 66
     1
 10
0.0
 20
0.0
 30
0.0
 40
0.1
 41
0.1
  0
VERTEX
  5
26EB
  8
DOCUMENT-LAYER
 10
169.0200251460503
 20
104.2606657353315
 30
0.0
  0
VERTEX
  5
26EC
  8
DOCUMENT-LAYER
 10
169.2000256540514
 20
104.2306657353315
 30
0.0
  0
SEQEND
  5
2B78
  8
DOCUMENT-LAYER
  0
POLYLINE
  5
1842
  8
DOCUMENT-LAYER
 66
     1
 10
0.0
 20
0.0
 30
0.0
 40
0.1
 41
0.1
  0
VERTEX
  5
26ED
  8
DOCUMENT-LAYER
 10
141.5656751333503
 20
-3.579920751841509
 30
0.0
  0
VERTEX
  5
26EE
  8
DOCUMENT-LAYER
 10
141.5656751333503
 20
-3.125256540513075
 30
0.0
  0
SEQEND
  5
2B79
  8
DOCUMENT-LAYER
  0
POLYLINE
  5
1843
  8
DOCUMENT-LAYER
 66
     1
 10
0.0
 20
0.0
 30
0.0
 40
0.1
 41
0.1
  0
VERTEX
  5
26EF
  8
DOCUMENT-LAYER
 10
142.4445186690373
 20
-4.943906273812547
 30
0.0
  0
VERTEX
  5
26F0
  8
DOCUMENT-LAYER
 10
142.4445186690373
 20
-2.822997713995432
 30
0.0
  0
SEQEND
  5
2B7A
  8
DOCUMENT-LAYER
  0
POLYLINE
  5
1844
  8
DOCUMENT-LAYER
 66
     1
 10
0.0
 20
0.0
 30
0.0
 40
0.1
 41
0.1
  0
VERTEX
  5
26F1
  8
DOCUMENT-LAYER
 10
144.1107653035306
 20
-4.943906273812547
 30
0.0
  0
VERTEX
  5
26F2
  8
DOCUMENT-LAYER
 10
144.1107653035306
 20
-3.427520193040386
 30
0.0
  0
SEQEND
  5
2B7B
  8
DOCUMENT-LAYER
  0
POLYLINE
  5
1845
  8
DOCUMENT-LAYER
 66
     1
 10
0.0
 20
0.0
 30
0.0
 40
0.1
 41
0.1
  0
VERTEX
  5
26F3
  8
DOCUMENT-LAYER
 10
145.777014478029
 20
-4.943906273812547
 30
0.0
  0
VERTEX
  5
26F4
  8
DOCUMENT-LAYER
 10
145.777014478029
 20
-3.427520193040386
 30
0.0
  0
SEQEND
  5
2B7C
  8
DOCUMENT-LAYER
  0
POLYLINE
  5
1846
  8
DOCUMENT-LAYER
 66
     1
 10
0.0
 20
0.0
 30
0.0
 40
0.1
 41
0.1
  0
VERTEX
  5
26F5
  8
DOCUMENT-LAYER
 10
146.655855473711
 20
-4.943906273812547
 30
0.0
  0
VERTEX
  5
26F6
  8
DOCUMENT-LAYER
 10
146.655855473711
 20
-2.822997713995432
 30
0.0
  0
SEQEND
  5
2B7D
  8
DOCUMENT-LAYER
  0
POLYLINE
  5
1847
  8
DOCUMENT-LAYER
 66
     1
 10
0.0
 20
0.0
 30
0.0
 40
0.1
 41
0.1
  0
VERTEX
  5
26F7
  8
DOCUMENT-LAYER
 10
147.7392131064263
 20
99.82040538481078
 30
0.0
  0
VERTEX
  5
26F8
  8
DOCUMENT-LAYER
 10
147.7692131064262
 20
100.0004030988062
 30
0.0
  0
SEQEND
  5
2B7E
  8
DOCUMENT-LAYER
  0
POLYLINE
  5
1848
  8
DOCUMENT-LAYER
 66
     1
 10
0.0
 20
0.0
 30
0.0
 40
0.1
 41
0.1
  0
VERTEX
  5
26F9
  8
DOCUMENT-LAYER
 10
181.2117386334773
 20
77.34187172974347
 30
0.0
  0
VERTEX
  5
26FA
  8
DOCUMENT-LAYER
 10
181.5139997459995
 20
77.64413284226569
 30
0.0
  0
SEQEND
  5
2B7F
  8
DOCUMENT-LAYER
  0
POLYLINE
  5
1849
  8
DOCUMENT-LAYER
 66
     1
 10
0.0
 20
0.0
 30
0.0
 40
0.1
 41
0.1
  0
VERTEX
  5
26FB
  8
DOCUMENT-LAYER
 10
180.906937515875
 20
75.85596570993143
 30
0.0
  0
VERTEX
  5
26FC
  8
DOCUMENT-LAYER
 10
181.2117386334773
 20
76.15822707645417
 30
0.0
  0
SEQEND
  5
2B80
  8
DOCUMENT-LAYER
  0
POLYLINE
  5
1850
  8
DOCUMENT-LAYER
 66
     1
 10
0.0
 20
0.0
 30
0.0
 40
0.1
 41
0.1
  0
VERTEX
  5
26FD
  8
DOCUMENT-LAYER
 10
179.6953525527051
 20
79.00811836423674
 30
0.0
  0
VERTEX
  5
26FE
  8
DOCUMENT-LAYER
 10
179.8477531115063
 20
79.15797891795785
 30
0.0
  0
SEQEND
  5
2B81
  8
DOCUMENT-LAYER
  0
POLYLINE
  5
1851
  8
DOCUMENT-LAYER
 66
     1
 10
0.0
 20
0.0
 30
0.0
 40
0.1
 41
0.1
  0
VERTEX
  5
26FF
  8
DOCUMENT-LAYER
 10
182.1185196850394
 20
72.12469088138177
 30
0.0
  0
VERTEX
  5
2700
  8
DOCUMENT-LAYER
 10
182.5731841503683
 20
71.82243230886462
 30
0.0
  0
SEQEND
  5
2B82
  8
DOCUMENT-LAYER
  0
POLYLINE
  5
1852
  8
DOCUMENT-LAYER
 66
     1
 10
0.0
 20
0.0
 30
0.0
 40
0.1
 41
0.1
  0
VERTEX
  5
2701
  8
DOCUMENT-LAYER
 10
179.6953525527051
 20
74.79424155448311
 30
0.0
  0
VERTEX
  5
2702
  8
DOCUMENT-LAYER
 10
180.150014478029
 20
74.49198044196089
 30
0.0
  0
SEQEND
  5
2B83
  8
DOCUMENT-LAYER
  0
POLYLINE
  5
1853
  8
DOCUMENT-LAYER
 66
     1
 10
0.0
 20
0.0
 30
0.0
 40
0.1
 41
0.1
  0
VERTEX
  5
2703
  8
DOCUMENT-LAYER
 10
179.6953525527051
 20
70.61084734569471
 30
0.0
  0
VERTEX
  5
2704
  8
DOCUMENT-LAYER
 10
180.150014478029
 20
70.30604368808739
 30
0.0
  0
SEQEND
  5
2B84
  8
DOCUMENT-LAYER
  0
POLYLINE
  5
1854
  8
DOCUMENT-LAYER
 66
     1
 10
0.0
 20
0.0
 30
0.0
 40
0.1
 41
0.1
  0
VERTEX
  5
2705
  8
DOCUMENT-LAYER
 10
147.7692131064262
 20
58.56444272288546
 30
0.0
  0
VERTEX
  5
2706
  8
DOCUMENT-LAYER
 10
147.7392131064263
 20
58.74444323088646
 30
0.0
  0
SEQEND
  5
2B85
  8
DOCUMENT-LAYER
  0
POLYLINE
  5
1855
  8
DOCUMENT-LAYER
 66
     1
 10
0.0
 20
0.0
 30
0.0
 40
0.1
 41
0.1
  0
VERTEX
  5
2707
  8
DOCUMENT-LAYER
 10
147.7692131064262
 20
58.74444323088646
 30
0.0
  0
VERTEX
  5
2708
  8
DOCUMENT-LAYER
 10
147.7692131064262
 20
76.76444119888241
 30
0.0
  0
SEQEND
  5
2B86
  8
DOCUMENT-LAYER
  0
POLYLINE
  5
1856
  8
DOCUMENT-LAYER
 66
     1
 10
0.0
 20
0.0
 30
0.0
 40
0.1
 41
0.1
  0
VERTEX
  5
2709
  8
DOCUMENT-LAYER
 10
147.7692131064262
 20
81.64305613411229
 30
0.0
  0
VERTEX
  5
270A
  8
DOCUMENT-LAYER
 10
147.7692131064262
 20
99.82040538481078
 30
0.0
  0
SEQEND
  5
2B87
  8
DOCUMENT-LAYER
  0
POLYLINE
  5
1857
  8
DOCUMENT-LAYER
 66
     1
 10
0.0
 20
0.0
 30
0.0
 40
0.1
 41
0.1
  0
VERTEX
  5
270B
  8
DOCUMENT-LAYER
 10
148.3221046482093
 20
-4.943906273812547
 30
0.0
  0
VERTEX
  5
270C
  8
DOCUMENT-LAYER
 10
148.3221046482093
 20
-3.427520193040386
 30
0.0
  0
SEQEND
  5
2B88
  8
DOCUMENT-LAYER
  0
POLYLINE
  5
1858
  8
DOCUMENT-LAYER
 66
     1
 10
0.0
 20
0.0
 30
0.0
 40
0.1
 41
0.1
  0
VERTEX
  5
270D
  8
DOCUMENT-LAYER
 10
149.9883487426975
 20
-4.943906273812547
 30
0.0
  0
VERTEX
  5
270E
  8
DOCUMENT-LAYER
 10
149.9883487426975
 20
-3.427520193040386
 30
0.0
  0
SEQEND
  5
2B89
  8
DOCUMENT-LAYER
  0
POLYLINE
  5
1859
  8
DOCUMENT-LAYER
 66
     1
 10
0.0
 20
0.0
 30
0.0
 40
0.1
 41
0.1
  0
VERTEX
  5
270F
  8
DOCUMENT-LAYER
 10
147.7992131064262
 20
58.74444323088646
 30
0.0
  0
VERTEX
  5
2710
  8
DOCUMENT-LAYER
 10
147.7692131064262
 20
58.56444272288546
 30
0.0
  0
SEQEND
  5
2B8A
  8
DOCUMENT-LAYER
  0
POLYLINE
  5
1860
  8
DOCUMENT-LAYER
 66
     1
 10
0.0
 20
0.0
 30
0.0
 40
0.1
 41
0.1
  0
VERTEX
  5
2711
  8
DOCUMENT-LAYER
 10
155.9050612141224
 20
99.82040538481078
 30
0.0
  0
VERTEX
  5
2712
  8
DOCUMENT-LAYER
 10
155.9350612141224
 20
100.0004030988062
 30
0.0
  0
SEQEND
  5
2B8B
  8
DOCUMENT-LAYER
  0
POLYLINE
  5
1861
  8
DOCUMENT-LAYER
 66
     1
 10
0.0
 20
0.0
 30
0.0
 40
0.1
 41
0.1
  0
VERTEX
  5
2713
  8
DOCUMENT-LAYER
 10
155.9650612141224
 20
88.25610998221998
 30
0.0
  0
VERTEX
  5
2714
  8
DOCUMENT-LAYER
 10
155.9350612141224
 20
88.07610972821946
 30
0.0
  0
SEQEND
  5
2B8C
  8
DOCUMENT-LAYER
  0
POLYLINE
  5
1862
  8
DOCUMENT-LAYER
 66
     1
 10
0.0
 20
0.0
 30
0.0
 40
0.1
 41
0.1
  0
VERTEX
  5
2715
  8
DOCUMENT-LAYER
 10
141.4158145796292
 20
-4.336841249682498
 30
0.0
  0
VERTEX
  5
2716
  8
DOCUMENT-LAYER
 10
141.5656751333503
 20
-3.579920751841509
 30
0.0
  0
SEQEND
  5
2B8D
  8
DOCUMENT-LAYER
  0
POLYLINE
  5
1863
  8
DOCUMENT-LAYER
 66
     1
 10
0.0
 20
0.0
 30
0.0
 40
0.1
 41
0.1
  0
VERTEX
  5
2717
  8
DOCUMENT-LAYER
 10
135.4112329184659
 20
-3.125256540513075
 30
0.0
  0
VERTEX
  5
2718
  8
DOCUMENT-LAYER
 10
135.5636337312675
 20
-2.368336042672086
 30
0.0
  0
SEQEND
  5
2B8E
  8
DOCUMENT-LAYER
  0
POLYLINE
  5
1864
  8
DOCUMENT-LAYER
 66
     1
 10
0.0
 20
0.0
 30
0.0
 40
0.1
 41
0.1
  0
VERTEX
  5
2719
  8
DOCUMENT-LAYER
 10
139.4447691135383
 20
-3.125256540513075
 30
0.0
  0
VERTEX
  5
271A
  8
DOCUMENT-LAYER
 10
139.5971696723394
 20
-2.368336042672086
 30
0.0
  0
SEQEND
  5
2B8F
  8
DOCUMENT-LAYER
  0
POLYLINE
  5
1865
  8
DOCUMENT-LAYER
 66
     1
 10
0.0
 20
0.0
 30
0.0
 40
0.1
 41
0.1
  0
VERTEX
  5
271B
  8
DOCUMENT-LAYER
 10
179.9976139192278
 20
73.30833553467107
 30
0.0
  0
VERTEX
  5
271C
  8
DOCUMENT-LAYER
 10
180.150014478029
 20
73.46073609347219
 30
0.0
  0
SEQEND
  5
2B90
  8
DOCUMENT-LAYER
  0
POLYLINE
  5
1866
  8
DOCUMENT-LAYER
 66
     1
 10
0.0
 20
0.0
 30
0.0
 40
0.1
 41
0.1
  0
VERTEX
  5
271D
  8
DOCUMENT-LAYER
 10
180.150014478029
 20
73.15593751587504
 30
0.0
  0
VERTEX
  5
271E
  8
DOCUMENT-LAYER
 10
180.3024150368301
 20
73.30833553467107
 30
0.0
  0
SEQEND
  5
2B91
  8
DOCUMENT-LAYER
  0
POLYLINE
  5
1867
  8
DOCUMENT-LAYER
 66
     1
 10
0.0
 20
0.0
 30
0.0
 40
0.1
 41
0.1
  0
VERTEX
  5
271F
  8
DOCUMENT-LAYER
 10
182.2709227838456
 20
74.49198044196089
 30
0.0
  0
VERTEX
  5
2720
  8
DOCUMENT-LAYER
 10
182.5731841503683
 20
74.79424155448311
 30
0.0
  0
SEQEND
  5
2B92
  8
DOCUMENT-LAYER
  0
POLYLINE
  5
1868
  8
DOCUMENT-LAYER
 66
     1
 10
0.0
 20
0.0
 30
0.0
 40
0.1
 41
0.1
  0
VERTEX
  5
2721
  8
DOCUMENT-LAYER
 10
-0.0006431292862519
 20
110.2521026162053
 30
0.0
  0
VERTEX
  5
2722
  8
DOCUMENT-LAYER
 10
0.7353934467868914
 20
110.4493243586487
 30
0.0
  0
SEQEND
  5
2B93
  8
DOCUMENT-LAYER
  0
POLYLINE
  5
1869
  8
DOCUMENT-LAYER
 66
     1
 10
0.0
 20
0.0
 30
0.0
 40
0.1
 41
0.1
  0
VERTEX
  5
2723
  8
DOCUMENT-LAYER
 10
168.4639890779782
 20
110.4493243586487
 30
0.0
  0
VERTEX
  5
2724
  8
DOCUMENT-LAYER
 10
169.2000256540514
 20
110.2521026162053
 30
0.0
  0
SEQEND
  5
2B94
  8
DOCUMENT-LAYER
  0
POLYLINE
  5
1870
  8
DOCUMENT-LAYER
 66
     1
 10
0.0
 20
0.0
 30
0.0
 40
0.1
 41
0.1
  0
VERTEX
  5
2725
  8
DOCUMENT-LAYER
 10
181.0593380746762
 20
63.39975590551181
 30
0.0
  0
VERTEX
  5
2726
  8
DOCUMENT-LAYER
 10
181.5139997459995
 20
62.94509677419355
 30
0.0
  0
SEQEND
  5
2B95
  8
DOCUMENT-LAYER
  0
POLYLINE
  5
1871
  8
DOCUMENT-LAYER
 66
     1
 10
0.0
 20
0.0
 30
0.0
 40
0.1
 41
0.1
  0
VERTEX
  5
2727
  8
DOCUMENT-LAYER
 10
181.0593380746762
 20
65.06600254000509
 30
0.0
  0
VERTEX
  5
2728
  8
DOCUMENT-LAYER
 10
181.5139997459995
 20
64.61134086868174
 30
0.0
  0
SEQEND
  5
2B96
  8
DOCUMENT-LAYER
  0
POLYLINE
  5
1872
  8
DOCUMENT-LAYER
 66
     1
 10
0.0
 20
0.0
 30
0.0
 40
0.1
 41
0.1
  0
VERTEX
  5
2729
  8
DOCUMENT-LAYER
 10
181.0593380746762
 20
67.61109271018543
 30
0.0
  0
VERTEX
  5
272A
  8
DOCUMENT-LAYER
 10
181.5139997459995
 20
67.1564310388621
 30
0.0
  0
SEQEND
  5
2B97
  8
DOCUMENT-LAYER
  0
POLYLINE
  5
1873
  8
DOCUMENT-LAYER
 66
     1
 10
0.0
 20
0.0
 30
0.0
 40
0.1
 41
0.1
  0
VERTEX
  5
272B
  8
DOCUMENT-LAYER
 10
181.6669974599949
 20
13.58947599695199
 30
0.0
  0
VERTEX
  5
272C
  8
DOCUMENT-LAYER
 10
181.8168580137161
 20
13.28721488442977
 30
0.0
  0
SEQEND
  5
2B98
  8
DOCUMENT-LAYER
  0
POLYLINE
  5
1874
  8
DOCUMENT-LAYER
 66
     1
 10
0.0
 20
0.0
 30
0.0
 40
0.1
 41
0.1
  0
VERTEX
  5
272D
  8
DOCUMENT-LAYER
 10
181.6669974599949
 20
17.8008128016256
 30
0.0
  0
VERTEX
  5
272E
  8
DOCUMENT-LAYER
 10
181.8168580137161
 20
17.49855168910338
 30
0.0
  0
SEQEND
  5
2B99
  8
DOCUMENT-LAYER
  0
POLYLINE
  5
1875
  8
DOCUMENT-LAYER
 66
     1
 10
0.0
 20
0.0
 30
0.0
 40
0.1
 41
0.1
  0
VERTEX
  5
272F
  8
DOCUMENT-LAYER
 10
181.6669974599949
 20
11.92322936245873
 30
0.0
  0
VERTEX
  5
2730
  8
DOCUMENT-LAYER
 10
181.8168580137161
 20
11.61842799085599
 30
0.0
  0
SEQEND
  5
2B9A
  8
DOCUMENT-LAYER
  0
POLYLINE
  5
1876
  8
DOCUMENT-LAYER
 66
     1
 10
0.0
 20
0.0
 30
0.0
 40
0.1
 41
0.1
  0
VERTEX
  5
2731
  8
DOCUMENT-LAYER
 10
181.6669974599949
 20
16.13456616713234
 30
0.0
  0
VERTEX
  5
2732
  8
DOCUMENT-LAYER
 10
181.8168580137161
 20
15.8297650495301
 30
0.0
  0
SEQEND
  5
2B9B
  8
DOCUMENT-LAYER
  0
POLYLINE
  5
1877
  8
DOCUMENT-LAYER
 66
     1
 10
0.0
 20
0.0
 30
0.0
 40
0.1
 41
0.1
  0
VERTEX
  5
2733
  8
DOCUMENT-LAYER
 10
147.7692131064262
 20
100.0004030988062
 30
0.0
  0
VERTEX
  5
2734
  8
DOCUMENT-LAYER
 10
147.7992131064262
 20
99.82040538481078
 30
0.0
  0
SEQEND
  5
2B9C
  8
DOCUMENT-LAYER
  0
POLYLINE
  5
1878
  8
DOCUMENT-LAYER
 66
     1
 10
0.0
 20
0.0
 30
0.0
 40
0.1
 41
0.1
  0
VERTEX
  5
2735
  8
DOCUMENT-LAYER
 10
155.9350612141224
 20
88.25610998221998
 30
0.0
  0
VERTEX
  5
2736
  8
DOCUMENT-LAYER
 10
155.9350612141224
 20
91.46628702057406
 30
0.0
  0
SEQEND
  5
2B9D
  8
DOCUMENT-LAYER
  0
POLYLINE
  5
1879
  8
DOCUMENT-LAYER
 66
     1
 10
0.0
 20
0.0
 30
0.0
 40
0.1
 41
0.1
  0
VERTEX
  5
2737
  8
DOCUMENT-LAYER
 10
155.9350612141224
 20
96.24391770383542
 30
0.0
  0
VERTEX
  5
2738
  8
DOCUMENT-LAYER
 10
155.9350612141224
 20
99.82040538481078
 30
0.0
  0
SEQEND
  5
2B9E
  8
DOCUMENT-LAYER
  0
POLYLINE
  5
1880
  8
DOCUMENT-LAYER
 66
     1
 10
0.0
 20
0.0
 30
0.0
 40
0.1
 41
0.1
  0
VERTEX
  5
2739
  8
DOCUMENT-LAYER
 10
134.3799888239776
 20
-4.48924180848362
 30
0.0
  0
VERTEX
  5
273A
  8
DOCUMENT-LAYER
 10
134.5323896367793
 20
-4.034582677165348
 30
0.0
  0
SEQEND
  5
2B9F
  8
DOCUMENT-LAYER
  0
POLYLINE
  5
1881
  8
DOCUMENT-LAYER
 66
     1
 10
0.0
 20
0.0
 30
0.0
 40
0.1
 41
0.1
  0
VERTEX
  5
273B
  8
DOCUMENT-LAYER
 10
135.4112329184659
 20
-3.88218211836424
 30
0.0
  0
VERTEX
  5
273C
  8
DOCUMENT-LAYER
 10
135.5636337312675
 20
-3.427520193040386
 30
0.0
  0
SEQEND
  5
2BA0
  8
DOCUMENT-LAYER
  0
POLYLINE
  5
1882
  8
DOCUMENT-LAYER
 66
     1
 10
0.0
 20
0.0
 30
0.0
 40
0.1
 41
0.1
  0
VERTEX
  5
273D
  8
DOCUMENT-LAYER
 10
137.2298778257556
 20
-4.48924180848362
 30
0.0
  0
VERTEX
  5
273E
  8
DOCUMENT-LAYER
 10
137.3822783845568
 20
-4.034582677165348
 30
0.0
  0
SEQEND
  5
2BA1
  8
DOCUMENT-LAYER
  0
POLYLINE
  5
1883
  8
DOCUMENT-LAYER
 66
     1
 10
0.0
 20
0.0
 30
0.0
 40
0.1
 41
0.1
  0
VERTEX
  5
273F
  8
DOCUMENT-LAYER
 10
181.3647386334773
 20
25.13636220472441
 30
0.0
  0
VERTEX
  5
2740
  8
DOCUMENT-LAYER
 10
181.8168580137161
 20
25.28876276352554
 30
0.0
  0
SEQEND
  5
2BA2
  8
DOCUMENT-LAYER
  0
POLYLINE
  5
1884
  8
DOCUMENT-LAYER
 66
     1
 10
0.0
 20
0.0
 30
0.0
 40
0.1
 41
0.1
  0
VERTEX
  5
2741
  8
DOCUMENT-LAYER
 10
180.9100769621539
 20
26.16760883921769
 30
0.0
  0
VERTEX
  5
2742
  8
DOCUMENT-LAYER
 10
181.3647386334773
 20
26.32000685801372
 30
0.0
  0
SEQEND
  5
2BA3
  8
DOCUMENT-LAYER
  0
POLYLINE
  5
1885
  8
DOCUMENT-LAYER
 66
     1
 10
0.0
 20
0.0
 30
0.0
 40
0.1
 41
0.1
  0
VERTEX
  5
2743
  8
DOCUMENT-LAYER
 10
180.906937515875
 20
74.79424155448311
 30
0.0
  0
VERTEX
  5
2744
  8
DOCUMENT-LAYER
 10
181.2117386334773
 20
74.49198044196089
 30
0.0
  0
SEQEND
  5
2BA4
  8
DOCUMENT-LAYER
  0
POLYLINE
  5
1886
  8
DOCUMENT-LAYER
 66
     1
 10
0.0
 20
0.0
 30
0.0
 40
0.1
 41
0.1
  0
VERTEX
  5
2745
  8
DOCUMENT-LAYER
 10
181.0593380746762
 20
69.27734188468378
 30
0.0
  0
VERTEX
  5
2746
  8
DOCUMENT-LAYER
 10
181.5139997459995
 20
68.82267767335536
 30
0.0
  0
SEQEND
  5
2BA5
  8
DOCUMENT-LAYER
  0
POLYLINE
  5
1887
  8
DOCUMENT-LAYER
 66
     1
 10
0.0
 20
0.0
 30
0.0
 40
0.1
 41
0.1
  0
VERTEX
  5
2747
  8
DOCUMENT-LAYER
 10
179.9976139192278
 20
73.30833553467107
 30
0.0
  0
VERTEX
  5
2748
  8
DOCUMENT-LAYER
 10
180.150014478029
 20
73.15593751587504
 30
0.0
  0
SEQEND
  5
2BA6
  8
DOCUMENT-LAYER
  0
POLYLINE
  5
1888
  8
DOCUMENT-LAYER
 66
     1
 10
0.0
 20
0.0
 30
0.0
 40
0.1
 41
0.1
  0
VERTEX
  5
2749
  8
DOCUMENT-LAYER
 10
180.150014478029
 20
73.46073609347219
 30
0.0
  0
VERTEX
  5
274A
  8
DOCUMENT-LAYER
 10
180.3024150368301
 20
73.30833553467107
 30
0.0
  0
SEQEND
  5
2BA7
  8
DOCUMENT-LAYER
  0
POLYLINE
  5
1889
  8
DOCUMENT-LAYER
 66
     1
 10
0.0
 20
0.0
 30
0.0
 40
0.1
 41
0.1
  0
VERTEX
  5
274B
  8
DOCUMENT-LAYER
 10
179.6953525527051
 20
77.64413284226569
 30
0.0
  0
VERTEX
  5
274C
  8
DOCUMENT-LAYER
 10
179.9976139192278
 20
77.34187172974347
 30
0.0
  0
SEQEND
  5
2BA8
  8
DOCUMENT-LAYER
  0
POLYLINE
  5
1890
  8
DOCUMENT-LAYER
 66
     1
 10
0.0
 20
0.0
 30
0.0
 40
0.1
 41
0.1
  0
VERTEX
  5
274D
  8
DOCUMENT-LAYER
 10
182.2709227838456
 20
76.15822707645417
 30
0.0
  0
VERTEX
  5
274E
  8
DOCUMENT-LAYER
 10
182.5731841503683
 20
75.85596570993143
 30
0.0
  0
SEQEND
  5
2BA9
  8
DOCUMENT-LAYER
  0
POLYLINE
  5
1891
  8
DOCUMENT-LAYER
 66
     1
 10
0.0
 20
0.0
 30
0.0
 40
0.1
 41
0.1
  0
VERTEX
  5
274F
  8
DOCUMENT-LAYER
 10
179.695951993904
 20
20.04364185928373
 30
0.0
  0
VERTEX
  5
2750
  8
DOCUMENT-LAYER
 10
179.8483525527051
 20
19.58897993395986
 30
0.0
  0
SEQEND
  5
2BAA
  8
DOCUMENT-LAYER
  0
POLYLINE
  5
1892
  8
DOCUMENT-LAYER
 66
     1
 10
0.0
 20
0.0
 30
0.0
 40
0.1
 41
0.1
  0
VERTEX
  5
2751
  8
DOCUMENT-LAYER
 10
178.3633459486919
 20
0.7360391160782314
 30
0.0
  0
VERTEX
  5
2752
  8
DOCUMENT-LAYER
 10
178.5605674371349
 20
0.0
 30
0.0
  0
SEQEND
  5
2BAB
  8
DOCUMENT-LAYER
  0
POLYLINE
  5
1893
  8
DOCUMENT-LAYER
 66
     1
 10
0.0
 20
0.0
 30
0.0
 40
0.1
 41
0.1
  0
VERTEX
  5
2753
  8
DOCUMENT-LAYER
 10
155.9350612141224
 20
88.07610972821946
 30
0.0
  0
VERTEX
  5
2754
  8
DOCUMENT-LAYER
 10
155.9050612141224
 20
88.25610998221998
 30
0.0
  0
SEQEND
  5
2BAC
  8
DOCUMENT-LAYER
  0
POLYLINE
  5
1894
  8
DOCUMENT-LAYER
 66
     1
 10
0.0
 20
0.0
 30
0.0
 40
0.1
 41
0.1
  0
VERTEX
  5
2755
  8
DOCUMENT-LAYER
 10
155.9350612141224
 20
100.0004030988062
 30
0.0
  0
VERTEX
  5
2756
  8
DOCUMENT-LAYER
 10
155.9650612141224
 20
99.82040538481078
 30
0.0
  0
SEQEND
  5
2BAD
  8
DOCUMENT-LAYER
  0
POLYLINE
  5
1895
  8
DOCUMENT-LAYER
 66
     1
 10
0.0
 20
0.0
 30
0.0
 40
0.1
 41
0.1
  0
VERTEX
  5
2757
  8
DOCUMENT-LAYER
 10
161.2516479552959
 20
88.07610972821946
 30
0.0
  0
VERTEX
  5
2758
  8
DOCUMENT-LAYER
 10
161.2516479552959
 20
104.410665989332
 30
0.0
  0
SEQEND
  5
2BAE
  8
DOCUMENT-LAYER
  0
POLYLINE
  5
1896
  8
DOCUMENT-LAYER
 66
     1
 10
0.0
 20
0.0
 30
0.0
 40
0.1
 41
0.1
  0
VERTEX
  5
2759
  8
DOCUMENT-LAYER
 10
161.3671219202439
 20
58.62483413766829
 30
0.0
  0
VERTEX
  5
275A
  8
DOCUMENT-LAYER
 10
161.3671219202439
 20
60.39250088900179
 30
0.0
  0
SEQEND
  5
2BAF
  8
DOCUMENT-LAYER
  0
POLYLINE
  5
1897
  8
DOCUMENT-LAYER
 66
     1
 10
0.0
 20
0.0
 30
0.0
 40
0.1
 41
0.1
  0
VERTEX
  5
275B
  8
DOCUMENT-LAYER
 10
161.4316482092964
 20
104.2606657353315
 30
0.0
  0
VERTEX
  5
275C
  8
DOCUMENT-LAYER
 10
161.4316482092964
 20
104.200665481331
 30
0.0
  0
SEQEND
  5
2BB0
  8
DOCUMENT-LAYER
  0
POLYLINE
  5
1898
  8
DOCUMENT-LAYER
 66
     1
 10
0.0
 20
0.0
 30
0.0
 40
0.1
 41
0.1
  0
VERTEX
  5
275D
  8
DOCUMENT-LAYER
 10
161.5471221742444
 20
60.24250038100077
 30
0.0
  0
VERTEX
  5
275E
  8
DOCUMENT-LAYER
 10
161.5471221742444
 20
60.18250038100078
 30
0.0
  0
SEQEND
  5
2BB1
  8
DOCUMENT-LAYER
  0
POLYLINE
  5
1899
  8
DOCUMENT-LAYER
 66
     1
 10
0.0
 20
0.0
 30
0.0
 40
0.1
 41
0.1
  0
VERTEX
  5
275F
  8
DOCUMENT-LAYER
 10
178.2103456946914
 20
99.30768656337315
 30
0.0
  0
VERTEX
  5
2760
  8
DOCUMENT-LAYER
 10
178.4075674371349
 20
100.0437231394463
 30
0.0
  0
SEQEND
  5
2BB2
  8
DOCUMENT-LAYER
  0
POLYLINE
  5
1900
  8
DOCUMENT-LAYER
 66
     1
 10
0.0
 20
0.0
 30
0.0
 40
0.1
 41
0.1
  0
VERTEX
  5
2761
  8
DOCUMENT-LAYER
 10
135.5636337312675
 20
-2.368336042672086
 30
0.0
  0
VERTEX
  5
2762
  8
DOCUMENT-LAYER
 10
135.8658948437897
 20
-1.913671577343159
 30
0.0
  0
SEQEND
  5
2BB3
  8
DOCUMENT-LAYER
  0
POLYLINE
  5
1901
  8
DOCUMENT-LAYER
 66
     1
 10
0.0
 20
0.0
 30
0.0
 40
0.1
 41
0.1
  0
VERTEX
  5
2763
  8
DOCUMENT-LAYER
 10
180.0007533655067
 20
28.13611430022861
 30
0.0
  0
VERTEX
  5
2764
  8
DOCUMENT-LAYER
 10
180.303014478029
 20
28.28851485902973
 30
0.0
  0
SEQEND
  5
2BB4
  8
DOCUMENT-LAYER
  0
POLYLINE
  5
1902
  8
DOCUMENT-LAYER
 66
     1
 10
0.0
 20
0.0
 30
0.0
 40
0.1
 41
0.1
  0
VERTEX
  5
2765
  8
DOCUMENT-LAYER
 10
179.8483525527051
 20
24.98396164592329
 30
0.0
  0
VERTEX
  5
2766
  8
DOCUMENT-LAYER
 10
180.1506139192279
 20
25.13636220472441
 30
0.0
  0
SEQEND
  5
2BB5
  8
DOCUMENT-LAYER
  0
POLYLINE
  5
1903
  8
DOCUMENT-LAYER
 66
     1
 10
0.0
 20
0.0
 30
0.0
 40
0.1
 41
0.1
  0
VERTEX
  5
2767
  8
DOCUMENT-LAYER
 10
135.8658948437897
 20
-1.913671577343159
 30
0.0
  0
VERTEX
  5
2768
  8
DOCUMENT-LAYER
 10
136.3205542291085
 20
-1.76127355854711
 30
0.0
  0
SEQEND
  5
2BB6
  8
DOCUMENT-LAYER
  0
POLYLINE
  5
1904
  8
DOCUMENT-LAYER
 66
     1
 10
0.0
 20
0.0
 30
0.0
 40
0.1
 41
0.1
  0
VERTEX
  5
2769
  8
DOCUMENT-LAYER
 10
135.8658948437897
 20
-3.125256540513075
 30
0.0
  0
VERTEX
  5
276A
  8
DOCUMENT-LAYER
 10
136.3205542291085
 20
-2.972858267716532
 30
0.0
  0
SEQEND
  5
2BB7
  8
DOCUMENT-LAYER
  0
POLYLINE
  5
1905
  8
DOCUMENT-LAYER
 66
     1
 10
0.0
 20
0.0
 30
0.0
 40
0.1
 41
0.1
  0
VERTEX
  5
276B
  8
DOCUMENT-LAYER
 10
181.2123380746762
 20
16.58922809245618
 30
0.0
  0
VERTEX
  5
276C
  8
DOCUMENT-LAYER
 10
181.6669974599949
 20
16.73908864617729
 30
0.0
  0
SEQEND
  5
2BB8
  8
DOCUMENT-LAYER
  0
POLYLINE
  5
1906
  8
DOCUMENT-LAYER
 66
     1
 10
0.0
 20
0.0
 30
0.0
 40
0.1
 41
0.1
  0
VERTEX
  5
276D
  8
DOCUMENT-LAYER
 10
181.2123380746762
 20
14.92298145796292
 30
0.0
  0
VERTEX
  5
276E
  8
DOCUMENT-LAYER
 10
181.6669974599949
 20
15.07284201168402
 30
0.0
  0
SEQEND
  5
2BB9
  8
DOCUMENT-LAYER
  0
POLYLINE
  5
1907
  8
DOCUMENT-LAYER
 66
     1
 10
0.0
 20
0.0
 30
0.0
 40
0.1
 41
0.1
  0
VERTEX
  5
276F
  8
DOCUMENT-LAYER
 10
132.7137396494793
 20
-2.972858267716532
 30
0.0
  0
VERTEX
  5
2770
  8
DOCUMENT-LAYER
 10
133.1684041148082
 20
-2.822997713995432
 30
0.0
  0
SEQEND
  5
2BBA
  8
DOCUMENT-LAYER
  0
POLYLINE
  5
1908
  8
DOCUMENT-LAYER
 66
     1
 10
0.0
 20
0.0
 30
0.0
 40
0.1
 41
0.1
  0
VERTEX
  5
2771
  8
DOCUMENT-LAYER
 10
181.2123380746762
 20
12.37789103378207
 30
0.0
  0
VERTEX
  5
2772
  8
DOCUMENT-LAYER
 10
181.6669974599949
 20
12.52775184150368
 30
0.0
  0
SEQEND
  5
2BBB
  8
DOCUMENT-LAYER
  0
POLYLINE
  5
1909
  8
DOCUMENT-LAYER
 66
     1
 10
0.0
 20
0.0
 30
0.0
 40
0.1
 41
0.1
  0
VERTEX
  5
2773
  8
DOCUMENT-LAYER
 10
181.3615991871984
 20
79.15797891795785
 30
0.0
  0
VERTEX
  5
2774
  8
DOCUMENT-LAYER
 10
181.5139997459995
 20
79.00811836423674
 30
0.0
  0
SEQEND
  5
2BBC
  8
DOCUMENT-LAYER
  0
POLYLINE
  5
1910
  8
DOCUMENT-LAYER
 66
     1
 10
0.0
 20
0.0
 30
0.0
 40
0.1
 41
0.1
  0
VERTEX
  5
2775
  8
DOCUMENT-LAYER
 10
179.695951993904
 20
24.22703860807722
 30
0.0
  0
VERTEX
  5
2776
  8
DOCUMENT-LAYER
 10
179.8483525527051
 20
23.77237668275338
 30
0.0
  0
SEQEND
  5
2BBD
  8
DOCUMENT-LAYER
  0
POLYLINE
  5
1911
  8
DOCUMENT-LAYER
 66
     1
 10
0.0
 20
0.0
 30
0.0
 40
0.1
 41
0.1
  0
VERTEX
  5
2777
  8
DOCUMENT-LAYER
 10
179.695951993904
 20
27.0769298958598
 30
0.0
  0
VERTEX
  5
2778
  8
DOCUMENT-LAYER
 10
179.8483525527051
 20
26.62226822453645
 30
0.0
  0
SEQEND
  5
2BBE
  8
DOCUMENT-LAYER
  0
POLYLINE
  5
1912
  8
DOCUMENT-LAYER
 66
     1
 10
0.0
 20
0.0
 30
0.0
 40
0.1
 41
0.1
  0
VERTEX
  5
2779
  8
DOCUMENT-LAYER
 10
182.7261841503683
 20
20.80056489712979
 30
0.0
  0
VERTEX
  5
277A
  8
DOCUMENT-LAYER
 10
182.8785847091694
 20
20.34590297180594
 30
0.0
  0
SEQEND
  5
2BBF
  8
DOCUMENT-LAYER
  0
POLYLINE
  5
1913
  8
DOCUMENT-LAYER
 66
     1
 10
0.0
 20
0.0
 30
0.0
 40
0.1
 41
0.1
  0
VERTEX
  5
277B
  8
DOCUMENT-LAYER
 10
182.7261841503683
 20
24.83410363220726
 30
0.0
  0
VERTEX
  5
277C
  8
DOCUMENT-LAYER
 10
182.8785847091694
 20
24.37943916687834
 30
0.0
  0
SEQEND
  5
2BC0
  8
DOCUMENT-LAYER
  0
POLYLINE
  5
1914
  8
DOCUMENT-LAYER
 66
     1
 10
0.0
 20
0.0
 30
0.0
 40
0.1
 41
0.1
  0
VERTEX
  5
277D
  8
DOCUMENT-LAYER
 10
180.9100769621539
 20
24.22703860807722
 30
0.0
  0
VERTEX
  5
277E
  8
DOCUMENT-LAYER
 10
181.0599375158751
 20
23.77237668275338
 30
0.0
  0
SEQEND
  5
2BC1
  8
DOCUMENT-LAYER
  0
POLYLINE
  5
1915
  8
DOCUMENT-LAYER
 66
     1
 10
0.0
 20
0.0
 30
0.0
 40
0.1
 41
0.1
  0
VERTEX
  5
277F
  8
DOCUMENT-LAYER
 10
169.0200251460503
 20
60.18250038100078
 30
0.0
  0
VERTEX
  5
2780
  8
DOCUMENT-LAYER
 10
169.0200251460503
 20
60.24250038100077
 30
0.0
  0
SEQEND
  5
2BC2
  8
DOCUMENT-LAYER
  0
POLYLINE
  5
1916
  8
DOCUMENT-LAYER
 66
     1
 10
0.0
 20
0.0
 30
0.0
 40
0.1
 41
0.1
  0
VERTEX
  5
2781
  8
DOCUMENT-LAYER
 10
169.0200251460503
 20
104.200665481331
 30
0.0
  0
VERTEX
  5
2782
  8
DOCUMENT-LAYER
 10
169.0200251460503
 20
104.2606657353315
 30
0.0
  0
SEQEND
  5
2BC3
  8
DOCUMENT-LAYER
  0
POLYLINE
  5
1917
  8
DOCUMENT-LAYER
 66
     1
 10
0.0
 20
0.0
 30
0.0
 40
0.1
 41
0.1
  0
VERTEX
  5
2783
  8
DOCUMENT-LAYER
 10
169.2000256540514
 20
-8.619300990601984
 30
0.0
  0
VERTEX
  5
2784
  8
DOCUMENT-LAYER
 10
169.2000256540514
 20
2.500005080010155
 30
0.0
  0
SEQEND
  5
2BC4
  8
DOCUMENT-LAYER
  0
POLYLINE
  5
1918
  8
DOCUMENT-LAYER
 66
     1
 10
0.0
 20
0.0
 30
0.0
 40
0.1
 41
0.1
  0
VERTEX
  5
2785
  8
DOCUMENT-LAYER
 10
169.2000256540514
 20
58.62483413766829
 30
0.0
  0
VERTEX
  5
2786
  8
DOCUMENT-LAYER
 10
169.2000256540514
 20
60.39250088900179
 30
0.0
  0
SEQEND
  5
2BC5
  8
DOCUMENT-LAYER
  0
POLYLINE
  5
1919
  8
DOCUMENT-LAYER
 66
     1
 10
0.0
 20
0.0
 30
0.0
 40
0.1
 41
0.1
  0
VERTEX
  5
2787
  8
DOCUMENT-LAYER
 10
169.2000256540514
 20
88.07610972821946
 30
0.0
  0
VERTEX
  5
2788
  8
DOCUMENT-LAYER
 10
169.2000256540514
 20
112.7921127762256
 30
0.0
  0
SEQEND
  5
2BC6
  8
DOCUMENT-LAYER
  0
POLYLINE
  5
1920
  8
DOCUMENT-LAYER
 66
     1
 10
0.0
 20
0.0
 30
0.0
 40
0.1
 41
0.1
  0
VERTEX
  5
2789
  8
DOCUMENT-LAYER
 10
181.5139997459995
 20
77.64413284226569
 30
0.0
  0
VERTEX
  5
278A
  8
DOCUMENT-LAYER
 10
181.663858013716
 20
78.09879730759462
 30
0.0
  0
SEQEND
  5
2BC7
  8
DOCUMENT-LAYER
  0
POLYLINE
  5
1921
  8
DOCUMENT-LAYER
 66
     1
 10
0.0
 20
0.0
 30
0.0
 40
0.1
 41
0.1
  0
VERTEX
  5
278B
  8
DOCUMENT-LAYER
 10
180.7570744221489
 20
75.40130403860809
 30
0.0
  0
VERTEX
  5
278C
  8
DOCUMENT-LAYER
 10
180.906937515875
 20
75.85596570993143
 30
0.0
  0
SEQEND
  5
2BC8
  8
DOCUMENT-LAYER
  0
POLYLINE
  5
1922
  8
DOCUMENT-LAYER
 66
     1
 10
0.0
 20
0.0
 30
0.0
 40
0.1
 41
0.1
  0
VERTEX
  5
278D
  8
DOCUMENT-LAYER
 10
179.5429494538989
 20
78.55345669291339
 30
0.0
  0
VERTEX
  5
278E
  8
DOCUMENT-LAYER
 10
179.6953525527051
 20
79.00811836423674
 30
0.0
  0
SEQEND
  5
2BC9
  8
DOCUMENT-LAYER
  0
POLYLINE
  5
1923
  8
DOCUMENT-LAYER
 66
     1
 10
0.0
 20
0.0
 30
0.0
 40
0.1
 41
0.1
  0
VERTEX
  5
278F
  8
DOCUMENT-LAYER
 10
179.5429494538989
 20
71.3677678435357
 30
0.0
  0
VERTEX
  5
2790
  8
DOCUMENT-LAYER
 10
179.6953525527051
 20
71.82243230886462
 30
0.0
  0
SEQEND
  5
2BCA
  8
DOCUMENT-LAYER
  0
POLYLINE
  5
1924
  8
DOCUMENT-LAYER
 66
     1
 10
0.0
 20
0.0
 30
0.0
 40
0.1
 41
0.1
  0
VERTEX
  5
2791
  8
DOCUMENT-LAYER
 10
179.5429494538989
 20
75.55370713741429
 30
0.0
  0
VERTEX
  5
2792
  8
DOCUMENT-LAYER
 10
179.6953525527051
 20
76.00582626365254
 30
0.0
  0
SEQEND
  5
2BCB
  8
DOCUMENT-LAYER
  0
POLYLINE
  5
1925
  8
DOCUMENT-LAYER
 66
     1
 10
0.0
 20
0.0
 30
0.0
 40
0.1
 41
0.1
  0
VERTEX
  5
2793
  8
DOCUMENT-LAYER
 10
181.5139997459995
 20
67.76095351790704
 30
0.0
  0
VERTEX
  5
2794
  8
DOCUMENT-LAYER
 10
181.663858013716
 20
68.06575717551436
 30
0.0
  0
SEQEND
  5
2BCC
  8
DOCUMENT-LAYER
  0
POLYLINE
  5
1926
  8
DOCUMENT-LAYER
 66
     1
 10
0.0
 20
0.0
 30
0.0
 40
0.1
 41
0.1
  0
VERTEX
  5
2795
  8
DOCUMENT-LAYER
 10
181.5139997459995
 20
66.09470662941327
 30
0.0
  0
VERTEX
  5
2796
  8
DOCUMENT-LAYER
 10
181.663858013716
 20
66.39950800101602
 30
0.0
  0
SEQEND
  5
2BCD
  8
DOCUMENT-LAYER
  0
POLYLINE
  5
1927
  8
DOCUMENT-LAYER
 66
     1
 10
0.0
 20
0.0
 30
0.0
 40
0.1
 41
0.1
  0
VERTEX
  5
2797
  8
DOCUMENT-LAYER
 10
181.5139997459995
 20
63.54961645923293
 30
0.0
  0
VERTEX
  5
2798
  8
DOCUMENT-LAYER
 10
181.663858013716
 20
63.85441783083566
 30
0.0
  0
SEQEND
  5
2BCE
  8
DOCUMENT-LAYER
  0
POLYLINE
  5
1928
  8
DOCUMENT-LAYER
 66
     1
 10
0.0
 20
0.0
 30
0.0
 40
0.1
 41
0.1
  0
VERTEX
  5
2799
  8
DOCUMENT-LAYER
 10
181.5139997459995
 20
61.88336982473966
 30
0.0
  0
VERTEX
  5
279A
  8
DOCUMENT-LAYER
 10
181.663858013716
 20
62.1881711963424
 30
0.0
  0
SEQEND
  5
2BCF
  8
DOCUMENT-LAYER
  0
POLYLINE
  5
1929
  8
DOCUMENT-LAYER
 66
     1
 10
0.0
 20
0.0
 30
0.0
 40
0.1
 41
0.1
  0
VERTEX
  5
279B
  8
DOCUMENT-LAYER
 10
139.5971696723394
 20
-2.368336042672086
 30
0.0
  0
VERTEX
  5
279C
  8
DOCUMENT-LAYER
 10
139.899428498857
 20
-1.913671577343159
 30
0.0
  0
SEQEND
  5
2BD0
  8
DOCUMENT-LAYER
  0
POLYLINE
  5
1930
  8
DOCUMENT-LAYER
 66
     1
 10
0.0
 20
0.0
 30
0.0
 40
0.1
 41
0.1
  0
VERTEX
  5
279D
  8
DOCUMENT-LAYER
 10
141.1110132080264
 20
-4.791505715011424
 30
0.0
  0
VERTEX
  5
279E
  8
DOCUMENT-LAYER
 10
141.4158145796292
 20
-4.336841249682498
 30
0.0
  0
SEQEND
  5
2BD1
  8
DOCUMENT-LAYER
  0
POLYLINE
  5
1931
  8
DOCUMENT-LAYER
 66
     1
 10
0.0
 20
0.0
 30
0.0
 40
0.1
 41
0.1
  0
VERTEX
  5
279F
  8
DOCUMENT-LAYER
 10
132.5638790957582
 20
-3.125256540513075
 30
0.0
  0
VERTEX
  5
27A0
  8
DOCUMENT-LAYER
 10
132.7137396494793
 20
-2.972858267716532
 30
0.0
  0
SEQEND
  5
2BD2
  8
DOCUMENT-LAYER
  0
POLYLINE
  5
1932
  8
DOCUMENT-LAYER
 66
     1
 10
0.0
 20
0.0
 30
0.0
 40
0.1
 41
0.1
  0
VERTEX
  5
27A1
  8
DOCUMENT-LAYER
 10
134.0777277114555
 20
-4.791505715011424
 30
0.0
  0
VERTEX
  5
27A2
  8
DOCUMENT-LAYER
 10
134.3799888239776
 20
-4.48924180848362
 30
0.0
  0
SEQEND
  5
2BD3
  8
DOCUMENT-LAYER
  0
POLYLINE
  5
1933
  8
DOCUMENT-LAYER
 66
     1
 10
0.0
 20
0.0
 30
0.0
 40
0.1
 41
0.1
  0
VERTEX
  5
27A3
  8
DOCUMENT-LAYER
 10
135.5636337312675
 20
-3.427520193040386
 30
0.0
  0
VERTEX
  5
27A4
  8
DOCUMENT-LAYER
 10
135.8658948437897
 20
-3.125256540513075
 30
0.0
  0
SEQEND
  5
2BD4
  8
DOCUMENT-LAYER
  0
POLYLINE
  5
1934
  8
DOCUMENT-LAYER
 66
     1
 10
0.0
 20
0.0
 30
0.0
 40
0.1
 41
0.1
  0
VERTEX
  5
27A5
  8
DOCUMENT-LAYER
 10
136.927618999238
 20
-4.791505715011424
 30
0.0
  0
VERTEX
  5
27A6
  8
DOCUMENT-LAYER
 10
137.2298778257556
 20
-4.48924180848362
 30
0.0
  0
SEQEND
  5
2BD5
  8
DOCUMENT-LAYER
  0
POLYLINE
  5
1935
  8
DOCUMENT-LAYER
 66
     1
 10
0.0
 20
0.0
 30
0.0
 40
0.1
 41
0.1
  0
VERTEX
  5
27A7
  8
DOCUMENT-LAYER
 10
138.261124460249
 20
-4.336841249682498
 30
0.0
  0
VERTEX
  5
27A8
  8
DOCUMENT-LAYER
 10
138.41352501905
 20
-4.184443230886463
 30
0.0
  0
SEQEND
  5
2BD6
  8
DOCUMENT-LAYER
  0
POLYLINE
  5
1936
  8
DOCUMENT-LAYER
 66
     1
 10
0.0
 20
0.0
 30
0.0
 40
0.1
 41
0.1
  0
VERTEX
  5
27A9
  8
DOCUMENT-LAYER
 10
138.41352501905
 20
-4.48924180848362
 30
0.0
  0
VERTEX
  5
27AA
  8
DOCUMENT-LAYER
 10
138.5659230378461
 20
-4.336841249682498
 30
0.0
  0
SEQEND
  5
2BD7
  8
DOCUMENT-LAYER
  0
POLYLINE
  5
1937
  8
DOCUMENT-LAYER
 66
     1
 10
0.0
 20
0.0
 30
0.0
 40
0.1
 41
0.1
  0
VERTEX
  5
27AB
  8
DOCUMENT-LAYER
 10
142.8991828803658
 20
-2.972858267716532
 30
0.0
  0
VERTEX
  5
27AC
  8
DOCUMENT-LAYER
 10
143.2014442468885
 20
-2.822997713995432
 30
0.0
  0
SEQEND
  5
2BD8
  8
DOCUMENT-LAYER
  0
POLYLINE
  5
1938
  8
DOCUMENT-LAYER
 66
     1
 10
0.0
 20
0.0
 30
0.0
 40
0.1
 41
0.1
  0
VERTEX
  5
27AD
  8
DOCUMENT-LAYER
 10
144.5654297688596
 20
-2.972858267716532
 30
0.0
  0
VERTEX
  5
27AE
  8
DOCUMENT-LAYER
 10
144.8702283464567
 20
-2.822997713995432
 30
0.0
  0
SEQEND
  5
2BD9
  8
DOCUMENT-LAYER
  0
POLYLINE
  5
1939
  8
DOCUMENT-LAYER
 66
     1
 10
0.0
 20
0.0
 30
0.0
 40
0.1
 41
0.1
  0
VERTEX
  5
27AF
  8
DOCUMENT-LAYER
 10
139.899428498857
 20
-1.913671577343159
 30
0.0
  0
VERTEX
  5
27B0
  8
DOCUMENT-LAYER
 10
140.3540927101855
 20
-1.76127355854711
 30
0.0
  0
SEQEND
  5
2BDA
  8
DOCUMENT-LAYER
  0
POLYLINE
  5
1940
  8
DOCUMENT-LAYER
 66
     1
 10
0.0
 20
0.0
 30
0.0
 40
0.1
 41
0.1
  0
VERTEX
  5
27B1
  8
DOCUMENT-LAYER
 10
133.6230632461265
 20
-4.943906273812547
 30
0.0
  0
VERTEX
  5
27B2
  8
DOCUMENT-LAYER
 10
134.0777277114555
 20
-4.791505715011424
 30
0.0
  0
SEQEND
  5
2BDB
  8
DOCUMENT-LAYER
  0
POLYLINE
  5
1941
  8
DOCUMENT-LAYER
 66
     1
 10
0.0
 20
0.0
 30
0.0
 40
0.1
 41
0.1
  0
VERTEX
  5
27B3
  8
DOCUMENT-LAYER
 10
136.4729547879096
 20
-4.943906273812547
 30
0.0
  0
VERTEX
  5
27B4
  8
DOCUMENT-LAYER
 10
136.927618999238
 20
-4.791505715011424
 30
0.0
  0
SEQEND
  5
2BDC
  8
DOCUMENT-LAYER
  0
POLYLINE
  5
1942
  8
DOCUMENT-LAYER
 66
     1
 10
0.0
 20
0.0
 30
0.0
 40
0.1
 41
0.1
  0
VERTEX
  5
27B5
  8
DOCUMENT-LAYER
 10
140.6563540767082
 20
-4.943906273812547
 30
0.0
  0
VERTEX
  5
27B6
  8
DOCUMENT-LAYER
 10
141.1110132080264
 20
-4.791505715011424
 30
0.0
  0
SEQEND
  5
2BDD
  8
DOCUMENT-LAYER
  0
POLYLINE
  5
1943
  8
DOCUMENT-LAYER
 66
     1
 10
0.0
 20
0.0
 30
0.0
 40
0.1
 41
0.1
  0
VERTEX
  5
27B7
  8
DOCUMENT-LAYER
 10
181.2123380746762
 20
10.7116443992888
 30
0.0
  0
VERTEX
  5
27B8
  8
DOCUMENT-LAYER
 10
181.6669974599949
 20
10.86150774701549
 30
0.0
  0
SEQEND
  5
2BDE
  8
DOCUMENT-LAYER
  0
POLYLINE
  5
1944
  8
DOCUMENT-LAYER
 66
     1
 10
0.0
 20
0.0
 30
0.0
 40
0.1
 41
0.1
  0
VERTEX
  5
27B9
  8
DOCUMENT-LAYER
 10
181.5139997459995
 20
64.61134086868174
 30
0.0
  0
VERTEX
  5
27BA
  8
DOCUMENT-LAYER
 10
181.663858013716
 20
64.30907950215901
 30
0.0
  0
SEQEND
  5
2BDF
  8
DOCUMENT-LAYER
  0
POLYLINE
  5
1945
  8
DOCUMENT-LAYER
 66
     1
 10
0.0
 20
0.0
 30
0.0
 40
0.1
 41
0.1
  0
VERTEX
  5
27BB
  8
DOCUMENT-LAYER
 10
181.5139997459995
 20
68.82267767335536
 30
0.0
  0
VERTEX
  5
27BC
  8
DOCUMENT-LAYER
 10
181.663858013716
 20
68.52041656083313
 30
0.0
  0
SEQEND
  5
2BE0
  8
DOCUMENT-LAYER
  0
POLYLINE
  5
1946
  8
DOCUMENT-LAYER
 66
     1
 10
0.0
 20
0.0
 30
0.0
 40
0.1
 41
0.1
  0
VERTEX
  5
27BD
  8
DOCUMENT-LAYER
 10
181.5139997459995
 20
62.94509677419355
 30
0.0
  0
VERTEX
  5
27BE
  8
DOCUMENT-LAYER
 10
181.663858013716
 20
62.64029286258572
 30
0.0
  0
SEQEND
  5
2BE1
  8
DOCUMENT-LAYER
  0
POLYLINE
  5
1947
  8
DOCUMENT-LAYER
 66
     1
 10
0.0
 20
0.0
 30
0.0
 40
0.1
 41
0.1
  0
VERTEX
  5
27BF
  8
DOCUMENT-LAYER
 10
181.5139997459995
 20
67.1564310388621
 30
0.0
  0
VERTEX
  5
27C0
  8
DOCUMENT-LAYER
 10
181.663858013716
 20
66.85162966725935
 30
0.0
  0
SEQEND
  5
2BE2
  8
DOCUMENT-LAYER
  0
POLYLINE
  5
1948
  8
DOCUMENT-LAYER
 66
     1
 10
0.0
 20
0.0
 30
0.0
 40
0.1
 41
0.1
  0
VERTEX
  5
27C1
  8
DOCUMENT-LAYER
 10
178.5605674371349
 20
39.00015925831853
 30
0.0
  0
VERTEX
  5
27C2
  8
DOCUMENT-LAYER
 10
178.7577891795784
 20
38.26412014224029
 30
0.0
  0
SEQEND
  5
2BE3
  8
DOCUMENT-LAYER
  0
POLYLINE
  5
1949
  8
DOCUMENT-LAYER
 66
     1
 10
0.0
 20
0.0
 30
0.0
 40
0.1
 41
0.1
  0
VERTEX
  5
27C3
  8
DOCUMENT-LAYER
 10
178.2103456946914
 20
41.73620497840995
 30
0.0
  0
VERTEX
  5
27C4
  8
DOCUMENT-LAYER
 10
178.4075674371349
 20
41.00016586233172
 30
0.0
  0
SEQEND
  5
2BE4
  8
DOCUMENT-LAYER
  0
POLYLINE
  5
1950
  8
DOCUMENT-LAYER
 66
     1
 10
0.0
 20
0.0
 30
0.0
 40
0.1
 41
0.1
  0
VERTEX
  5
27C5
  8
DOCUMENT-LAYER
 10
178.4075674371349
 20
41.00016586233172
 30
0.0
  0
VERTEX
  5
27C6
  8
DOCUMENT-LAYER
 10
178.4075674371349
 20
61.65731140462282
 30
0.0
  0
SEQEND
  5
2BE5
  8
DOCUMENT-LAYER
  0
POLYLINE
  5
1951
  8
DOCUMENT-LAYER
 66
     1
 10
0.0
 20
0.0
 30
0.0
 40
0.1
 41
0.1
  0
VERTEX
  5
27C7
  8
DOCUMENT-LAYER
 10
178.4075674371349
 20
79.38658242316487
 30
0.0
  0
VERTEX
  5
27C8
  8
DOCUMENT-LAYER
 10
178.4075674371349
 20
100.0437231394463
 30
0.0
  0
SEQEND
  5
2BE6
  8
DOCUMENT-LAYER
  0
POLYLINE
  5
1952
  8
DOCUMENT-LAYER
 66
     1
 10
0.0
 20
0.0
 30
0.0
 40
0.1
 41
0.1
  0
VERTEX
  5
27C9
  8
DOCUMENT-LAYER
 10
178.5605674371349
 20
0.0
 30
0.0
  0
VERTEX
  5
27CA
  8
DOCUMENT-LAYER
 10
178.5605674371349
 20
10.63544424688849
 30
0.0
  0
SEQEND
  5
2BE7
  8
DOCUMENT-LAYER
  0
POLYLINE
  5
1953
  8
DOCUMENT-LAYER
 66
     1
 10
0.0
 20
0.0
 30
0.0
 40
0.1
 41
0.1
  0
VERTEX
  5
27CB
  8
DOCUMENT-LAYER
 10
178.5605674371349
 20
28.36471501143002
 30
0.0
  0
VERTEX
  5
27CC
  8
DOCUMENT-LAYER
 10
178.5605674371349
 20
39.00015925831853
 30
0.0
  0
SEQEND
  5
2BE8
  8
DOCUMENT-LAYER
  0
POLYLINE
  5
1954
  8
DOCUMENT-LAYER
 66
     1
 10
0.0
 20
0.0
 30
0.0
 40
0.1
 41
0.1
  0
VERTEX
  5
27CD
  8
DOCUMENT-LAYER
 10
179.5429494538989
 20
71.06550673101347
 30
0.0
  0
VERTEX
  5
27CE
  8
DOCUMENT-LAYER
 10
179.5429494538989
 20
71.3677678435357
 30
0.0
  0
SEQEND
  5
2BE9
  8
DOCUMENT-LAYER
  0
POLYLINE
  5
1955
  8
DOCUMENT-LAYER
 66
     1
 10
0.0
 20
0.0
 30
0.0
 40
0.1
 41
0.1
  0
VERTEX
  5
27CF
  8
DOCUMENT-LAYER
 10
179.5429494538989
 20
75.24890347980697
 30
0.0
  0
VERTEX
  5
27D0
  8
DOCUMENT-LAYER
 10
179.5429494538989
 20
75.55370713741429
 30
0.0
  0
SEQEND
  5
2BEA
  8
DOCUMENT-LAYER
  0
POLYLINE
  5
1956
  8
DOCUMENT-LAYER
 66
     1
 10
0.0
 20
0.0
 30
0.0
 40
0.1
 41
0.1
  0
VERTEX
  5
27D1
  8
DOCUMENT-LAYER
 10
179.5429494538989
 20
78.09879730759462
 30
0.0
  0
VERTEX
  5
27D2
  8
DOCUMENT-LAYER
 10
179.5429494538989
 20
78.55345669291339
 30
0.0
  0
SEQEND
  5
2BEB
  8
DOCUMENT-LAYER
  0
POLYLINE
  5
1957
  8
DOCUMENT-LAYER
 66
     1
 10
0.0
 20
0.0
 30
0.0
 40
0.1
 41
0.1
  0
VERTEX
  5
27D3
  8
DOCUMENT-LAYER
 10
179.695951993904
 20
20.04364185928373
 30
0.0
  0
VERTEX
  5
27D4
  8
DOCUMENT-LAYER
 10
179.695951993904
 20
20.34590297180594
 30
0.0
  0
SEQEND
  5
2BEC
  8
DOCUMENT-LAYER
  0
POLYLINE
  5
1958
  8
DOCUMENT-LAYER
 66
     1
 10
0.0
 20
0.0
 30
0.0
 40
0.1
 41
0.1
  0
VERTEX
  5
27D5
  8
DOCUMENT-LAYER
 10
179.695951993904
 20
24.22703860807722
 30
0.0
  0
VERTEX
  5
27D6
  8
DOCUMENT-LAYER
 10
179.695951993904
 20
24.53183972567946
 30
0.0
  0
SEQEND
  5
2BED
  8
DOCUMENT-LAYER
  0
POLYLINE
  5
1959
  8
DOCUMENT-LAYER
 66
     1
 10
0.0
 20
0.0
 30
0.0
 40
0.1
 41
0.1
  0
VERTEX
  5
27D7
  8
DOCUMENT-LAYER
 10
179.695951993904
 20
27.0769298958598
 30
0.0
  0
VERTEX
  5
27D8
  8
DOCUMENT-LAYER
 10
179.695951993904
 20
27.53159182118365
 30
0.0
  0
SEQEND
  5
2BEE
  8
DOCUMENT-LAYER
  0
POLYLINE
  5
1960
  8
DOCUMENT-LAYER
 66
     1
 10
0.0
 20
0.0
 30
0.0
 40
0.1
 41
0.1
  0
VERTEX
  5
27D9
  8
DOCUMENT-LAYER
 10
180.7570744221489
 20
75.24890347980697
 30
0.0
  0
VERTEX
  5
27DA
  8
DOCUMENT-LAYER
 10
180.7570744221489
 20
75.40130403860809
 30
0.0
  0
SEQEND
  5
2BEF
  8
DOCUMENT-LAYER
  0
POLYLINE
  5
1961
  8
DOCUMENT-LAYER
 66
     1
 10
0.0
 20
0.0
 30
0.0
 40
0.1
 41
0.1
  0
VERTEX
  5
27DB
  8
DOCUMENT-LAYER
 10
180.9100769621539
 20
24.22703860807722
 30
0.0
  0
VERTEX
  5
27DC
  8
DOCUMENT-LAYER
 10
180.9100769621539
 20
24.37943916687834
 30
0.0
  0
SEQEND
  5
2BF0
  8
DOCUMENT-LAYER
  0
POLYLINE
  5
1962
  8
DOCUMENT-LAYER
 66
     1
 10
0.0
 20
0.0
 30
0.0
 40
0.1
 41
0.1
  0
VERTEX
  5
27DD
  8
DOCUMENT-LAYER
 10
181.663858013716
 20
62.1881711963424
 30
0.0
  0
VERTEX
  5
27DE
  8
DOCUMENT-LAYER
 10
181.663858013716
 20
62.64029286258572
 30
0.0
  0
SEQEND
  5
2BF1
  8
DOCUMENT-LAYER
  0
POLYLINE
  5
1963
  8
DOCUMENT-LAYER
 66
     1
 10
0.0
 20
0.0
 30
0.0
 40
0.1
 41
0.1
  0
VERTEX
  5
27DF
  8
DOCUMENT-LAYER
 10
181.663858013716
 20
63.85441783083566
 30
0.0
  0
VERTEX
  5
27E0
  8
DOCUMENT-LAYER
 10
181.663858013716
 20
64.30907950215901
 30
0.0
  0
SEQEND
  5
2BF2
  8
DOCUMENT-LAYER
  0
POLYLINE
  5
1964
  8
DOCUMENT-LAYER
 66
     1
 10
0.0
 20
0.0
 30
0.0
 40
0.1
 41
0.1
  0
VERTEX
  5
27E1
  8
DOCUMENT-LAYER
 10
181.663858013716
 20
66.39950800101602
 30
0.0
  0
VERTEX
  5
27E2
  8
DOCUMENT-LAYER
 10
181.663858013716
 20
66.85162966725935
 30
0.0
  0
SEQEND
  5
2BF3
  8
DOCUMENT-LAYER
  0
POLYLINE
  5
1965
  8
DOCUMENT-LAYER
 66
     1
 10
0.0
 20
0.0
 30
0.0
 40
0.1
 41
0.1
  0
VERTEX
  5
27E3
  8
DOCUMENT-LAYER
 10
181.663858013716
 20
68.06575717551436
 30
0.0
  0
VERTEX
  5
27E4
  8
DOCUMENT-LAYER
 10
181.663858013716
 20
68.52041656083313
 30
0.0
  0
SEQEND
  5
2BF4
  8
DOCUMENT-LAYER
  0
POLYLINE
  5
1966
  8
DOCUMENT-LAYER
 66
     1
 10
0.0
 20
0.0
 30
0.0
 40
0.1
 41
0.1
  0
VERTEX
  5
27E5
  8
DOCUMENT-LAYER
 10
181.663858013716
 20
78.09879730759462
 30
0.0
  0
VERTEX
  5
27E6
  8
DOCUMENT-LAYER
 10
181.663858013716
 20
78.55345669291339
 30
0.0
  0
SEQEND
  5
2BF5
  8
DOCUMENT-LAYER
  0
POLYLINE
  5
1967
  8
DOCUMENT-LAYER
 66
     1
 10
0.0
 20
0.0
 30
0.0
 40
0.1
 41
0.1
  0
VERTEX
  5
27E7
  8
DOCUMENT-LAYER
 10
181.6669974599949
 20
26.77466878333757
 30
0.0
  0
VERTEX
  5
27E8
  8
DOCUMENT-LAYER
 10
181.6669974599949
 20
27.22933045466091
 30
0.0
  0
SEQEND
  5
2BF6
  8
DOCUMENT-LAYER
  0
POLYLINE
  5
1968
  8
DOCUMENT-LAYER
 66
     1
 10
0.0
 20
0.0
 30
0.0
 40
0.1
 41
0.1
  0
VERTEX
  5
27E9
  8
DOCUMENT-LAYER
 10
181.8168580137161
 20
11.16630632461265
 30
0.0
  0
VERTEX
  5
27EA
  8
DOCUMENT-LAYER
 10
181.8168580137161
 20
11.61842799085599
 30
0.0
  0
SEQEND
  5
2BF7
  8
DOCUMENT-LAYER
  0
POLYLINE
  5
1969
  8
DOCUMENT-LAYER
 66
     1
 10
0.0
 20
0.0
 30
0.0
 40
0.1
 41
0.1
  0
VERTEX
  5
27EB
  8
DOCUMENT-LAYER
 10
181.8168580137161
 20
12.83255295910591
 30
0.0
  0
VERTEX
  5
27EC
  8
DOCUMENT-LAYER
 10
181.8168580137161
 20
13.28721488442977
 30
0.0
  0
SEQEND
  5
2BF8
  8
DOCUMENT-LAYER
  0
POLYLINE
  5
1970
  8
DOCUMENT-LAYER
 66
     1
 10
0.0
 20
0.0
 30
0.0
 40
0.1
 41
0.1
  0
VERTEX
  5
27ED
  8
DOCUMENT-LAYER
 10
181.8168580137161
 20
15.37764312928626
 30
0.0
  0
VERTEX
  5
27EE
  8
DOCUMENT-LAYER
 10
181.8168580137161
 20
15.8297650495301
 30
0.0
  0
SEQEND
  5
2BF9
  8
DOCUMENT-LAYER
  0
POLYLINE
  5
1971
  8
DOCUMENT-LAYER
 66
     1
 10
0.0
 20
0.0
 30
0.0
 40
0.1
 41
0.1
  0
VERTEX
  5
27EF
  8
DOCUMENT-LAYER
 10
181.8168580137161
 20
17.04388976377953
 30
0.0
  0
VERTEX
  5
27F0
  8
DOCUMENT-LAYER
 10
181.8168580137161
 20
17.49855168910338
 30
0.0
  0
SEQEND
  5
2BFA
  8
DOCUMENT-LAYER
  0
POLYLINE
  5
1972
  8
DOCUMENT-LAYER
 66
     1
 10
0.0
 20
0.0
 30
0.0
 40
0.1
 41
0.1
  0
VERTEX
  5
27F1
  8
DOCUMENT-LAYER
 10
182.7255847091695
 20
71.06550673101347
 30
0.0
  0
VERTEX
  5
27F2
  8
DOCUMENT-LAYER
 10
182.7255847091695
 20
71.3677678435357
 30
0.0
  0
SEQEND
  5
2BFB
  8
DOCUMENT-LAYER
  0
POLYLINE
  5
1973
  8
DOCUMENT-LAYER
 66
     1
 10
0.0
 20
0.0
 30
0.0
 40
0.1
 41
0.1
  0
VERTEX
  5
27F3
  8
DOCUMENT-LAYER
 10
182.7255847091695
 20
75.24890347980697
 30
0.0
  0
VERTEX
  5
27F4
  8
DOCUMENT-LAYER
 10
182.7255847091695
 20
75.40130403860809
 30
0.0
  0
SEQEND
  5
2BFC
  8
DOCUMENT-LAYER
  0
POLYLINE
  5
1974
  8
DOCUMENT-LAYER
 66
     1
 10
0.0
 20
0.0
 30
0.0
 40
0.1
 41
0.1
  0
VERTEX
  5
27F5
  8
DOCUMENT-LAYER
 10
182.7255847091695
 20
77.49173228346457
 30
0.0
  0
VERTEX
  5
27F6
  8
DOCUMENT-LAYER
 10
182.7255847091695
 20
79.00811836423674
 30
0.0
  0
SEQEND
  5
2BFD
  8
DOCUMENT-LAYER
  0
POLYLINE
  5
1975
  8
DOCUMENT-LAYER
 66
     1
 10
0.0
 20
0.0
 30
0.0
 40
0.1
 41
0.1
  0
VERTEX
  5
27F7
  8
DOCUMENT-LAYER
 10
182.8785847091694
 20
20.04364185928373
 30
0.0
  0
VERTEX
  5
27F8
  8
DOCUMENT-LAYER
 10
182.8785847091694
 20
20.34590297180594
 30
0.0
  0
SEQEND
  5
2BFE
  8
DOCUMENT-LAYER
  0
POLYLINE
  5
1976
  8
DOCUMENT-LAYER
 66
     1
 10
0.0
 20
0.0
 30
0.0
 40
0.1
 41
0.1
  0
VERTEX
  5
27F9
  8
DOCUMENT-LAYER
 10
182.8785847091694
 20
24.22703860807722
 30
0.0
  0
VERTEX
  5
27FA
  8
DOCUMENT-LAYER
 10
182.8785847091694
 20
24.37943916687834
 30
0.0
  0
SEQEND
  5
2BFF
  8
DOCUMENT-LAYER
  0
POLYLINE
  5
1977
  8
DOCUMENT-LAYER
 66
     1
 10
0.0
 20
0.0
 30
0.0
 40
0.1
 41
0.1
  0
VERTEX
  5
27FB
  8
DOCUMENT-LAYER
 10
182.8785847091694
 20
26.32000685801372
 30
0.0
  0
VERTEX
  5
27FC
  8
DOCUMENT-LAYER
 10
182.8785847091694
 20
27.98625349250698
 30
0.0
  0
SEQEND
  5
2C00
  8
DOCUMENT-LAYER
  0
POLYLINE
  5
1978
  8
DOCUMENT-LAYER
 66
     1
 10
0.0
 20
0.0
 30
0.0
 40
0.1
 41
0.1
  0
VERTEX
  5
27FD
  8
DOCUMENT-LAYER
 10
178.4075674371349
 20
41.00016586233172
 30
0.0
  0
VERTEX
  5
27FE
  8
DOCUMENT-LAYER
 10
178.6047866395733
 20
41.73620497840995
 30
0.0
  0
SEQEND
  5
2C01
  8
DOCUMENT-LAYER
  0
POLYLINE
  5
1979
  8
DOCUMENT-LAYER
 66
     1
 10
0.0
 20
0.0
 30
0.0
 40
0.1
 41
0.1
  0
VERTEX
  5
27FF
  8
DOCUMENT-LAYER
 10
178.3633459486919
 20
38.26412014224029
 30
0.0
  0
VERTEX
  5
2800
  8
DOCUMENT-LAYER
 10
178.5605674371349
 20
39.00015925831853
 30
0.0
  0
SEQEND
  5
2C02
  8
DOCUMENT-LAYER
  0
POLYLINE
  5
1980
  8
DOCUMENT-LAYER
 66
     1
 10
0.0
 20
0.0
 30
0.0
 40
0.1
 41
0.1
  0
VERTEX
  5
2801
  8
DOCUMENT-LAYER
 10
178.5605674371349
 20
0.0
 30
0.0
  0
VERTEX
  5
2802
  8
DOCUMENT-LAYER
 10
178.7577891795784
 20
0.7360391160782314
 30
0.0
  0
SEQEND
  5
2C03
  8
DOCUMENT-LAYER
  0
POLYLINE
  5
1981
  8
DOCUMENT-LAYER
 66
     1
 10
0.0
 20
0.0
 30
0.0
 40
0.1
 41
0.1
  0
VERTEX
  5
2803
  8
DOCUMENT-LAYER
 10
180.9100769621539
 20
24.37943916687834
 30
0.0
  0
VERTEX
  5
2804
  8
DOCUMENT-LAYER
 10
181.0599375158751
 20
24.83410363220726
 30
0.0
  0
SEQEND
  5
2C04
  8
DOCUMENT-LAYER
  0
POLYLINE
  5
1982
  8
DOCUMENT-LAYER
 66
     1
 10
0.0
 20
0.0
 30
0.0
 40
0.1
 41
0.1
  0
VERTEX
  5
2805
  8
DOCUMENT-LAYER
 10
182.5731841503683
 20
74.79424155448311
 30
0.0
  0
VERTEX
  5
2806
  8
DOCUMENT-LAYER
 10
182.7255847091695
 20
75.24890347980697
 30
0.0
  0
SEQEND
  5
2C05
  8
DOCUMENT-LAYER
  0
POLYLINE
  5
1983
  8
DOCUMENT-LAYER
 66
     1
 10
0.0
 20
0.0
 30
0.0
 40
0.1
 41
0.1
  0
VERTEX
  5
2807
  8
DOCUMENT-LAYER
 10
182.5731841503683
 20
70.61084734569471
 30
0.0
  0
VERTEX
  5
2808
  8
DOCUMENT-LAYER
 10
182.7255847091695
 20
71.06550673101347
 30
0.0
  0
SEQEND
  5
2C06
  8
DOCUMENT-LAYER
  0
POLYLINE
  5
1984
  8
DOCUMENT-LAYER
 66
     1
 10
0.0
 20
0.0
 30
0.0
 40
0.1
 41
0.1
  0
VERTEX
  5
2809
  8
DOCUMENT-LAYER
 10
179.695951993904
 20
27.53159182118365
 30
0.0
  0
VERTEX
  5
280A
  8
DOCUMENT-LAYER
 10
179.8483525527051
 20
27.98625349250698
 30
0.0
  0
SEQEND
  5
2C07
  8
DOCUMENT-LAYER
  0
POLYLINE
  5
1985
  8
DOCUMENT-LAYER
 66
     1
 10
0.0
 20
0.0
 30
0.0
 40
0.1
 41
0.1
  0
VERTEX
  5
280B
  8
DOCUMENT-LAYER
 10
179.695951993904
 20
20.34590297180594
 30
0.0
  0
VERTEX
  5
280C
  8
DOCUMENT-LAYER
 10
179.8483525527051
 20
20.80056489712979
 30
0.0
  0
SEQEND
  5
2C08
  8
DOCUMENT-LAYER
  0
POLYLINE
  5
1986
  8
DOCUMENT-LAYER
 66
     1
 10
0.0
 20
0.0
 30
0.0
 40
0.1
 41
0.1
  0
VERTEX
  5
280D
  8
DOCUMENT-LAYER
 10
182.7261841503683
 20
23.77237668275338
 30
0.0
  0
VERTEX
  5
280E
  8
DOCUMENT-LAYER
 10
182.8785847091694
 20
24.22703860807722
 30
0.0
  0
SEQEND
  5
2C09
  8
DOCUMENT-LAYER
  0
POLYLINE
  5
1987
  8
DOCUMENT-LAYER
 66
     1
 10
0.0
 20
0.0
 30
0.0
 40
0.1
 41
0.1
  0
VERTEX
  5
280F
  8
DOCUMENT-LAYER
 10
182.7261841503683
 20
19.58897993395986
 30
0.0
  0
VERTEX
  5
2810
  8
DOCUMENT-LAYER
 10
182.8785847091694
 20
20.04364185928373
 30
0.0
  0
SEQEND
  5
2C0A
  8
DOCUMENT-LAYER
  0
POLYLINE
  5
1988
  8
DOCUMENT-LAYER
 66
     1
 10
0.0
 20
0.0
 30
0.0
 40
0.1
 41
0.1
  0
VERTEX
  5
2811
  8
DOCUMENT-LAYER
 10
179.695951993904
 20
24.53183972567946
 30
0.0
  0
VERTEX
  5
2812
  8
DOCUMENT-LAYER
 10
179.8483525527051
 20
24.98396164592329
 30
0.0
  0
SEQEND
  5
2C0B
  8
DOCUMENT-LAYER
  0
POLYLINE
  5
1989
  8
DOCUMENT-LAYER
 66
     1
 10
0.0
 20
0.0
 30
0.0
 40
0.1
 41
0.1
  0
VERTEX
  5
2813
  8
DOCUMENT-LAYER
 10
181.6669974599949
 20
16.73908864617729
 30
0.0
  0
VERTEX
  5
2814
  8
DOCUMENT-LAYER
 10
181.8168580137161
 20
17.04388976377953
 30
0.0
  0
SEQEND
  5
2C0C
  8
DOCUMENT-LAYER
  0
POLYLINE
  5
1990
  8
DOCUMENT-LAYER
 66
     1
 10
0.0
 20
0.0
 30
0.0
 40
0.1
 41
0.1
  0
VERTEX
  5
2815
  8
DOCUMENT-LAYER
 10
181.6669974599949
 20
15.07284201168402
 30
0.0
  0
VERTEX
  5
2816
  8
DOCUMENT-LAYER
 10
181.8168580137161
 20
15.37764312928626
 30
0.0
  0
SEQEND
  5
2C0D
  8
DOCUMENT-LAYER
  0
POLYLINE
  5
1991
  8
DOCUMENT-LAYER
 66
     1
 10
0.0
 20
0.0
 30
0.0
 40
0.1
 41
0.1
  0
VERTEX
  5
2817
  8
DOCUMENT-LAYER
 10
181.6669974599949
 20
12.52775184150368
 30
0.0
  0
VERTEX
  5
2818
  8
DOCUMENT-LAYER
 10
181.8168580137161
 20
12.83255295910591
 30
0.0
  0
SEQEND
  5
2C0E
  8
DOCUMENT-LAYER
  0
POLYLINE
  5
1992
  8
DOCUMENT-LAYER
 66
     1
 10
0.0
 20
0.0
 30
0.0
 40
0.1
 41
0.1
  0
VERTEX
  5
2819
  8
DOCUMENT-LAYER
 10
181.6669974599949
 20
10.86150774701549
 30
0.0
  0
VERTEX
  5
281A
  8
DOCUMENT-LAYER
 10
181.8168580137161
 20
11.16630632461265
 30
0.0
  0
SEQEND
  5
2C0F
  8
DOCUMENT-LAYER
  0
POLYLINE
  5
1993
  8
DOCUMENT-LAYER
 66
     1
 10
0.0
 20
0.0
 30
0.0
 40
0.1
 41
0.1
  0
VERTEX
  5
281B
  8
DOCUMENT-LAYER
 10
181.5145991871984
 20
26.46986741173482
 30
0.0
  0
VERTEX
  5
281C
  8
DOCUMENT-LAYER
 10
181.6669974599949
 20
26.77466878333757
 30
0.0
  0
SEQEND
  5
2C10
  8
DOCUMENT-LAYER
  0
POLYLINE
  5
1994
  8
DOCUMENT-LAYER
 66
     1
 10
0.0
 20
0.0
 30
0.0
 40
0.1
 41
0.1
  0
VERTEX
  5
281D
  8
DOCUMENT-LAYER
 10
142.4445186690373
 20
-3.427520193040386
 30
0.0
  0
VERTEX
  5
281E
  8
DOCUMENT-LAYER
 10
142.8991828803658
 20
-2.972858267716532
 30
0.0
  0
SEQEND
  5
2C11
  8
DOCUMENT-LAYER
  0
POLYLINE
  5
1995
  8
DOCUMENT-LAYER
 66
     1
 10
0.0
 20
0.0
 30
0.0
 40
0.1
 41
0.1
  0
VERTEX
  5
281F
  8
DOCUMENT-LAYER
 10
144.1107653035306
 20
-3.427520193040386
 30
0.0
  0
VERTEX
  5
2820
  8
DOCUMENT-LAYER
 10
144.5654297688596
 20
-2.972858267716532
 30
0.0
  0
SEQEND
  5
2C12
  8
DOCUMENT-LAYER
  0
POLYLINE
  5
1996
  8
DOCUMENT-LAYER
 66
     1
 10
0.0
 20
0.0
 30
0.0
 40
0.1
 41
0.1
  0
VERTEX
  5
2821
  8
DOCUMENT-LAYER
 10
146.655855473711
 20
-3.427520193040386
 30
0.0
  0
VERTEX
  5
2822
  8
DOCUMENT-LAYER
 10
147.1105199390399
 20
-2.972858267716532
 30
0.0
  0
SEQEND
  5
2C13
  8
DOCUMENT-LAYER
  0
POLYLINE
  5
1997
  8
DOCUMENT-LAYER
 66
     1
 10
0.0
 20
0.0
 30
0.0
 40
0.1
 41
0.1
  0
VERTEX
  5
2823
  8
DOCUMENT-LAYER
 10
148.3221046482093
 20
-3.427520193040386
 30
0.0
  0
VERTEX
  5
2824
  8
DOCUMENT-LAYER
 10
148.7767640335281
 20
-2.972858267716532
 30
0.0
  0
SEQEND
  5
2C14
  8
DOCUMENT-LAYER
  0
POLYLINE
  5
1998
  8
DOCUMENT-LAYER
 66
     1
 10
0.0
 20
0.0
 30
0.0
 40
0.1
 41
0.1
  0
VERTEX
  5
2825
  8
DOCUMENT-LAYER
 10
181.3647386334773
 20
26.32000685801372
 30
0.0
  0
VERTEX
  5
2826
  8
DOCUMENT-LAYER
 10
181.5145991871984
 20
26.46986741173482
 30
0.0
  0
SEQEND
  5
2C15
  8
DOCUMENT-LAYER
  0
POLYLINE
  5
1999
  8
DOCUMENT-LAYER
 66
     1
 10
0.0
 20
0.0
 30
0.0
 40
0.1
 41
0.1
  0
VERTEX
  5
2827
  8
DOCUMENT-LAYER
 10
180.1506139192279
 20
22.28647320294641
 30
0.0
  0
VERTEX
  5
2828
  8
DOCUMENT-LAYER
 10
180.303014478029
 20
22.43887147574295
 30
0.0
  0
SEQEND
  5
2C16
  8
DOCUMENT-LAYER
  0
POLYLINE
  5
2000
  8
DOCUMENT-LAYER
 66
     1
 10
0.0
 20
0.0
 30
0.0
 40
0.1
 41
0.1
  0
VERTEX
  5
2829
  8
DOCUMENT-LAYER
 10
180.303014478029
 20
22.13407010414021
 30
0.0
  0
VERTEX
  5
282A
  8
DOCUMENT-LAYER
 10
180.455412496825
 20
22.28647320294641
 30
0.0
  0
SEQEND
  5
2C17
  8
DOCUMENT-LAYER
  0
POLYLINE
  5
2001
  8
DOCUMENT-LAYER
 66
     1
 10
0.0
 20
0.0
 30
0.0
 40
0.1
 41
0.1
  0
VERTEX
  5
282B
  8
DOCUMENT-LAYER
 10
182.4239230378461
 20
23.47011557023114
 30
0.0
  0
VERTEX
  5
282C
  8
DOCUMENT-LAYER
 10
182.7261841503683
 20
23.77237668275338
 30
0.0
  0
SEQEND
  5
2C18
  8
DOCUMENT-LAYER
  0
POLYLINE
  5
2002
  8
DOCUMENT-LAYER
 66
     1
 10
0.0
 20
0.0
 30
0.0
 40
0.1
 41
0.1
  0
VERTEX
  5
282D
  8
DOCUMENT-LAYER
 10
181.0599375158751
 20
24.83410363220726
 30
0.0
  0
VERTEX
  5
282E
  8
DOCUMENT-LAYER
 10
181.3647386334773
 20
25.13636220472441
 30
0.0
  0
SEQEND
  5
2C19
  8
DOCUMENT-LAYER
  0
POLYLINE
  5
2003
  8
DOCUMENT-LAYER
 66
     1
 10
0.0
 20
0.0
 30
0.0
 40
0.1
 41
0.1
  0
VERTEX
  5
282F
  8
DOCUMENT-LAYER
 10
179.8483525527051
 20
27.98625349250698
 30
0.0
  0
VERTEX
  5
2830
  8
DOCUMENT-LAYER
 10
180.0007533655067
 20
28.13611430022861
 30
0.0
  0
SEQEND
  5
2C1A
  8
DOCUMENT-LAYER
  0
POLYLINE
  5
2004
  8
DOCUMENT-LAYER
 66
     1
 10
0.0
 20
0.0
 30
0.0
 40
0.1
 41
0.1
  0
VERTEX
  5
2831
  8
DOCUMENT-LAYER
 10
182.2715222250445
 20
19.28417881635763
 30
0.0
  0
VERTEX
  5
2832
  8
DOCUMENT-LAYER
 10
182.7261841503683
 20
19.58897993395986
 30
0.0
  0
SEQEND
  5
2C1B
  8
DOCUMENT-LAYER
  0
POLYLINE
  5
2005
  8
DOCUMENT-LAYER
 66
     1
 10
0.0
 20
0.0
 30
0.0
 40
0.1
 41
0.1
  0
VERTEX
  5
2833
  8
DOCUMENT-LAYER
 10
179.8483525527051
 20
20.80056489712979
 30
0.0
  0
VERTEX
  5
2834
  8
DOCUMENT-LAYER
 10
180.303014478029
 20
21.10282600965202
 30
0.0
  0
SEQEND
  5
2C1C
  8
DOCUMENT-LAYER
  0
POLYLINE
  5
2006
  8
DOCUMENT-LAYER
 66
     1
 10
0.0
 20
0.0
 30
0.0
 40
0.1
 41
0.1
  0
VERTEX
  5
2835
  8
DOCUMENT-LAYER
 10
147.1105199390399
 20
-2.972858267716532
 30
0.0
  0
VERTEX
  5
2836
  8
DOCUMENT-LAYER
 10
147.412778511557
 20
-2.822997713995432
 30
0.0
  0
SEQEND
  5
2C1D
  8
DOCUMENT-LAYER
  0
POLYLINE
  5
2007
  8
DOCUMENT-LAYER
 66
     1
 10
0.0
 20
0.0
 30
0.0
 40
0.1
 41
0.1
  0
VERTEX
  5
2837
  8
DOCUMENT-LAYER
 10
148.7767640335281
 20
-2.972858267716532
 30
0.0
  0
VERTEX
  5
2838
  8
DOCUMENT-LAYER
 10
149.0815651511303
 20
-2.822997713995432
 30
0.0
  0
SEQEND
  5
2C1E
  8
DOCUMENT-LAYER
  0
POLYLINE
  5
2008
  8
DOCUMENT-LAYER
 66
     1
 10
0.0
 20
0.0
 30
0.0
 40
0.1
 41
0.1
  0
VERTEX
  5
2839
  8
DOCUMENT-LAYER
 10
179.5429494538989
 20
71.06550673101347
 30
0.0
  0
VERTEX
  5
283A
  8
DOCUMENT-LAYER
 10
179.6953525527051
 20
70.61084734569471
 30
0.0
  0
SEQEND
  5
2C1F
  8
DOCUMENT-LAYER
  0
POLYLINE
  5
2009
  8
DOCUMENT-LAYER
 66
     1
 10
0.0
 20
0.0
 30
0.0
 40
0.1
 41
0.1
  0
VERTEX
  5
283B
  8
DOCUMENT-LAYER
 10
179.5429494538989
 20
75.24890347980697
 30
0.0
  0
VERTEX
  5
283C
  8
DOCUMENT-LAYER
 10
179.6953525527051
 20
74.79424155448311
 30
0.0
  0
SEQEND
  5
2C20
  8
DOCUMENT-LAYER
  0
POLYLINE
  5
2010
  8
DOCUMENT-LAYER
 66
     1
 10
0.0
 20
0.0
 30
0.0
 40
0.1
 41
0.1
  0
VERTEX
  5
283D
  8
DOCUMENT-LAYER
 10
179.5429494538989
 20
78.09879730759462
 30
0.0
  0
VERTEX
  5
283E
  8
DOCUMENT-LAYER
 10
179.6953525527051
 20
77.64413284226569
 30
0.0
  0
SEQEND
  5
2C21
  8
DOCUMENT-LAYER
  0
POLYLINE
  5
2011
  8
DOCUMENT-LAYER
 66
     1
 10
0.0
 20
0.0
 30
0.0
 40
0.1
 41
0.1
  0
VERTEX
  5
283F
  8
DOCUMENT-LAYER
 10
182.5731841503683
 20
71.82243230886462
 30
0.0
  0
VERTEX
  5
2840
  8
DOCUMENT-LAYER
 10
182.7255847091695
 20
71.3677678435357
 30
0.0
  0
SEQEND
  5
2C22
  8
DOCUMENT-LAYER
  0
POLYLINE
  5
2012
  8
DOCUMENT-LAYER
 66
     1
 10
0.0
 20
0.0
 30
0.0
 40
0.1
 41
0.1
  0
VERTEX
  5
2841
  8
DOCUMENT-LAYER
 10
182.5731841503683
 20
75.85596570993143
 30
0.0
  0
VERTEX
  5
2842
  8
DOCUMENT-LAYER
 10
182.7255847091695
 20
75.40130403860809
 30
0.0
  0
SEQEND
  5
2C23
  8
DOCUMENT-LAYER
  0
POLYLINE
  5
2013
  8
DOCUMENT-LAYER
 66
     1
 10
0.0
 20
0.0
 30
0.0
 40
0.1
 41
0.1
  0
VERTEX
  5
2843
  8
DOCUMENT-LAYER
 10
180.7570744221489
 20
75.24890347980697
 30
0.0
  0
VERTEX
  5
2844
  8
DOCUMENT-LAYER
 10
180.906937515875
 20
74.79424155448311
 30
0.0
  0
SEQEND
  5
2C24
  8
DOCUMENT-LAYER
  0
POLYLINE
  5
2014
  8
DOCUMENT-LAYER
 66
     1
 10
0.0
 20
0.0
 30
0.0
 40
0.1
 41
0.1
  0
VERTEX
  5
2845
  8
DOCUMENT-LAYER
 10
181.5139997459995
 20
79.00811836423674
 30
0.0
  0
VERTEX
  5
2846
  8
DOCUMENT-LAYER
 10
181.663858013716
 20
78.55345669291339
 30
0.0
  0
SEQEND
  5
2C25
  8
DOCUMENT-LAYER
  0
POLYLINE
  5
2015
  8
DOCUMENT-LAYER
 66
     1
 10
0.0
 20
0.0
 30
0.0
 40
0.1
 41
0.1
  0
VERTEX
  5
2847
  8
DOCUMENT-LAYER
 10
178.4075674371349
 20
100.0437231394463
 30
0.0
  0
VERTEX
  5
2848
  8
DOCUMENT-LAYER
 10
178.6047866395733
 20
99.30768656337315
 30
0.0
  0
SEQEND
  5
2C26
  8
DOCUMENT-LAYER
  0
TEXT
  5
2017
  8
DOCUMENT-LAYER
 10
128.7183665227331
 20
15.82071374142748
 30
0.0
 40
2.071013208026416
  1
请勿布局布线
 41
1.1
 11
128.7183665227331
 21
17.8917269494539
 31
0.0
 73
     3
  0
TEXT
  5
2018
  8
DOCUMENT-LAYER
 10
130.775792481585
 20
22.79117729235458
 30
0.0
 40
2.071013208026416
  1
辅助块区域
 41
1.1
 11
130.775792481585
 21
24.86219050038099
 31
0.0
 73
     3
  0
TEXT
  5
2019
  8
DOCUMENT-LAYER
 10
-0.567149098298197
 20
140.9102921005842
 30
0.0
 40
2.958589027178054
  1
说明:
 41
1.1
 11
-0.567149098298197
 21
143.8688811277623
 31
0.0
 73
     3
  0
TEXT
  5
2020
  8
DOCUMENT-LAYER
 10
-0.567149098298197
 20
134.3168676657354
 30
0.0
 40
2.958589027178054
  1
1、尺寸单位:mm;
 41
1.1
 11
-0.567149098298197
 21
137.2754566929134
 31
0.0
 73
     3
  0
TEXT
  5
2021
  8
DOCUMENT-LAYER
 10
-0.567149098298197
 20
127.7234432308865
 30
0.0
 40
2.958589027178054
  1
2、5个螺钉孔中心距离两个最近的边5mm;
 41
1.1
 11
-0.567149098298197
 21
130.6820322580645
 31
0.0
 73
     3
  0
TEXT
  5
2022
  8
DOCUMENT-LAYER
 10
-0.567149098298197
 20
121.1300187960376
 30
0.0
 40
2.958589027178054
  1
3、接口器件及开关参考DXF文件中的孔位或丝印定位摆放。
 41
1.1
 11
-0.567149098298197
 21
124.0886078232157
 31
0.0
 73
     3
  0
TEXT
  5
2023
  8
DOCUMENT-LAYER
 10
145.8284353568708
 20
77.53158801117603
 30
0.0
 40
1.53846380492761
  1
41.4
 41
1.1
 11
145.8284353568708
 21
79.07005181610364
 31
0.0
 73
     3
  0
TEXT
  5
2024
  8
DOCUMENT-LAYER
 10
153.2030137160274
 20
92.48089865379731
 30
0.0
 40
1.53846380492761
  1
11.9
 41
1.1
 11
153.2030137160274
 21
94.01936245872493
 31
0.0
 73
     3
  0
TEXT
  5
2025
  8
DOCUMENT-LAYER
 10
0.6121254762509554
 20
9.38990932181865
 30
0.0
 40
1.53846380492761
  1
21.8
 41
1.1
 11
0.6121254762509554
 21
10.92837312674626
 31
0.0
 73
     3
  0
TEXT
  5
2026
  8
DOCUMENT-LAYER
 10
122.4703418846838
 20
92.93364947929896
 30
0.0
 40
1.53846380492761
  1
10.0
 41
1.1
 11
122.4703418846838
 21
94.47211328422658
 31
0.0
 73
     3
  0
TEXT
  5
2027
  8
DOCUMENT-LAYER
 10
92.43122174244348
 20
94.97365786131571
 30
0.0
 40
1.53846380492761
  1
6.3
 41
1.1
 11
92.43122174244348
 21
96.51212166624333
 31
0.0
 73
     3
  0
TEXT
  5
2028
  8
DOCUMENT-LAYER
 10
56.97528702057404
 20
97.39311607823217
 30
0.0
 40
1.53846380492761
  1
2.2
 41
1.1
 11
56.97528702057404
 21
98.93157988315978
 31
0.0
 73
     3
  0
TEXT
  5
2029
  8
DOCUMENT-LAYER
 10
11.20443129286259
 20
94.25965481330964
 30
0.0
 40
1.53846380492761
  1
7.6
 41
1.1
 11
11.20443129286259
 21
95.79811861823725
 31
0.0
 73
     3
  0
TEXT
  5
2030
  8
DOCUMENT-LAYER
 10
5.475656337312675
 20
23.15531775463552
 30
0.0
 40
1.53846380492761
  1
16.9
 41
1.1
 11
5.475656337312675
 21
24.69378155956313
 31
0.0
 73
     3
  0
TEXT
  5
2031
  8
DOCUMENT-LAYER
 10
163.3427541275083
 20
58.62617805435612
 30
0.0
 40
1.53846380492761
  1
7.8
 41
1.1
 11
163.3427541275083
 21
60.16464185928373
 31
0.0
 73
     3
  0
TEXT
  5
2032
  8
DOCUMENT-LAYER
 10
163.4712946405893
 20
102.9662857505715
 30
0.0
 40
1.53846380492761
  1
7.9
 41
1.1
 11
163.4712946405893
 21
104.5047495554991
 31
0.0
 73
     3
  0
TEXT
  5
2033
  8
DOCUMENT-LAYER
 10
60.26190271780546
 20
62.1954663449327
 30
0.0
 40
1.53846380492761
  1
128.0
 41
1.1
 11
60.26190271780546
 21
63.73393014986031
 31
0.0
 73
     3
  0
TEXT
  5
2034
  8
DOCUMENT-LAYER
 10
46.12260807721616
 20
67.03543891287784
 30
0.0
 40
1.53846380492761
  1
97.3
 41
1.1
 11
46.12260807721616
 21
68.57390271780545
 31
0.0
 73
     3
  0
TEXT
  5
2035
  8
DOCUMENT-LAYER
 10
37.19260782321565
 20
71.92782118364237
 30
0.0
 40
1.53846380492761
  1
79.3
 41
1.1
 11
37.19260782321565
 21
73.46628498856998
 31
0.0
 73
     3
  0
TEXT
  5
2036
  8
DOCUMENT-LAYER
 10
29.45960553721108
 20
76.02176352552706
 30
0.0
 40
1.53846380492761
  1
63.9
 41
1.1
 11
29.45960553721108
 21
77.56022733045468
 31
0.0
 73
     3
  0
TEXT
  5
2037
  8
DOCUMENT-LAYER
 10
21.37891008382017
 20
79.91408407416814
 30
0.0
 40
1.53846380492761
  1
47.1
 41
1.1
 11
21.37891008382017
 21
81.45254787909576
 31
0.0
 73
     3
  0
TEXT
  5
2038
  8
DOCUMENT-LAYER
 10
13.14495986791974
 20
83.60988061976124
 30
0.0
 40
1.53846380492761
  1
31.6
 41
1.1
 11
13.14495986791974
 21
85.14834442468886
 31
0.0
 73
     3
  0
TEXT
  5
2039
  8
DOCUMENT-LAYER
 10
5.4652603505207
 20
87.67226187452376
 30
0.0
 40
1.53846380492761
  1
16.4
 41
1.1
 11
5.4652603505207
 21
89.21072567945137
 31
0.0
 73
     3
  0
TEXT
  5
2040
  8
DOCUMENT-LAYER
 10
-4.571166370332747
 20
95.95612496824995
 30
0.0
 40
1.53846380492761
  1
5
 41
1.1
 11
-4.571166370332747
 21
97.49458877317757
 31
0.0
 73
     3
  0
TEXT
  5
2041
  8
DOCUMENT-LAYER
 10
1.803859029718056
 20
103.1336903733808
 30
0.0
 40
1.53846380492761
  1
5
 41
1.1
 11
1.803859029718056
 21
104.6721541783084
 31
0.0
 73
     3
  0
ENDSEC
  0
EOF
